{"Mean":{"confidence_interval":{"confidence_level":0.95,"lower_bound":48.80684824503831,"upper_bound":48.99421897321346},"point_estimate":48.89340432939689,"standard_error":0.0481435353658636},"Median":{"confidence_interval":{"confidence_level":0.95,"lower_bound":48.71983743010105,"upper_bound":48.810425500956185},"point_estimate":48.755677330173775,"standard_error":0.025515677540866494},"MedianAbsDev":{"confidence_interval":{"confidence_level":0.95,"lower_bound":0.12669467047847321,"upper_bound":0.21853114823891723},"point_estimate":0.16566975072714726,"standard_error":0.02269377012806543},"Slope":{"confidence_interval":{"confidence_level":0.95,"lower_bound":48.87200940126438,"upper_bound":49.07463682070827},"point_estimate":48.96737342232225,"standard_error":0.05180447277268858},"StdDev":{"confidence_interval":{"confidence_level":0.95,"lower_bound":0.2943296310019433,"upper_bound":0.6449932448707897},"point_estimate":0.4828832872445027,"standard_error":0.09021667326044805}}