{"Mean":{"confidence_interval":{"confidence_level":0.95,"lower_bound":29.90241732131325,"upper_bound":30.349896126268472},"point_estimate":30.071420136493472,"standard_error":0.12137617578592806},"Median":{"confidence_interval":{"confidence_level":0.95,"lower_bound":29.849930722573664,"upper_bound":29.885839856712348},"point_estimate":29.870904637467927,"standard_error":0.009638639366996365},"MedianAbsDev":{"confidence_interval":{"confidence_level":0.95,"lower_bound":0.057626792217027434,"upper_bound":0.10127073658456699},"point_estimate":0.07855753098361713,"standard_error":0.01142628788775983},"Slope":{"confidence_interval":{"confidence_level":0.95,"lower_bound":29.925901853813524,"upper_bound":30.702367773362624},"point_estimate":30.207569789068504,"standard_error":0.21227398082939944},"StdDev":{"confidence_interval":{"confidence_level":0.95,"lower_bound":0.1918941955233977,"upper_bound":2.0364608451024857},"point_estimate":1.2191448486522696,"standard_error":0.5864582243816677}}