{"Mean":{"confidence_interval":{"confidence_level":0.95,"lower_bound":3667.332890487108,"upper_bound":3695.792581422421},"point_estimate":3680.330000376693,"standard_error":7.278603898697177},"Median":{"confidence_interval":{"confidence_level":0.95,"lower_bound":3653.9479553903348,"upper_bound":3662.654782020953},"point_estimate":3657.4936867625665,"standard_error":2.2536405089805545},"MedianAbsDev":{"confidence_interval":{"confidence_level":0.95,"lower_bound":16.34597879932857,"upper_bound":30.728105832550835},"point_estimate":23.023412204780062,"standard_error":3.618087977040873},"Slope":{"confidence_interval":{"confidence_level":0.95,"lower_bound":3681.7177944341865,"upper_bound":3741.3426801769547},"point_estimate":3708.3086041323436,"standard_error":15.393449479862644},"StdDev":{"confidence_interval":{"confidence_level":0.95,"lower_bound":40.861533866646525,"upper_bound":101.96373716682756},"point_estimate":73.14941245058469,"standard_error":15.858478232085927}}