{"Mean":{"confidence_interval":{"confidence_level":0.95,"lower_bound":3655.6116017982895,"upper_bound":3732.4681693214566},"point_estimate":3684.240612972854,"standard_error":21.223557842693765},"Median":{"confidence_interval":{"confidence_level":0.95,"lower_bound":3649.277763979563,"upper_bound":3654.1172191356745},"point_estimate":3651.650311068328,"standard_error":1.3422599841349094},"MedianAbsDev":{"confidence_interval":{"confidence_level":0.95,"lower_bound":9.666255156471497,"upper_bound":16.012227126808977},"point_estimate":12.99149215387062,"standard_error":1.5804525371599838},"Slope":{"confidence_interval":{"confidence_level":0.95,"lower_bound":3655.222161473809,"upper_bound":3680.6528133334023},"point_estimate":3665.0950439974326,"standard_error":6.664083684997828},"StdDev":{"confidence_interval":{"confidence_level":0.95,"lower_bound":28.2339421479721,"upper_bound":359.3772228067421},"point_estimate":213.73189907690943,"standard_error":107.2598727053197}}