{"Mean":{"confidence_interval":{"confidence_level":0.95,"lower_bound":3649.170475853711,"upper_bound":3750.9315051628164},"point_estimate":3693.4611889207795,"standard_error":26.192387189929864},"Median":{"confidence_interval":{"confidence_level":0.95,"lower_bound":3617.6991082828363,"upper_bound":3629.9781658414736},"point_estimate":3622.0754988913523,"standard_error":3.1542160004669837},"MedianAbsDev":{"confidence_interval":{"confidence_level":0.95,"lower_bound":16.086365123214595,"upper_bound":30.651591878829944},"point_estimate":20.041474738532326,"standard_error":3.4888071676064305},"Slope":{"confidence_interval":{"confidence_level":0.95,"lower_bound":3636.296445889564,"upper_bound":3674.549442649733},"point_estimate":3653.482716769227,"standard_error":9.772076827629759},"StdDev":{"confidence_interval":{"confidence_level":0.95,"lower_bound":86.4934937300566,"upper_bound":391.9344386339182},"point_estimate":264.4758294541728,"standard_error":79.61196693686998}}