{"Mean":{"confidence_interval":{"confidence_level":0.95,"lower_bound":867.6938658850971,"upper_bound":870.5848612895169},"point_estimate":869.0743164329359,"standard_error":0.7389570065641811},"Median":{"confidence_interval":{"confidence_level":0.95,"lower_bound":866.6668645798699,"upper_bound":868.6735179390458},"point_estimate":867.9914169210372,"standard_error":0.4664186688787143},"MedianAbsDev":{"confidence_interval":{"confidence_level":0.95,"lower_bound":3.1652147005903863,"upper_bound":5.8085103170549885},"point_estimate":4.400206231107912,"standard_error":0.7002168671593328},"Slope":{"confidence_interval":{"confidence_level":0.95,"lower_bound":867.504111576869,"upper_bound":872.3919087281172},"point_estimate":869.773537164618,"standard_error":1.253996244058103},"StdDev":{"confidence_interval":{"confidence_level":0.95,"lower_bound":5.586151487222073,"upper_bound":9.04308388833315},"point_estimate":7.415437048026302,"standard_error":0.8868229483396969}}