{"Mean":{"confidence_interval":{"confidence_level":0.95,"lower_bound":882.5587702713591,"upper_bound":888.7140777829676},"point_estimate":885.1516872454638,"standard_error":1.5939179351598252},"Median":{"confidence_interval":{"confidence_level":0.95,"lower_bound":879.8561240773988,"upper_bound":882.5860690775412},"point_estimate":881.2975530108205,"standard_error":0.7068055056780932},"MedianAbsDev":{"confidence_interval":{"confidence_level":0.95,"lower_bound":2.9529368416502546,"upper_bound":5.924073950550965},"point_estimate":4.358988445738101,"standard_error":0.7601680032963394},"Slope":{"confidence_interval":{"confidence_level":0.95,"lower_bound":881.6384069480043,"upper_bound":889.43979125788},"point_estimate":884.9706273209383,"standard_error":2.0211107724595494},"StdDev":{"confidence_interval":{"confidence_level":0.95,"lower_bound":6.3180459143172545,"upper_bound":25.060374377846276},"point_estimate":15.982416422686951,"standard_error":5.563294668647836}}