{"Mean":{"confidence_interval":{"confidence_level":0.95,"lower_bound":220.74668759179227,"upper_bound":221.66875056771414},"point_estimate":221.15556057466148,"standard_error":0.2363694932618942},"Median":{"confidence_interval":{"confidence_level":0.95,"lower_bound":220.3744259753289,"upper_bound":220.83257846064225},"point_estimate":220.6509334845922,"standard_error":0.12658833546832762},"MedianAbsDev":{"confidence_interval":{"confidence_level":0.95,"lower_bound":0.6343276691954046,"upper_bound":1.1576569871539795},"point_estimate":0.8888995156116025,"standard_error":0.1261639398107878},"Slope":{"confidence_interval":{"confidence_level":0.95,"lower_bound":220.6778444955066,"upper_bound":221.57346770374912},"point_estimate":221.08250952220993,"standard_error":0.23037528734342638},"StdDev":{"confidence_interval":{"confidence_level":0.95,"lower_bound":1.1988941133756952,"upper_bound":3.5308056489115276},"point_estimate":2.3787797045288537,"standard_error":0.6537671796262073}}