{"Mean":{"confidence_interval":{"confidence_level":0.95,"lower_bound":220.63630351076773,"upper_bound":226.1044058479391},"point_estimate":222.79558631718396,"standard_error":1.4456811713528377},"Median":{"confidence_interval":{"confidence_level":0.95,"lower_bound":219.79260198395008,"upper_bound":220.3433044097751},"point_estimate":220.0711062503096,"standard_error":0.15492686661118976},"MedianAbsDev":{"confidence_interval":{"confidence_level":0.95,"lower_bound":0.6432436318997945,"upper_bound":1.247687657348971},"point_estimate":0.8809258942369612,"standard_error":0.15650303718735406},"Slope":{"confidence_interval":{"confidence_level":0.95,"lower_bound":220.4962724592858,"upper_bound":222.0747289855931},"point_estimate":221.1927825438036,"standard_error":0.4051215168999413},"StdDev":{"confidence_interval":{"confidence_level":0.95,"lower_bound":2.2527985902923233,"upper_bound":23.887105803115624},"point_estimate":14.563485781267998,"standard_error":6.283883373873052}}