{"Mean":{"confidence_interval":{"confidence_level":0.95,"lower_bound":80.21302985331981,"upper_bound":80.51958830230157},"point_estimate":80.35922375346598,"standard_error":0.07819538057879855},"Median":{"confidence_interval":{"confidence_level":0.95,"lower_bound":80.06523189065163,"upper_bound":80.32922383690871},"point_estimate":80.16201460299573,"standard_error":0.06413368206213403},"MedianAbsDev":{"confidence_interval":{"confidence_level":0.95,"lower_bound":0.38714077814615705,"upper_bound":0.6657472907865629},"point_estimate":0.5581969193407439,"standard_error":0.06923375445528959},"Slope":{"confidence_interval":{"confidence_level":0.95,"lower_bound":80.26646643080667,"upper_bound":80.74172164800115},"point_estimate":80.49614448044557,"standard_error":0.12162448120502103},"StdDev":{"confidence_interval":{"confidence_level":0.95,"lower_bound":0.5773167486313662,"upper_bound":0.9686745370992161},"point_estimate":0.7869250426742581,"standard_error":0.09985693645213588}}