{"Mean":{"confidence_interval":{"confidence_level":0.95,"lower_bound":29.585792574305454,"upper_bound":30.28779630068294},"point_estimate":29.894889009789313,"standard_error":0.18064939304635463},"Median":{"confidence_interval":{"confidence_level":0.95,"lower_bound":29.27610822905049,"upper_bound":29.41280592119052},"point_estimate":29.33552591947656,"standard_error":0.03267826808588956},"MedianAbsDev":{"confidence_interval":{"confidence_level":0.95,"lower_bound":0.11223838040418721,"upper_bound":0.30437489261785755},"point_estimate":0.1969041651856873,"standard_error":0.046843272340847786},"Slope":{"confidence_interval":{"confidence_level":0.95,"lower_bound":29.459529619247927,"upper_bound":29.833054089822472},"point_estimate":29.62796302587762,"standard_error":0.09586355359601309},"StdDev":{"confidence_interval":{"confidence_level":0.95,"lower_bound":0.8097364267242583,"upper_bound":2.666164480019737},"point_estimate":1.8104172699893746,"standard_error":0.4844062490289085}}