{"Mean":{"confidence_interval":{"confidence_level":0.95,"lower_bound":9.332667449069758,"upper_bound":9.40671013852463},"point_estimate":9.366555015181472,"standard_error":0.019011197625446282},"Median":{"confidence_interval":{"confidence_level":0.95,"lower_bound":9.29338540122868,"upper_bound":9.361178220542119},"point_estimate":9.329433191047347,"standard_error":0.0170820638335115},"MedianAbsDev":{"confidence_interval":{"confidence_level":0.95,"lower_bound":0.0836997724828666,"upper_bound":0.13704118705094437},"point_estimate":0.1154546420570091,"standard_error":0.01412809048705577},"Slope":{"confidence_interval":{"confidence_level":0.95,"lower_bound":9.323234013502695,"upper_bound":9.378638701350209},"point_estimate":9.34891559826392,"standard_error":0.014187637655627614},"StdDev":{"confidence_interval":{"confidence_level":0.95,"lower_bound":0.10830644622081344,"upper_bound":0.274378229797418},"point_estimate":0.19188908974986882,"standard_error":0.04459695380725468}}