{"Mean":{"confidence_interval":{"confidence_level":0.95,"lower_bound":9.454775602015552,"upper_bound":9.487887853031742},"point_estimate":9.47020055636869,"standard_error":0.00845875394393803},"Median":{"confidence_interval":{"confidence_level":0.95,"lower_bound":9.435476129934258,"upper_bound":9.45431795707608},"point_estimate":9.4439737473738,"standard_error":0.005456024417120751},"MedianAbsDev":{"confidence_interval":{"confidence_level":0.95,"lower_bound":0.02336379468345215,"upper_bound":0.04213725099702935},"point_estimate":0.029738605041219814,"standard_error":0.00466019436107508},"Slope":{"confidence_interval":{"confidence_level":0.95,"lower_bound":9.464396461472191,"upper_bound":9.509234921415088},"point_estimate":9.485496792360703,"standard_error":0.011489210507466437},"StdDev":{"confidence_interval":{"confidence_level":0.95,"lower_bound":0.05682545725803147,"upper_bound":0.11092358005801749},"point_estimate":0.08515543994496119,"standard_error":0.013927085915926103}}