{"Mean":{"confidence_interval":{"confidence_level":0.95,"lower_bound":6.42987438686988,"upper_bound":6.470890644139325},"point_estimate":6.4487802747273575,"standard_error":0.010468984885394385},"Median":{"confidence_interval":{"confidence_level":0.95,"lower_bound":6.409267748313033,"upper_bound":6.420274753177204},"point_estimate":6.41490408878086,"standard_error":0.0025812776749488046},"MedianAbsDev":{"confidence_interval":{"confidence_level":0.95,"lower_bound":0.013042388689209195,"upper_bound":0.025433189294404634},"point_estimate":0.016887439650809348,"standard_error":0.003027130474002458},"Slope":{"confidence_interval":{"confidence_level":0.95,"lower_bound":6.440110350739217,"upper_bound":6.51883711176028},"point_estimate":6.476811793725391,"standard_error":0.02016665689266889},"StdDev":{"confidence_interval":{"confidence_level":0.95,"lower_bound":0.06555749945831402,"upper_bound":0.13621859751960103},"point_estimate":0.10517438003287506,"standard_error":0.017946054911196215}}