{"Mean":{"confidence_interval":{"confidence_level":0.95,"lower_bound":6.208885186945367,"upper_bound":6.317288606287579},"point_estimate":6.251202996168835,"standard_error":0.028673684313251444},"Median":{"confidence_interval":{"confidence_level":0.95,"lower_bound":6.189875264213848,"upper_bound":6.200592001282969},"point_estimate":6.194204778584888,"standard_error":0.0026293591233524406},"MedianAbsDev":{"confidence_interval":{"confidence_level":0.95,"lower_bound":0.016240849201931567,"upper_bound":0.03164926654995181},"point_estimate":0.022775650854224245,"standard_error":0.0038800152856248945},"Slope":{"confidence_interval":{"confidence_level":0.95,"lower_bound":6.207735631363278,"upper_bound":6.2350201841814386},"point_estimate":6.220276178825546,"standard_error":0.006986003629819919},"StdDev":{"confidence_interval":{"confidence_level":0.95,"lower_bound":0.051397679555045865,"upper_bound":0.47406059090503205},"point_estimate":0.2880192791515156,"standard_error":0.1266992400041663}}