{"Mean":{"confidence_interval":{"confidence_level":0.95,"lower_bound":43.28297887949739,"upper_bound":43.72099217696178},"point_estimate":43.465792785581314,"standard_error":0.11376476502714945},"Median":{"confidence_interval":{"confidence_level":0.95,"lower_bound":43.08472546882895,"upper_bound":43.32780739326216},"point_estimate":43.1941429273041,"standard_error":0.07251051535799054},"MedianAbsDev":{"confidence_interval":{"confidence_level":0.95,"lower_bound":0.26138647774944174,"upper_bound":0.527057848372592},"point_estimate":0.4091443685997441,"standard_error":0.07555525218518015},"Slope":{"confidence_interval":{"confidence_level":0.95,"lower_bound":43.29682160233468,"upper_bound":43.53816663721499},"point_estimate":43.411040095001674,"standard_error":0.06173101269057632},"StdDev":{"confidence_interval":{"confidence_level":0.95,"lower_bound":0.40442821049511324,"upper_bound":1.805078311288504},"point_estimate":1.1403309416709917,"standard_error":0.40922133451576687}}