{"Mean":{"confidence_interval":{"confidence_level":0.95,"lower_bound":43.049255154237144,"upper_bound":43.68278844259926},"point_estimate":43.315270938903694,"standard_error":0.1645435130890752},"Median":{"confidence_interval":{"confidence_level":0.95,"lower_bound":42.919283163135,"upper_bound":43.010533530090946},"point_estimate":42.97148023059334,"standard_error":0.026790427845677027},"MedianAbsDev":{"confidence_interval":{"confidence_level":0.95,"lower_bound":0.147993859208017,"upper_bound":0.259476617175556},"point_estimate":0.19392391038720472,"standard_error":0.028044844913382258},"Slope":{"confidence_interval":{"confidence_level":0.95,"lower_bound":42.9887082903887,"upper_bound":44.68052017952242},"point_estimate":43.69443980340335,"standard_error":0.4459608105813596},"StdDev":{"confidence_interval":{"confidence_level":0.95,"lower_bound":0.47079806555957704,"upper_bound":2.610903069907912},"point_estimate":1.656466765590219,"standard_error":0.5869330817505297}}