{"Mean":{"confidence_interval":{"confidence_level":0.95,"lower_bound":43.68407571384075,"upper_bound":44.04870516630287},"point_estimate":43.851591500641526,"standard_error":0.09308660981355735},"Median":{"confidence_interval":{"confidence_level":0.95,"lower_bound":43.492828573365486,"upper_bound":43.630229094449675},"point_estimate":43.5496171146756,"standard_error":0.036979104329695395},"MedianAbsDev":{"confidence_interval":{"confidence_level":0.95,"lower_bound":0.21472676639038996,"upper_bound":0.45950722980644554},"point_estimate":0.33279143427148195,"standard_error":0.06260141877424708},"Slope":{"confidence_interval":{"confidence_level":0.95,"lower_bound":43.537454601828465,"upper_bound":43.82453376287915},"point_estimate":43.66448410529867,"standard_error":0.0739504293367105},"StdDev":{"confidence_interval":{"confidence_level":0.95,"lower_bound":0.580248454336769,"upper_bound":1.2971455882414817},"point_estimate":0.9375144941937505,"standard_error":0.19099746354678984}}