{"Mean":{"confidence_interval":{"confidence_level":0.95,"lower_bound":50.058115207537114,"upper_bound":50.49201788674156},"point_estimate":50.25329234382027,"standard_error":0.11131874919299482},"Median":{"confidence_interval":{"confidence_level":0.95,"lower_bound":49.83739644505034,"upper_bound":50.048710496718044},"point_estimate":49.94268084579012,"standard_error":0.06323060141472285},"MedianAbsDev":{"confidence_interval":{"confidence_level":0.95,"lower_bound":0.2561405257698862,"upper_bound":0.4673642276747529},"point_estimate":0.346044328399144,"standard_error":0.0562751502660167},"Slope":{"confidence_interval":{"confidence_level":0.95,"lower_bound":50.134483100365536,"upper_bound":50.944657217542556},"point_estimate":50.484172298352746,"standard_error":0.2098600899720962},"StdDev":{"confidence_interval":{"confidence_level":0.95,"lower_bound":0.5730467995461107,"upper_bound":1.5869711015104317},"point_estimate":1.1193784610976927,"standard_error":0.26338803588314635}}