{"Mean":{"confidence_interval":{"confidence_level":0.95,"lower_bound":4165.637692712757,"upper_bound":4184.543785228905},"point_estimate":4173.443950206649,"standard_error":4.930877889362892},"Median":{"confidence_interval":{"confidence_level":0.95,"lower_bound":4162.910354268003,"upper_bound":4171.557862165963},"point_estimate":4165.132258388588,"standard_error":2.145900599199046},"MedianAbsDev":{"confidence_interval":{"confidence_level":0.95,"lower_bound":10.978887777592183,"upper_bound":16.626083146412512},"point_estimate":13.720519645267231,"standard_error":1.3720346010493405},"Slope":{"confidence_interval":{"confidence_level":0.95,"lower_bound":4171.04144479493,"upper_bound":4216.874504435884},"point_estimate":4188.541681279029,"standard_error":12.5576843325545},"StdDev":{"confidence_interval":{"confidence_level":0.95,"lower_bound":17.34910771663532,"upper_bound":78.84779272356069},"point_estimate":49.44661570581211,"standard_error":18.770473526273193}}