{"Mean":{"confidence_interval":{"confidence_level":0.95,"lower_bound":42.78248577476761,"upper_bound":43.398071197037076},"point_estimate":43.061086300795935,"standard_error":0.15741917325885396},"Median":{"confidence_interval":{"confidence_level":0.95,"lower_bound":42.50128694919799,"upper_bound":42.630061811526645},"point_estimate":42.5407356089644,"standard_error":0.030226985317097145},"MedianAbsDev":{"confidence_interval":{"confidence_level":0.95,"lower_bound":0.20958867472844098,"upper_bound":0.40084949888322974},"point_estimate":0.28785830015022107,"standard_error":0.049581987285356184},"Slope":{"confidence_interval":{"confidence_level":0.95,"lower_bound":42.7771425910189,"upper_bound":43.58759155734214},"point_estimate":43.13271134218165,"standard_error":0.20923241362480774},"StdDev":{"confidence_interval":{"confidence_level":0.95,"lower_bound":0.8143469303685803,"upper_bound":2.194103150171531},"point_estimate":1.592221139071932,"standard_error":0.34979731589283314}}