{"Mean":{"confidence_interval":{"confidence_level":0.95,"lower_bound":36.42237803079874,"upper_bound":37.89882459400742},"point_estimate":36.99271184566916,"standard_error":0.39471001066875827},"Median":{"confidence_interval":{"confidence_level":0.95,"lower_bound":36.29799084158116,"upper_bound":36.355401780383374},"point_estimate":36.31331135358197,"standard_error":0.014523948379136413},"MedianAbsDev":{"confidence_interval":{"confidence_level":0.95,"lower_bound":0.07741048408639956,"upper_bound":0.1307655452532153},"point_estimate":0.1005461707618295,"standard_error":0.01293501618337062},"Slope":{"confidence_interval":{"confidence_level":0.95,"lower_bound":36.429930732731506,"upper_bound":36.71751947392015},"point_estimate":36.56068787388422,"standard_error":0.07355047171321392},"StdDev":{"confidence_interval":{"confidence_level":0.95,"lower_bound":0.46976272210217745,"upper_bound":6.560062866163822},"point_estimate":3.9681069986026074,"standard_error":1.8059932737733007}}