{"Mean":{"confidence_interval":{"confidence_level":0.95,"lower_bound":2157.5494807182613,"upper_bound":2176.4819117194506},"point_estimate":2165.226176707349,"standard_error":4.967030627386634},"Median":{"confidence_interval":{"confidence_level":0.95,"lower_bound":2153.19347062767,"upper_bound":2157.0171752715514},"point_estimate":2155.570652229633,"standard_error":1.132958898009038},"MedianAbsDev":{"confidence_interval":{"confidence_level":0.95,"lower_bound":7.094750627802294,"upper_bound":12.038570760249364},"point_estimate":9.060439971684815,"standard_error":1.320910716682709},"Slope":{"confidence_interval":{"confidence_level":0.95,"lower_bound":2157.1956984149356,"upper_bound":2172.1974274314034},"point_estimate":2163.8030933294185,"standard_error":3.8743024962648533},"StdDev":{"confidence_interval":{"confidence_level":0.95,"lower_bound":16.292618371333354,"upper_bound":80.31188505854075},"point_estimate":49.82333295583832,"standard_error":20.032159366188704}}