{"Mean":{"confidence_interval":{"confidence_level":0.95,"lower_bound":2127.491013452307,"upper_bound":2140.746464031196},"point_estimate":2133.2534298684077,"standard_error":3.4310394509120083},"Median":{"confidence_interval":{"confidence_level":0.95,"lower_bound":2124.6202714873907,"upper_bound":2128.0954805049396},"point_estimate":2126.408216304497,"standard_error":0.8037911412788201},"MedianAbsDev":{"confidence_interval":{"confidence_level":0.95,"lower_bound":5.096021456871224,"upper_bound":9.220357618067847},"point_estimate":7.2314000797869955,"standard_error":1.088179261481386},"Slope":{"confidence_interval":{"confidence_level":0.95,"lower_bound":2129.4194584227266,"upper_bound":2159.3003826640756},"point_estimate":2141.287377689905,"standard_error":7.984179586930105},"StdDev":{"confidence_interval":{"confidence_level":0.95,"lower_bound":13.770296013242096,"upper_bound":52.48473317676036},"point_estimate":34.41816708758822,"standard_error":10.49037741633762}}