{"Mean":{"confidence_interval":{"confidence_level":0.95,"lower_bound":1278.2699165112788,"upper_bound":1293.4891186510404},"point_estimate":1285.3928263933801,"standard_error":3.8937298583964743},"Median":{"confidence_interval":{"confidence_level":0.95,"lower_bound":1268.2724044413376,"upper_bound":1275.9348992909404},"point_estimate":1272.5735005638912,"standard_error":2.138445999623319},"MedianAbsDev":{"confidence_interval":{"confidence_level":0.95,"lower_bound":10.031085728051591,"upper_bound":21.699190620422765},"point_estimate":15.608195379791969,"standard_error":2.9910500633603294},"Slope":{"confidence_interval":{"confidence_level":0.95,"lower_bound":1285.8508858914943,"upper_bound":1312.4789047120526},"point_estimate":1298.279755075573,"standard_error":6.835221319450023},"StdDev":{"confidence_interval":{"confidence_level":0.95,"lower_bound":25.9635661440003,"upper_bound":50.345495660318235},"point_estimate":39.116502632105,"standard_error":6.206785556003271}}