{"Mean":{"confidence_interval":{"confidence_level":0.95,"lower_bound":1367.3163267672962,"upper_bound":1390.3818337828468},"point_estimate":1377.0861291852839,"standard_error":5.981645609490411},"Median":{"confidence_interval":{"confidence_level":0.95,"lower_bound":1364.0910344827587,"upper_bound":1367.2654700047237},"point_estimate":1364.9556692939245,"standard_error":0.8409562435301295},"MedianAbsDev":{"confidence_interval":{"confidence_level":0.95,"lower_bound":4.727828121236817,"upper_bound":8.158734809234634},"point_estimate":6.081773889753245,"standard_error":0.8743359407879251},"Slope":{"confidence_interval":{"confidence_level":0.95,"lower_bound":1368.063848558577,"upper_bound":1385.3779689133257},"point_estimate":1375.2533923064773,"standard_error":4.4554764506028555},"StdDev":{"confidence_interval":{"confidence_level":0.95,"lower_bound":10.345421544563553,"upper_bound":93.76311718678465},"point_estimate":60.49295211403759,"standard_error":21.329690185241176}}