{"Mean":{"confidence_interval":{"confidence_level":0.95,"lower_bound":77.66280178211493,"upper_bound":78.03814050688511},"point_estimate":77.84145890708821,"standard_error":0.09556298299645288},"Median":{"confidence_interval":{"confidence_level":0.95,"lower_bound":77.57402966642425,"upper_bound":77.90710360181112},"point_estimate":77.69582583265432,"standard_error":0.08407221177704263},"MedianAbsDev":{"confidence_interval":{"confidence_level":0.95,"lower_bound":0.49275372695955577,"upper_bound":0.7652638769522778},"point_estimate":0.658673329844005,"standard_error":0.06918232444310297},"Slope":{"confidence_interval":{"confidence_level":0.95,"lower_bound":77.74629023028933,"upper_bound":78.20202721327146},"point_estimate":77.96594219730815,"standard_error":0.11600505761608586},"StdDev":{"confidence_interval":{"confidence_level":0.95,"lower_bound":0.6627649931837829,"upper_bound":1.2394456994082728},"point_estimate":0.9621542799719252,"standard_error":0.14758150189008112}}