{"Mean":{"confidence_interval":{"confidence_level":0.95,"lower_bound":70.28391131315054,"upper_bound":71.1725484404751},"point_estimate":70.66541801065695,"standard_error":0.22923082073948264},"Median":{"confidence_interval":{"confidence_level":0.95,"lower_bound":70.07137931081206,"upper_bound":70.32278716655267},"point_estimate":70.20527004786399,"standard_error":0.056069718807662774},"MedianAbsDev":{"confidence_interval":{"confidence_level":0.95,"lower_bound":0.3937399739483733,"upper_bound":0.6243414609093202},"point_estimate":0.48301166524148476,"standard_error":0.06143818726453551},"Slope":{"confidence_interval":{"confidence_level":0.95,"lower_bound":70.43481560241648,"upper_bound":71.1976355207533},"point_estimate":70.78718920705563,"standard_error":0.19478968012908085},"StdDev":{"confidence_interval":{"confidence_level":0.95,"lower_bound":0.8509332176474144,"upper_bound":3.5632642379424615},"point_estimate":2.3066985361190038,"standard_error":0.736365294408266}}