{"Mean":{"confidence_interval":{"confidence_level":0.95,"lower_bound":74.9793786784775,"upper_bound":75.44434191512353},"point_estimate":75.19922162749884,"standard_error":0.11900607213799647},"Median":{"confidence_interval":{"confidence_level":0.95,"lower_bound":74.90479796067741,"upper_bound":75.33248685137835},"point_estimate":75.07795382412378,"standard_error":0.11795841509850796},"MedianAbsDev":{"confidence_interval":{"confidence_level":0.95,"lower_bound":0.6835295479467085,"upper_bound":1.1170307904065329},"point_estimate":0.8653849332396396,"standard_error":0.11515615052588726},"Slope":{"confidence_interval":{"confidence_level":0.95,"lower_bound":75.03241721458146,"upper_bound":75.43291257800713},"point_estimate":75.23158826496989,"standard_error":0.1020232121583659},"StdDev":{"confidence_interval":{"confidence_level":0.95,"lower_bound":0.8435711879729852,"upper_bound":1.6014899042826505},"point_estimate":1.196310498824757,"standard_error":0.20791837601204047}}