{"Mean":{"confidence_interval":{"confidence_level":0.95,"lower_bound":44.20777393812662,"upper_bound":44.62327293865828},"point_estimate":44.3918597539436,"standard_error":0.10668790351392013},"Median":{"confidence_interval":{"confidence_level":0.95,"lower_bound":44.06760452393945,"upper_bound":44.14519233874875},"point_estimate":44.10846777438428,"standard_error":0.019083567310267297},"MedianAbsDev":{"confidence_interval":{"confidence_level":0.95,"lower_bound":0.17710805478385297,"upper_bound":0.3302832619298747},"point_estimate":0.23991859704240462,"standard_error":0.04115855426637939},"Slope":{"confidence_interval":{"confidence_level":0.95,"lower_bound":44.22573374547793,"upper_bound":44.55000570696394},"point_estimate":44.37403314318021,"standard_error":0.08317012152427607},"StdDev":{"confidence_interval":{"confidence_level":0.95,"lower_bound":0.4208808642822469,"upper_bound":1.5354225627133418},"point_estimate":1.071932982066995,"standard_error":0.2730010678503547}}