{"Mean":{"confidence_interval":{"confidence_level":0.95,"lower_bound":269.8624701746885,"upper_bound":272.4422573267804},"point_estimate":271.0400323734124,"standard_error":0.6570250081233436},"Median":{"confidence_interval":{"confidence_level":0.95,"lower_bound":269.30943154049316,"upper_bound":271.03151358026855},"point_estimate":270.1201836790385,"standard_error":0.45938656253230586},"MedianAbsDev":{"confidence_interval":{"confidence_level":0.95,"lower_bound":3.043997121386292,"upper_bound":4.866285143604374},"point_estimate":3.9681790308269056,"standard_error":0.45771208941128544},"Slope":{"confidence_interval":{"confidence_level":0.95,"lower_bound":269.20294091195353,"upper_bound":270.67776860158347},"point_estimate":269.916102441048,"standard_error":0.37627841315311183},"StdDev":{"confidence_interval":{"confidence_level":0.95,"lower_bound":4.029937163385028,"upper_bound":9.438108022765542},"point_estimate":6.617463412933316,"standard_error":1.565546024700672}}