{"Mean":{"confidence_interval":{"confidence_level":0.95,"lower_bound":264.1387778028602,"upper_bound":265.2512290769899},"point_estimate":264.6453728326419,"standard_error":0.2849560760333987},"Median":{"confidence_interval":{"confidence_level":0.95,"lower_bound":263.62330157060444,"upper_bound":264.0141289185225},"point_estimate":263.7660822066763,"standard_error":0.09861225154800124},"MedianAbsDev":{"confidence_interval":{"confidence_level":0.95,"lower_bound":0.562957224127294,"upper_bound":1.143070094553841},"point_estimate":0.7270910173450851,"standard_error":0.14846549279721227},"Slope":{"confidence_interval":{"confidence_level":0.95,"lower_bound":264.38434114346865,"upper_bound":266.1619113854247},"point_estimate":265.19801295295736,"standard_error":0.4544488190156028},"StdDev":{"confidence_interval":{"confidence_level":0.95,"lower_bound":1.6196427684025387,"upper_bound":3.886828136732073},"point_estimate":2.8661156598510336,"standard_error":0.5766821292264542}}