{"Mean":{"confidence_interval":{"confidence_level":0.95,"lower_bound":129.81911945763895,"upper_bound":130.41068985313854},"point_estimate":130.07640412644975,"standard_error":0.15176097734740687},"Median":{"confidence_interval":{"confidence_level":0.95,"lower_bound":129.673971712237,"upper_bound":129.97668239976772},"point_estimate":129.79702173825422,"standard_error":0.08220935743894434},"MedianAbsDev":{"confidence_interval":{"confidence_level":0.95,"lower_bound":0.490017290479344,"upper_bound":0.7938445622358384},"point_estimate":0.6639755789478685,"standard_error":0.07682945107674914},"Slope":{"confidence_interval":{"confidence_level":0.95,"lower_bound":129.77466539966653,"upper_bound":130.2717161233457},"point_estimate":130.00085532108696,"standard_error":0.1271709374539149},"StdDev":{"confidence_interval":{"confidence_level":0.95,"lower_bound":0.7335641291702132,"upper_bound":2.329625807779809},"point_estimate":1.5306617279699761,"standard_error":0.4742449884140899}}