{"Mean":{"confidence_interval":{"confidence_level":0.95,"lower_bound":129.07359682363742,"upper_bound":130.1714000456863},"point_estimate":129.53780162062156,"standard_error":0.2836819891561699},"Median":{"confidence_interval":{"confidence_level":0.95,"lower_bound":128.82883104881807,"upper_bound":129.1439346891804},"point_estimate":128.9345632128705,"standard_error":0.08337852309180294},"MedianAbsDev":{"confidence_interval":{"confidence_level":0.95,"lower_bound":0.44990926324576824,"upper_bound":0.7765949379656788},"point_estimate":0.5944963169416825,"standard_error":0.08224192686533645},"Slope":{"confidence_interval":{"confidence_level":0.95,"lower_bound":129.06381351409524,"upper_bound":129.85261506834},"point_estimate":129.41373626367687,"standard_error":0.2023876031303305},"StdDev":{"confidence_interval":{"confidence_level":0.95,"lower_bound":1.0318491390594797,"upper_bound":4.461500886259264},"point_estimate":2.848209329223893,"standard_error":0.9682306307422046}}