{"Mean":{"confidence_interval":{"confidence_level":0.95,"lower_bound":67.67205435605159,"upper_bound":68.89167831688094},"point_estimate":68.21042607869575,"standard_error":0.3132433042818333},"Median":{"confidence_interval":{"confidence_level":0.95,"lower_bound":66.90829291650999,"upper_bound":67.53293496386881},"point_estimate":67.19445970965913,"standard_error":0.17539874303203298},"MedianAbsDev":{"confidence_interval":{"confidence_level":0.95,"lower_bound":0.4056102156180136,"upper_bound":1.2307227793712796},"point_estimate":0.7624162818178895,"standard_error":0.22481662216099416},"Slope":{"confidence_interval":{"confidence_level":0.95,"lower_bound":67.32982678050251,"upper_bound":68.37306983460809},"point_estimate":67.77181425110727,"standard_error":0.26864318879875876},"StdDev":{"confidence_interval":{"confidence_level":0.95,"lower_bound":1.5488965949941527,"upper_bound":4.684691264847773},"point_estimate":3.1522713093025074,"standard_error":0.8675013875891541}}