{"Mean":{"confidence_interval":{"confidence_level":0.95,"lower_bound":67.31063075862785,"upper_bound":67.7348285909312},"point_estimate":67.51300560116977,"standard_error":0.10837836542927236},"Median":{"confidence_interval":{"confidence_level":0.95,"lower_bound":67.1125361756194,"upper_bound":67.20840728623536},"point_estimate":67.16220811611154,"standard_error":0.023312793063392553},"MedianAbsDev":{"confidence_interval":{"confidence_level":0.95,"lower_bound":0.15665084008675914,"upper_bound":0.27163216536873547},"point_estimate":0.202273491373392,"standard_error":0.029362953284214285},"Slope":{"confidence_interval":{"confidence_level":0.95,"lower_bound":67.33180245049891,"upper_bound":67.77002203639},"point_estimate":67.52981304091709,"standard_error":0.11181841447499058},"StdDev":{"confidence_interval":{"confidence_level":0.95,"lower_bound":0.8232831392087808,"upper_bound":1.285497068314146},"point_estimate":1.0858179001117312,"standard_error":0.11783079917241636}}