{"Mean":{"confidence_interval":{"confidence_level":0.95,"lower_bound":106.07899705305985,"upper_bound":107.22796540220604},"point_estimate":106.50654443845141,"standard_error":0.31580437467359723},"Median":{"confidence_interval":{"confidence_level":0.95,"lower_bound":105.8958431070848,"upper_bound":106.01877866138463},"point_estimate":105.94062671671855,"standard_error":0.035416319228005824},"MedianAbsDev":{"confidence_interval":{"confidence_level":0.95,"lower_bound":0.1608189329897739,"upper_bound":0.3536224215890215},"point_estimate":0.2523133527648002,"standard_error":0.05363718912557686},"Slope":{"confidence_interval":{"confidence_level":0.95,"lower_bound":106.04455862752978,"upper_bound":106.58340076262314},"point_estimate":106.26990020587101,"standard_error":0.1397096458595744},"StdDev":{"confidence_interval":{"confidence_level":0.95,"lower_bound":0.4957554594082693,"upper_bound":5.3440981425921015},"point_estimate":3.1799215372570466,"standard_error":1.5904504977639853}}