{"Mean":{"confidence_interval":{"confidence_level":0.95,"lower_bound":104.18733030880004,"upper_bound":106.90892155405713},"point_estimate":105.18620574650475,"standard_error":0.7703411396767392},"Median":{"confidence_interval":{"confidence_level":0.95,"lower_bound":103.74347024524096,"upper_bound":103.98378851540616},"point_estimate":103.80133571849792,"standard_error":0.05633300832109065},"MedianAbsDev":{"confidence_interval":{"confidence_level":0.95,"lower_bound":0.32130043119183854,"upper_bound":0.6213544014496738},"point_estimate":0.4619291155439483,"standard_error":0.07950016770161844},"Slope":{"confidence_interval":{"confidence_level":0.95,"lower_bound":103.96473024747253,"upper_bound":104.92579268486641},"point_estimate":104.3980478787939,"standard_error":0.24684265955032775},"StdDev":{"confidence_interval":{"confidence_level":0.95,"lower_bound":1.2522830246722771,"upper_bound":13.062802867217535},"point_estimate":7.734857233209505,"standard_error":4.059361254322034}}