{"Mean":{"confidence_interval":{"confidence_level":0.95,"lower_bound":1186.697508368909,"upper_bound":1193.2430139896715},"point_estimate":1189.4858761333508,"standard_error":1.7001643937155821},"Median":{"confidence_interval":{"confidence_level":0.95,"lower_bound":1184.2448812448813,"upper_bound":1187.5820585602864},"point_estimate":1185.4422772879293,"standard_error":0.8669500051600547},"MedianAbsDev":{"confidence_interval":{"confidence_level":0.95,"lower_bound":4.857888571330965,"upper_bound":9.173066698250905},"point_estimate":6.772855047447694,"standard_error":1.1080300432372459},"Slope":{"confidence_interval":{"confidence_level":0.95,"lower_bound":1186.5665401953186,"upper_bound":1191.0888003212938},"point_estimate":1188.765222736005,"standard_error":1.1552574389894257},"StdDev":{"confidence_interval":{"confidence_level":0.95,"lower_bound":7.8701756782531325,"upper_bound":26.632105672055328},"point_estimate":17.13001876311522,"standard_error":5.924662347867792}}