{"Mean":{"confidence_interval":{"confidence_level":0.95,"lower_bound":1202.288047630542,"upper_bound":1219.071692804292},"point_estimate":1209.9661793171974,"standard_error":4.3035295605355},"Median":{"confidence_interval":{"confidence_level":0.95,"lower_bound":1193.6164069264069,"upper_bound":1198.7383816183817},"point_estimate":1196.215804988662,"standard_error":1.253538084206634},"MedianAbsDev":{"confidence_interval":{"confidence_level":0.95,"lower_bound":6.870051577585178,"upper_bound":14.50710964792871},"point_estimate":10.022210177168997,"standard_error":1.9566855695768628},"Slope":{"confidence_interval":{"confidence_level":0.95,"lower_bound":1196.7237117334828,"upper_bound":1207.9812971896547},"point_estimate":1201.7403530968022,"standard_error":2.874077288819901},"StdDev":{"confidence_interval":{"confidence_level":0.95,"lower_bound":25.74510573700781,"upper_bound":57.99970319484702},"point_estimate":43.057312563584,"standard_error":8.266642050835777}}