{"Mean":{"confidence_interval":{"confidence_level":0.95,"lower_bound":1267.5248530227134,"upper_bound":1304.6403661408112},"point_estimate":1284.8230480506927,"standard_error":9.523755168566744},"Median":{"confidence_interval":{"confidence_level":0.95,"lower_bound":1247.433652638191,"upper_bound":1253.8109680673538},"point_estimate":1250.9224940107515,"standard_error":1.5684054172243824},"MedianAbsDev":{"confidence_interval":{"confidence_level":0.95,"lower_bound":10.841961636975904,"upper_bound":27.530292863310144},"point_estimate":17.825382328995968,"standard_error":4.193691747829206},"Slope":{"confidence_interval":{"confidence_level":0.95,"lower_bound":1264.6643816659946,"upper_bound":1308.6512798446265},"point_estimate":1283.974341271898,"standard_error":11.30248387758197},"StdDev":{"confidence_interval":{"confidence_level":0.95,"lower_bound":60.80454844275985,"upper_bound":124.3470233438521},"point_estimate":95.68551499380213,"standard_error":16.203767279980298}}