{"Mean":{"confidence_interval":{"confidence_level":0.95,"lower_bound":25.78694624628023,"upper_bound":25.881130620398284},"point_estimate":25.82931019287037,"standard_error":0.02420378739536798},"Median":{"confidence_interval":{"confidence_level":0.95,"lower_bound":25.751197059346225,"upper_bound":25.78695566312942},"point_estimate":25.764365592520086,"standard_error":0.009198872638824405},"MedianAbsDev":{"confidence_interval":{"confidence_level":0.95,"lower_bound":0.055930902120432564,"upper_bound":0.09333596589288495},"point_estimate":0.07245666049864424,"standard_error":0.009620502004003625},"Slope":{"confidence_interval":{"confidence_level":0.95,"lower_bound":25.792196052419154,"upper_bound":25.896786081694984},"point_estimate":25.84130024223985,"standard_error":0.02680296220935074},"StdDev":{"confidence_interval":{"confidence_level":0.95,"lower_bound":0.13201073924954276,"upper_bound":0.3523730652100354},"point_estimate":0.24373710523655404,"standard_error":0.05924381534041438}}