{"Mean":{"confidence_interval":{"confidence_level":0.95,"lower_bound":26.003919353982443,"upper_bound":26.254685752544546},"point_estimate":26.11963928164937,"standard_error":0.06409283397823357},"Median":{"confidence_interval":{"confidence_level":0.95,"lower_bound":25.856267812061052,"upper_bound":26.009368122511002},"point_estimate":25.908488616982087,"standard_error":0.03809020866951252},"MedianAbsDev":{"confidence_interval":{"confidence_level":0.95,"lower_bound":0.199952687019514,"upper_bound":0.3795163800475567},"point_estimate":0.30001557986977256,"standard_error":0.04582271949171805},"Slope":{"confidence_interval":{"confidence_level":0.95,"lower_bound":26.088401650981954,"upper_bound":26.34130684187325},"point_estimate":26.209387597216285,"standard_error":0.06431700213579712},"StdDev":{"confidence_interval":{"confidence_level":0.95,"lower_bound":0.39502939278397914,"upper_bound":0.8549321420810424},"point_estimate":0.642973915240523,"standard_error":0.11740600319650467}}