{"Mean":{"confidence_interval":{"confidence_level":0.95,"lower_bound":25.881521931826583,"upper_bound":26.111664732374265},"point_estimate":25.983948084864164,"standard_error":0.05916136008706897},"Median":{"confidence_interval":{"confidence_level":0.95,"lower_bound":25.764551065540402,"upper_bound":25.832537307361974},"point_estimate":25.79042021120305,"standard_error":0.01890313874037335},"MedianAbsDev":{"confidence_interval":{"confidence_level":0.95,"lower_bound":0.08096742009090566,"upper_bound":0.17801676560414675},"point_estimate":0.12860241055161598,"standard_error":0.02615935129430079},"Slope":{"confidence_interval":{"confidence_level":0.95,"lower_bound":25.838166687434637,"upper_bound":26.26342280499058},"point_estimate":26.00354858200602,"standard_error":0.11423502531513449},"StdDev":{"confidence_interval":{"confidence_level":0.95,"lower_bound":0.26656532877386313,"upper_bound":0.8635745625311048},"point_estimate":0.5935685215155664,"standard_error":0.15562807441241247}}