{"Mean":{"confidence_interval":{"confidence_level":0.95,"lower_bound":57.37645525314169,"upper_bound":58.015532048831396},"point_estimate":57.64821300996127,"standard_error":0.16524078235504647},"Median":{"confidence_interval":{"confidence_level":0.95,"lower_bound":57.17542197782777,"upper_bound":57.36291692457727},"point_estimate":57.26144826461112,"standard_error":0.048346212302925635},"MedianAbsDev":{"confidence_interval":{"confidence_level":0.95,"lower_bound":0.23127012643901698,"upper_bound":0.39701312800058963},"point_estimate":0.29213676162054375,"standard_error":0.04177480708956351},"Slope":{"confidence_interval":{"confidence_level":0.95,"lower_bound":57.32971758074411,"upper_bound":57.653149513902264},"point_estimate":57.48021511664837,"standard_error":0.08262155973939998},"StdDev":{"confidence_interval":{"confidence_level":0.95,"lower_bound":0.5265153517540925,"upper_bound":2.5545579720907856},"point_estimate":1.6605654550394098,"standard_error":0.5446137563511705}}