{"Mean":{"confidence_interval":{"confidence_level":0.95,"lower_bound":59.46211977555163,"upper_bound":59.7721578311587},"point_estimate":59.60784475789125,"standard_error":0.07940720745509236},"Median":{"confidence_interval":{"confidence_level":0.95,"lower_bound":59.389797781883,"upper_bound":59.57702246074339},"point_estimate":59.47671830539251,"standard_error":0.04524515479485344},"MedianAbsDev":{"confidence_interval":{"confidence_level":0.95,"lower_bound":0.335424347840665,"upper_bound":0.5235744381987172},"point_estimate":0.43261682497682874,"standard_error":0.049605968423773725},"Slope":{"confidence_interval":{"confidence_level":0.95,"lower_bound":59.50621713575124,"upper_bound":60.027501248219714},"point_estimate":59.73726830678883,"standard_error":0.13381620593289653},"StdDev":{"confidence_interval":{"confidence_level":0.95,"lower_bound":0.5389325418870488,"upper_bound":1.0244188770245157},"point_estimate":0.7986328191781608,"standard_error":0.12456416997199664}}