{"Mean":{"confidence_interval":{"confidence_level":0.95,"lower_bound":58.810944588321476,"upper_bound":59.905869949285325},"point_estimate":59.26981562746261,"standard_error":0.2860029985861646},"Median":{"confidence_interval":{"confidence_level":0.95,"lower_bound":58.6814417564052,"upper_bound":58.740869879220064},"point_estimate":58.706111005766644,"standard_error":0.015515945249295367},"MedianAbsDev":{"confidence_interval":{"confidence_level":0.95,"lower_bound":0.0946326553724832,"upper_bound":0.17827814794956676},"point_estimate":0.13309577945383796,"standard_error":0.021640207084947738},"Slope":{"confidence_interval":{"confidence_level":0.95,"lower_bound":58.76700366293846,"upper_bound":59.0365312442339},"point_estimate":58.88222067331569,"standard_error":0.06943101159513886},"StdDev":{"confidence_interval":{"confidence_level":0.95,"lower_bound":0.530901267082959,"upper_bound":4.501792495382672},"point_estimate":2.868332111271332,"standard_error":1.0536805316731301}}