{"Mean":{"confidence_interval":{"confidence_level":0.95,"lower_bound":4427.763339878045,"upper_bound":4519.892218148412},"point_estimate":4473.342830388071,"standard_error":23.520946192482242},"Median":{"confidence_interval":{"confidence_level":0.95,"lower_bound":4283.30397621702,"upper_bound":4634.499671268902},"point_estimate":4623.8300680918965,"standard_error":121.43777366330274},"MedianAbsDev":{"confidence_interval":{"confidence_level":0.95,"lower_bound":82.34011477748753,"upper_bound":360.00266860939865},"point_estimate":264.89344801296585,"standard_error":75.88303278299755},"Slope":{"confidence_interval":{"confidence_level":0.95,"lower_bound":4599.14438922023,"upper_bound":4651.355978797301},"point_estimate":4625.782737177276,"standard_error":13.219244614948222},"StdDev":{"confidence_interval":{"confidence_level":0.95,"lower_bound":211.37692015650322,"upper_bound":267.3601370607694},"point_estimate":236.9726891676542,"standard_error":14.850550334062714}}