{"Mean":{"confidence_interval":{"confidence_level":0.95,"lower_bound":4260.975943161209,"upper_bound":4299.459466447714},"point_estimate":4278.895508656673,"standard_error":9.827802302933812},"Median":{"confidence_interval":{"confidence_level":0.95,"lower_bound":4250.833982473223,"upper_bound":4278.350585628364},"point_estimate":4268.39261590924,"standard_error":6.197523888035318},"MedianAbsDev":{"confidence_interval":{"confidence_level":0.95,"lower_bound":43.839422192419526,"upper_bound":87.28845893376868},"point_estimate":68.28507410992441,"standard_error":10.773365814121867},"Slope":{"confidence_interval":{"confidence_level":0.95,"lower_bound":4242.666271270687,"upper_bound":4275.422344038873},"point_estimate":4257.71261242657,"standard_error":8.32962383040143},"StdDev":{"confidence_interval":{"confidence_level":0.95,"lower_bound":61.71781042281925,"upper_bound":130.16714521884663},"point_estimate":98.76894825429972,"standard_error":17.37046153456016}}