{"Mean":{"confidence_interval":{"confidence_level":0.95,"lower_bound":1948.1901749245708,"upper_bound":1958.2878455151636},"point_estimate":1952.8159269696823,"standard_error":2.5924499118714643},"Median":{"confidence_interval":{"confidence_level":0.95,"lower_bound":1943.8391727930189,"upper_bound":1946.9328759075077},"point_estimate":1945.499239809336,"standard_error":0.8936380168426046},"MedianAbsDev":{"confidence_interval":{"confidence_level":0.95,"lower_bound":5.349851643032807,"upper_bound":10.281867370715098},"point_estimate":7.18999790856334,"standard_error":1.3022753938596723},"Slope":{"confidence_interval":{"confidence_level":0.95,"lower_bound":1951.0525869092887,"upper_bound":1961.6241692217516},"point_estimate":1956.0147777487277,"standard_error":2.708991354533987},"StdDev":{"confidence_interval":{"confidence_level":0.95,"lower_bound":15.493228324127704,"upper_bound":36.181255858160036},"point_estimate":25.946288678394573,"standard_error":5.531640758100312}}