{"Mean":{"confidence_interval":{"confidence_level":0.95,"lower_bound":1964.6924913671069,"upper_bound":1971.5635159898136},"point_estimate":1967.934370757045,"standard_error":1.7592403806248444},"Median":{"confidence_interval":{"confidence_level":0.95,"lower_bound":1961.4541503694047,"upper_bound":1964.5357001972386},"point_estimate":1963.2332008635854,"standard_error":0.8388919010528103},"MedianAbsDev":{"confidence_interval":{"confidence_level":0.95,"lower_bound":4.646818886853829,"upper_bound":8.09189126659652},"point_estimate":6.212394614319955,"standard_error":0.8989875798500371},"Slope":{"confidence_interval":{"confidence_level":0.95,"lower_bound":1964.3812645995038,"upper_bound":1972.2214393401641},"point_estimate":1967.9911920157838,"standard_error":2.006347540072707},"StdDev":{"confidence_interval":{"confidence_level":0.95,"lower_bound":12.220494007346849,"upper_bound":22.322238088640713},"point_estimate":17.712856023375366,"standard_error":2.576445002511238}}