{"Mean":{"confidence_interval":{"confidence_level":0.95,"lower_bound":121.46705470008025,"upper_bound":122.4115039784201},"point_estimate":121.90906061048679,"standard_error":0.24181445512188462},"Median":{"confidence_interval":{"confidence_level":0.95,"lower_bound":120.89584662249241,"upper_bound":121.25676765504656},"point_estimate":121.0296925050778,"standard_error":0.08162645778649621},"MedianAbsDev":{"confidence_interval":{"confidence_level":0.95,"lower_bound":0.5823328176681659,"upper_bound":1.1230257105545522},"point_estimate":0.7378948607535073,"standard_error":0.14128377817983784},"Slope":{"confidence_interval":{"confidence_level":0.95,"lower_bound":121.101583198484,"upper_bound":121.85253948668031},"point_estimate":121.43658680964762,"standard_error":0.19299523348251624},"StdDev":{"confidence_interval":{"confidence_level":0.95,"lower_bound":1.6618163028934814,"upper_bound":3.068318668486868},"point_estimate":2.4365435465655474,"standard_error":0.3603790082660254}}