{"Mean":{"confidence_interval":{"confidence_level":0.95,"lower_bound":119.70370001698664,"upper_bound":120.78675484774165},"point_estimate":120.1865324256559,"standard_error":0.27824228604691237},"Median":{"confidence_interval":{"confidence_level":0.95,"lower_bound":119.30129972930627,"upper_bound":119.65093350253306},"point_estimate":119.39349672718683,"standard_error":0.09468621427482164},"MedianAbsDev":{"confidence_interval":{"confidence_level":0.95,"lower_bound":0.46796182740650544,"upper_bound":0.8341282067510163},"point_estimate":0.6607705661589325,"standard_error":0.09887875728339378},"Slope":{"confidence_interval":{"confidence_level":0.95,"lower_bound":119.57204603402036,"upper_bound":121.68313389313326},"point_estimate":120.43771996217899,"standard_error":0.5564177054685586},"StdDev":{"confidence_interval":{"confidence_level":0.95,"lower_bound":1.2702140340975867,"upper_bound":3.985876209727652},"point_estimate":2.7901421903107932,"standard_error":0.6891011229663845}}