{"Mean":{"confidence_interval":{"confidence_level":0.95,"lower_bound":286.0877164230917,"upper_bound":298.5267927934593},"point_estimate":291.31622688578665,"standard_error":3.250147094580001},"Median":{"confidence_interval":{"confidence_level":0.95,"lower_bound":284.24958539742045,"upper_bound":285.94355953325027},"point_estimate":285.0462458509518,"standard_error":0.4801958738933922},"MedianAbsDev":{"confidence_interval":{"confidence_level":0.95,"lower_bound":2.3476102553270004,"upper_bound":3.9283351158788005},"point_estimate":3.072385787378663,"standard_error":0.4259017584577815},"Slope":{"confidence_interval":{"confidence_level":0.95,"lower_bound":286.45942113568924,"upper_bound":291.4835269802325},"point_estimate":288.5870304224804,"standard_error":1.2944974889186651},"StdDev":{"confidence_interval":{"confidence_level":0.95,"lower_bound":5.553987051446459,"upper_bound":50.07734195214017},"point_estimate":32.677506177930205,"standard_error":11.800120638530156}}