{"Mean":{"confidence_interval":{"confidence_level":0.95,"lower_bound":284.8416252849038,"upper_bound":286.13204047391457},"point_estimate":285.41451256588584,"standard_error":0.33268873026385526},"Median":{"confidence_interval":{"confidence_level":0.95,"lower_bound":284.57698139400105,"upper_bound":284.9802707289812},"point_estimate":284.77903377244627,"standard_error":0.09824248429179314},"MedianAbsDev":{"confidence_interval":{"confidence_level":0.95,"lower_bound":0.643202438769812,"upper_bound":1.1807041104068214},"point_estimate":0.9497002100664318,"standard_error":0.14541313739177625},"Slope":{"confidence_interval":{"confidence_level":0.95,"lower_bound":285.109020562523,"upper_bound":287.0676293522225},"point_estimate":285.9661035467218,"standard_error":0.5034063014872059},"StdDev":{"confidence_interval":{"confidence_level":0.95,"lower_bound":1.304186966031711,"upper_bound":4.873338263225663},"point_estimate":3.341298290991661,"standard_error":0.9080844463995318}}