{"Mean":{"confidence_interval":{"confidence_level":0.95,"lower_bound":90.06198289270134,"upper_bound":91.46151360642092},"point_estimate":90.6930688573054,"standard_error":0.3579849275549927},"Median":{"confidence_interval":{"confidence_level":0.95,"lower_bound":89.35440163742192,"upper_bound":89.48599633522613},"point_estimate":89.3788598960221,"standard_error":0.03647166976860438},"MedianAbsDev":{"confidence_interval":{"confidence_level":0.95,"lower_bound":0.25823834528754064,"upper_bound":0.5219513393261356},"point_estimate":0.35461608551571955,"standard_error":0.06902100510424422},"Slope":{"confidence_interval":{"confidence_level":0.95,"lower_bound":89.7816812408545,"upper_bound":90.86061654903575},"point_estimate":90.23924756454862,"standard_error":0.27644507747491337},"StdDev":{"confidence_interval":{"confidence_level":0.95,"lower_bound":2.0263400932666307,"upper_bound":5.1170830382727335},"point_estimate":3.5984353986247553,"standard_error":0.8273770167082075}}