{"Mean":{"confidence_interval":{"confidence_level":0.95,"lower_bound":89.46879641556318,"upper_bound":90.0603058547932},"point_estimate":89.74119125722582,"standard_error":0.1513380303626356},"Median":{"confidence_interval":{"confidence_level":0.95,"lower_bound":89.1534348113444,"upper_bound":89.45553066100581},"point_estimate":89.22773546210756,"standard_error":0.07854934269502599},"MedianAbsDev":{"confidence_interval":{"confidence_level":0.95,"lower_bound":0.31708609815405264,"upper_bound":0.5930480099120973},"point_estimate":0.4242810944374969,"standard_error":0.06886391998120125},"Slope":{"confidence_interval":{"confidence_level":0.95,"lower_bound":89.33023515171952,"upper_bound":89.76623592157321},"point_estimate":89.52806565639062,"standard_error":0.11185777504887895},"StdDev":{"confidence_interval":{"confidence_level":0.95,"lower_bound":0.9034812204070853,"upper_bound":2.031319930262758},"point_estimate":1.524968639289764,"standard_error":0.2879786135756239}}