{"Mean":{"confidence_interval":{"confidence_level":0.95,"lower_bound":3864.4346749883707,"upper_bound":3894.7601446313206},"point_estimate":3878.563856653065,"standard_error":7.761091404278672},"Median":{"confidence_interval":{"confidence_level":0.95,"lower_bound":3844.242055442867,"upper_bound":3878.434110247873},"point_estimate":3862.24845130688,"standard_error":8.44063609330103},"MedianAbsDev":{"confidence_interval":{"confidence_level":0.95,"lower_bound":40.92916832263384,"upper_bound":68.46596155117628},"point_estimate":53.73665517693919,"standard_error":7.45199424481183},"Slope":{"confidence_interval":{"confidence_level":0.95,"lower_bound":3866.14156846589,"upper_bound":3890.8270770425593},"point_estimate":3878.419056841593,"standard_error":6.297294987418909},"StdDev":{"confidence_interval":{"confidence_level":0.95,"lower_bound":52.243298211544484,"upper_bound":104.56693865677927},"point_estimate":78.18442113872044,"standard_error":13.759826614588365}}