{"Mean":{"confidence_interval":{"confidence_level":0.95,"lower_bound":3845.709668395562,"upper_bound":3904.0584001297316},"point_estimate":3870.660515115115,"standard_error":15.100548651403448},"Median":{"confidence_interval":{"confidence_level":0.95,"lower_bound":3820.8032346723044,"upper_bound":3835.8057330266633},"point_estimate":3829.4512545957296,"standard_error":4.222953446484456},"MedianAbsDev":{"confidence_interval":{"confidence_level":0.95,"lower_bound":19.41248745682375,"upper_bound":39.00944477471382},"point_estimate":28.70794006786771,"standard_error":5.154018886442633},"Slope":{"confidence_interval":{"confidence_level":0.95,"lower_bound":3831.8859359029457,"upper_bound":3863.053091472377},"point_estimate":3845.22366903681,"standard_error":7.996975456933468},"StdDev":{"confidence_interval":{"confidence_level":0.95,"lower_bound":60.683346861379576,"upper_bound":236.43138659171365},"point_estimate":152.16884091889162,"standard_error":50.1881227250134}}