{"Mean":{"confidence_interval":{"confidence_level":0.95,"lower_bound":37.560099316308666,"upper_bound":38.328509626574},"point_estimate":37.90272394354467,"standard_error":0.19778521187280726},"Median":{"confidence_interval":{"confidence_level":0.95,"lower_bound":37.31511308770318,"upper_bound":37.382067658306724},"point_estimate":37.356238080255245,"standard_error":0.017712062872241474},"MedianAbsDev":{"confidence_interval":{"confidence_level":0.95,"lower_bound":0.09417991774531687,"upper_bound":0.16678661482603346},"point_estimate":0.1283120684280628,"standard_error":0.019390958248115275},"Slope":{"confidence_interval":{"confidence_level":0.95,"lower_bound":37.52648640357,"upper_bound":38.43212568236968},"point_estimate":37.903451012856394,"standard_error":0.235232726916325},"StdDev":{"confidence_interval":{"confidence_level":0.95,"lower_bound":0.8723700201658227,"upper_bound":2.79050175082401},"point_estimate":1.9829292135968712,"standard_error":0.4748197775685092}}