{"Mean":{"confidence_interval":{"confidence_level":0.95,"lower_bound":37.366220708588855,"upper_bound":37.56455768824644},"point_estimate":37.4449311542638,"standard_error":0.052027045569521875},"Median":{"confidence_interval":{"confidence_level":0.95,"lower_bound":37.33414673229594,"upper_bound":37.38704284564728},"point_estimate":37.35765126259723,"standard_error":0.013222434565938284},"MedianAbsDev":{"confidence_interval":{"confidence_level":0.95,"lower_bound":0.07401818111445421,"upper_bound":0.1205583638094048},"point_estimate":0.09098694209466539,"standard_error":0.011989959933308973},"Slope":{"confidence_interval":{"confidence_level":0.95,"lower_bound":37.41277397837437,"upper_bound":37.63391493543663},"point_estimate":37.501136479159136,"standard_error":0.05805544510563817},"StdDev":{"confidence_interval":{"confidence_level":0.95,"lower_bound":0.16215272925301208,"upper_bound":0.8538704668963287},"point_estimate":0.5240406275787199,"standard_error":0.22138822020902038}}