{"Mean":{"confidence_interval":{"confidence_level":0.95,"lower_bound":35.75208988073146,"upper_bound":35.92384954744835},"point_estimate":35.8288554406978,"standard_error":0.044187328574959536},"Median":{"confidence_interval":{"confidence_level":0.95,"lower_bound":35.69558303747695,"upper_bound":35.742950046231684},"point_estimate":35.71427446113561,"standard_error":0.011399054163519842},"MedianAbsDev":{"confidence_interval":{"confidence_level":0.95,"lower_bound":0.06884132599964782,"upper_bound":0.12163207257429706},"point_estimate":0.09413350665336241,"standard_error":0.013843784408190354},"Slope":{"confidence_interval":{"confidence_level":0.95,"lower_bound":35.7881870411777,"upper_bound":35.947122812046224},"point_estimate":35.86253439034275,"standard_error":0.040780967832172235},"StdDev":{"confidence_interval":{"confidence_level":0.95,"lower_bound":0.215326432034068,"upper_bound":0.629160907971443},"point_estimate":0.4434866192649219,"standard_error":0.10763424849336892}}