{"Mean":{"confidence_interval":{"confidence_level":0.95,"lower_bound":8.243239005998372,"upper_bound":8.310236794790518},"point_estimate":8.268154164642262,"standard_error":0.018485561254674456},"Median":{"confidence_interval":{"confidence_level":0.95,"lower_bound":8.233697715317215,"upper_bound":8.243302447376372},"point_estimate":8.237170914114433,"standard_error":0.002465245638415294},"MedianAbsDev":{"confidence_interval":{"confidence_level":0.95,"lower_bound":0.012751372502753454,"upper_bound":0.022052307914129314},"point_estimate":0.0171131233819564,"standard_error":0.002380091190629483},"Slope":{"confidence_interval":{"confidence_level":0.95,"lower_bound":8.241738316841435,"upper_bound":8.278762062969951},"point_estimate":8.256949227550683,"standard_error":0.009665138688695245},"StdDev":{"confidence_interval":{"confidence_level":0.95,"lower_bound":0.029862704740621224,"upper_bound":0.31353741893537157},"point_estimate":0.18647390041635237,"standard_error":0.09378625486714727}}