{"Mean":{"confidence_interval":{"confidence_level":0.95,"lower_bound":8.245506054034623,"upper_bound":8.274369003108466},"point_estimate":8.258534685333796,"standard_error":0.007395732532901582},"Median":{"confidence_interval":{"confidence_level":0.95,"lower_bound":8.234349000122009,"upper_bound":8.247079561811088},"point_estimate":8.241007911158801,"standard_error":0.0034832700627572275},"MedianAbsDev":{"confidence_interval":{"confidence_level":0.95,"lower_bound":0.01611989759351665,"upper_bound":0.02708828978862675},"point_estimate":0.019815619185010007,"standard_error":0.0027357549958248423},"Slope":{"confidence_interval":{"confidence_level":0.95,"lower_bound":8.249005933937998,"upper_bound":8.28494943195924},"point_estimate":8.265202265689311,"standard_error":0.009219296960288366},"StdDev":{"confidence_interval":{"confidence_level":0.95,"lower_bound":0.040764803802022784,"upper_bound":0.10339359089856405},"point_estimate":0.07434375123424798,"standard_error":0.016081813316815546}}