{"Mean":{"confidence_interval":{"confidence_level":0.95,"lower_bound":312.349158987287,"upper_bound":315.1858192575649},"point_estimate":313.6527772447286,"standard_error":0.7261236725294462},"Median":{"confidence_interval":{"confidence_level":0.95,"lower_bound":310.62365444261997,"upper_bound":313.07681282815383},"point_estimate":311.50883916260693,"standard_error":0.6264468762265758},"MedianAbsDev":{"confidence_interval":{"confidence_level":0.95,"lower_bound":2.9337123186668084,"upper_bound":5.241370981496107},"point_estimate":3.863051848468239,"standard_error":0.5999846282295433},"Slope":{"confidence_interval":{"confidence_level":0.95,"lower_bound":310.65030952109845,"upper_bound":312.37193653357645},"point_estimate":311.4378049228838,"standard_error":0.4397068976720929},"StdDev":{"confidence_interval":{"confidence_level":0.95,"lower_bound":4.282634778380753,"upper_bound":10.245233435918562},"point_estimate":7.2762162933564065,"standard_error":1.6007381077014435}}