{"Mean":{"confidence_interval":{"confidence_level":0.95,"lower_bound":31.222960844663135,"upper_bound":31.573172544894387},"point_estimate":31.36677639329723,"standard_error":0.0913469342633378},"Median":{"confidence_interval":{"confidence_level":0.95,"lower_bound":31.163510928894844,"upper_bound":31.193963474884306},"point_estimate":31.181989930481336,"standard_error":0.008228071342156694},"MedianAbsDev":{"confidence_interval":{"confidence_level":0.95,"lower_bound":0.04570395223114194,"upper_bound":0.09469334190149062},"point_estimate":0.06394724551292945,"standard_error":0.012638157988571807},"Slope":{"confidence_interval":{"confidence_level":0.95,"lower_bound":31.191258855756775,"upper_bound":31.372998056602533},"point_estimate":31.267547886392936,"standard_error":0.047391487562799366},"StdDev":{"confidence_interval":{"confidence_level":0.95,"lower_bound":0.27550745904218776,"upper_bound":1.4816765923475583},"point_estimate":0.9235933612213825,"standard_error":0.35806934016244524}}