{"Mean":{"confidence_interval":{"confidence_level":0.95,"lower_bound":31.219540495901626,"upper_bound":31.60303742383147},"point_estimate":31.386735292835166,"standard_error":0.09883166943073414},"Median":{"confidence_interval":{"confidence_level":0.95,"lower_bound":31.07172757792529,"upper_bound":31.153285600636437},"point_estimate":31.11481111069019,"standard_error":0.023065908271362342},"MedianAbsDev":{"confidence_interval":{"confidence_level":0.95,"lower_bound":0.1274812917842094,"upper_bound":0.2491475252008501},"point_estimate":0.19373878104732328,"standard_error":0.03197183853711046},"Slope":{"confidence_interval":{"confidence_level":0.95,"lower_bound":31.28201318455395,"upper_bound":31.598775465747725},"point_estimate":31.42790571822473,"standard_error":0.08115217408804688},"StdDev":{"confidence_interval":{"confidence_level":0.95,"lower_bound":0.3825411311997301,"upper_bound":1.4767450390881383},"point_estimate":0.9885295081152075,"standard_error":0.28267647063888796}}