{"Mean":{"confidence_interval":{"confidence_level":0.95,"lower_bound":31.29628998097754,"upper_bound":31.58123924550083},"point_estimate":31.4242661450178,"standard_error":0.07302205245377316},"Median":{"confidence_interval":{"confidence_level":0.95,"lower_bound":31.148827793060846,"upper_bound":31.30942005445434},"point_estimate":31.25924437258914,"standard_error":0.03795464239299997},"MedianAbsDev":{"confidence_interval":{"confidence_level":0.95,"lower_bound":0.19887439097935344,"upper_bound":0.35522583276121594},"point_estimate":0.2992088432151085,"standard_error":0.036937845047100897},"Slope":{"confidence_interval":{"confidence_level":0.95,"lower_bound":31.16550344609705,"upper_bound":31.334911134869458},"point_estimate":31.240100835609528,"standard_error":0.04335323985172523},"StdDev":{"confidence_interval":{"confidence_level":0.95,"lower_bound":0.3673162364025728,"upper_bound":1.0589217379691243},"point_estimate":0.7367755200430008,"standard_error":0.17931059038093147}}