{"Mean":{"confidence_interval":{"confidence_level":0.95,"lower_bound":1960.920528964597,"upper_bound":1980.0136415988088},"point_estimate":1969.8759240749464,"standard_error":4.88465763233685},"Median":{"confidence_interval":{"confidence_level":0.95,"lower_bound":1945.4435096153848,"upper_bound":1955.3194571428571},"point_estimate":1948.8862015151515,"standard_error":2.2888353962570047},"MedianAbsDev":{"confidence_interval":{"confidence_level":0.95,"lower_bound":8.581904607061295,"upper_bound":23.833836481783393},"point_estimate":13.585397625174572,"standard_error":3.602226017434239},"Slope":{"confidence_interval":{"confidence_level":0.95,"lower_bound":1955.5761582323773,"upper_bound":1969.9713953721086},"point_estimate":1962.3545707048913,"standard_error":3.691848880484565},"StdDev":{"confidence_interval":{"confidence_level":0.95,"lower_bound":33.435644172849685,"upper_bound":62.98885942163256},"point_estimate":49.093303813577265,"standard_error":7.5775883649105085}}