{"Mean":{"confidence_interval":{"confidence_level":0.95,"lower_bound":2008.7244938140395,"upper_bound":2035.1403887679826},"point_estimate":2018.3080241228504,"standard_error":7.6073397266253195},"Median":{"confidence_interval":{"confidence_level":0.95,"lower_bound":2006.1959848498268,"upper_bound":2009.2230422494918},"point_estimate":2007.7766190166776,"standard_error":0.7576067474476166},"MedianAbsDev":{"confidence_interval":{"confidence_level":0.95,"lower_bound":4.016791460016649,"upper_bound":6.773343637871326},"point_estimate":5.254935500623522,"standard_error":0.6646054590300614},"Slope":{"confidence_interval":{"confidence_level":0.95,"lower_bound":2008.1355493933702,"upper_bound":2013.8224937807604},"point_estimate":2010.7546297847032,"standard_error":1.4556519965487404},"StdDev":{"confidence_interval":{"confidence_level":0.95,"lower_bound":9.61289559746401,"upper_bound":129.62426472454166},"point_estimate":76.44202336233266,"standard_error":41.212950818730924}}