{"Mean":{"confidence_interval":{"confidence_level":0.95,"lower_bound":23.08780198298238,"upper_bound":23.23789768035827},"point_estimate":23.153389427635986,"standard_error":0.03860861730679609},"Median":{"confidence_interval":{"confidence_level":0.95,"lower_bound":23.04977770253945,"upper_bound":23.089644080333336},"point_estimate":23.06578346531213,"standard_error":0.00915270422779292},"MedianAbsDev":{"confidence_interval":{"confidence_level":0.95,"lower_bound":0.06340984758182756,"upper_bound":0.13030228035165167},"point_estimate":0.0910096412196929,"standard_error":0.017415352737404067},"Slope":{"confidence_interval":{"confidence_level":0.95,"lower_bound":23.09067032454266,"upper_bound":23.174348720281998},"point_estimate":23.129773501335325,"standard_error":0.021360041147672742},"StdDev":{"confidence_interval":{"confidence_level":0.95,"lower_bound":0.16891371102439134,"upper_bound":0.5930227245018207},"point_estimate":0.3894731141937087,"standard_error":0.11992205711687745}}