{"Mean":{"confidence_interval":{"confidence_level":0.95,"lower_bound":23.329268123548427,"upper_bound":23.483277151584133},"point_estimate":23.40166412422637,"standard_error":0.03937674182430648},"Median":{"confidence_interval":{"confidence_level":0.95,"lower_bound":23.207638605352166,"upper_bound":23.316254611297254},"point_estimate":23.252797296171735,"standard_error":0.02723848961731442},"MedianAbsDev":{"confidence_interval":{"confidence_level":0.95,"lower_bound":0.10801646217761829,"upper_bound":0.24724405458495996},"point_estimate":0.172344215355343,"standard_error":0.03423286763783111},"Slope":{"confidence_interval":{"confidence_level":0.95,"lower_bound":23.309554784242174,"upper_bound":23.570316488416147},"point_estimate":23.432206609153422,"standard_error":0.0667689355439344},"StdDev":{"confidence_interval":{"confidence_level":0.95,"lower_bound":0.2798020194916258,"upper_bound":0.49018552222221495},"point_estimate":0.3952838372013779,"standard_error":0.05364633069343582}}