{"Mean":{"confidence_interval":{"confidence_level":0.95,"lower_bound":25.996839677466824,"upper_bound":26.0879712679341},"point_estimate":26.03911189202386,"standard_error":0.023266687661646874},"Median":{"confidence_interval":{"confidence_level":0.95,"lower_bound":25.974126733221695,"upper_bound":26.0172910208317},"point_estimate":25.991214502279714,"standard_error":0.010727025619178526},"MedianAbsDev":{"confidence_interval":{"confidence_level":0.95,"lower_bound":0.07535933465122903,"upper_bound":0.12280223841701227},"point_estimate":0.09807577067119351,"standard_error":0.011767391986311458},"Slope":{"confidence_interval":{"confidence_level":0.95,"lower_bound":26.01272022137191,"upper_bound":26.105408653502753},"point_estimate":26.05647083741909,"standard_error":0.023714490673819946},"StdDev":{"confidence_interval":{"confidence_level":0.95,"lower_bound":0.1456434890857041,"upper_bound":0.3162450263533785},"point_estimate":0.2342557340819062,"standard_error":0.044031817704367204}}