{"Mean":{"confidence_interval":{"confidence_level":0.95,"lower_bound":301.1437889083923,"upper_bound":305.0504663492925},"point_estimate":303.02511366222575,"standard_error":1.0019212051940647},"Median":{"confidence_interval":{"confidence_level":0.95,"lower_bound":298.00839118623605,"upper_bound":299.39593509041515},"point_estimate":298.7655575634749,"standard_error":0.4397228680412461},"MedianAbsDev":{"confidence_interval":{"confidence_level":0.95,"lower_bound":1.7490597301982995,"upper_bound":4.060271897209715},"point_estimate":2.7258304642042597,"standard_error":0.5971263313910109},"Slope":{"confidence_interval":{"confidence_level":0.95,"lower_bound":305.32702330569697,"upper_bound":312.37172453543667},"point_estimate":308.93410241307504,"standard_error":1.7959972252107885},"StdDev":{"confidence_interval":{"confidence_level":0.95,"lower_bound":8.004428505110463,"upper_bound":11.628035372404065},"point_estimate":10.062988938747676,"standard_error":0.9268885600025883}}