{"Mean":{"confidence_interval":{"confidence_level":0.95,"lower_bound":30.104620900676576,"upper_bound":30.324244197152687},"point_estimate":30.204327311173802,"standard_error":0.056294825226830505},"Median":{"confidence_interval":{"confidence_level":0.95,"lower_bound":29.980402705371283,"upper_bound":30.14447234251666},"point_estimate":30.05990005154259,"standard_error":0.04303068084665592},"MedianAbsDev":{"confidence_interval":{"confidence_level":0.95,"lower_bound":0.17317352630249253,"upper_bound":0.3081630190121671},"point_estimate":0.23944864754555692,"standard_error":0.03492846272025994},"Slope":{"confidence_interval":{"confidence_level":0.95,"lower_bound":30.1196068255944,"upper_bound":30.447669624067174},"point_estimate":30.259912160372107,"standard_error":0.08501890808612679},"StdDev":{"confidence_interval":{"confidence_level":0.95,"lower_bound":0.30396776167473105,"upper_bound":0.7857756885780459},"point_estimate":0.5652439731441513,"standard_error":0.12368794356709266}}