{"Mean":{"confidence_interval":{"confidence_level":0.95,"lower_bound":108.33188485800461,"upper_bound":109.27774189003131},"point_estimate":108.76209454045085,"standard_error":0.24301812100118456},"Median":{"confidence_interval":{"confidence_level":0.95,"lower_bound":107.84507200720073,"upper_bound":108.61490107344068},"point_estimate":108.26891126612661,"standard_error":0.24371642712616892},"MedianAbsDev":{"confidence_interval":{"confidence_level":0.95,"lower_bound":0.8412556312049887,"upper_bound":1.3339750682829303},"point_estimate":1.03031727543759,"standard_error":0.11843730650018054},"Slope":{"confidence_interval":{"confidence_level":0.95,"lower_bound":108.00347690703555,"upper_bound":108.72999267105625},"point_estimate":108.32975358988537,"standard_error":0.18601184226361575},"StdDev":{"confidence_interval":{"confidence_level":0.95,"lower_bound":1.3168523013891735,"upper_bound":3.364667775908931},"point_estimate":2.4443846054618827,"standard_error":0.5232620122228152}}