{"Mean":{"confidence_interval":{"confidence_level":0.95,"lower_bound":285.06009073394256,"upper_bound":286.0967822488413},"point_estimate":285.56194599486594,"standard_error":0.26462038241382874},"Median":{"confidence_interval":{"confidence_level":0.95,"lower_bound":284.5648905697115,"upper_bound":285.3846553169536},"point_estimate":284.9304527249246,"standard_error":0.19609469619130337},"MedianAbsDev":{"confidence_interval":{"confidence_level":0.95,"lower_bound":1.1727003806947767,"upper_bound":2.226903868021514},"point_estimate":1.4689845561826123,"standard_error":0.28219154901764454},"Slope":{"confidence_interval":{"confidence_level":0.95,"lower_bound":285.9908397263459,"upper_bound":287.31765836032133},"point_estimate":286.6320142405263,"standard_error":0.3378499404220943},"StdDev":{"confidence_interval":{"confidence_level":0.95,"lower_bound":2.0813047755878236,"upper_bound":3.1478153268099085},"point_estimate":2.6571556111091406,"standard_error":0.27279738951387866}}