{"Mean":{"confidence_interval":{"confidence_level":0.95,"lower_bound":283.77479997861684,"upper_bound":285.0038709936266},"point_estimate":284.33633582824126,"standard_error":0.31570169416743704},"Median":{"confidence_interval":{"confidence_level":0.95,"lower_bound":283.37018928359623,"upper_bound":283.7407924284137},"point_estimate":283.5509769071965,"standard_error":0.09280437607408187},"MedianAbsDev":{"confidence_interval":{"confidence_level":0.95,"lower_bound":0.7213638979920663,"upper_bound":1.2510075714463278},"point_estimate":0.9569155470626246,"standard_error":0.1304030910432105},"Slope":{"confidence_interval":{"confidence_level":0.95,"lower_bound":283.49037086799825,"upper_bound":285.58455772784725},"point_estimate":284.38798594890693,"standard_error":0.5422586444222726},"StdDev":{"confidence_interval":{"confidence_level":0.95,"lower_bound":1.8755603373238903,"upper_bound":4.39471953159356},"point_estimate":3.184577243727338,"standard_error":0.6545599474765836}}