{"Mean":{"confidence_interval":{"confidence_level":0.95,"lower_bound":104.85754503725155,"upper_bound":105.71528699520194},"point_estimate":105.2370493665852,"standard_error":0.2206919964473978},"Median":{"confidence_interval":{"confidence_level":0.95,"lower_bound":104.33972550848301,"upper_bound":104.71767221451688},"point_estimate":104.48369885260632,"standard_error":0.0925840997365014},"MedianAbsDev":{"confidence_interval":{"confidence_level":0.95,"lower_bound":0.36551820270900964,"upper_bound":0.9055614246177122},"point_estimate":0.5785614837661913,"standard_error":0.13605182032257543},"Slope":{"confidence_interval":{"confidence_level":0.95,"lower_bound":104.63818797559361,"upper_bound":105.17031354470114},"point_estimate":104.88166514589169,"standard_error":0.13594255907200417},"StdDev":{"confidence_interval":{"confidence_level":0.95,"lower_bound":1.1588054419526266,"upper_bound":3.3065131525848135},"point_estimate":2.2210028516705287,"standard_error":0.6333061297545752}}