{"Mean":{"confidence_interval":{"confidence_level":0.95,"lower_bound":20.228213260931362,"upper_bound":20.513035102681656},"point_estimate":20.357188413612768,"standard_error":0.07315301355042371},"Median":{"confidence_interval":{"confidence_level":0.95,"lower_bound":20.10156681094068,"upper_bound":20.15931800115665},"point_estimate":20.133212693602,"standard_error":0.013226450645573868},"MedianAbsDev":{"confidence_interval":{"confidence_level":0.95,"lower_bound":0.08258720364634159,"upper_bound":0.1668949134233728},"point_estimate":0.11895058483583396,"standard_error":0.020903317630788905},"Slope":{"confidence_interval":{"confidence_level":0.95,"lower_bound":20.217805772754254,"upper_bound":20.532726889214356},"point_estimate":20.355471823042148,"standard_error":0.08101523342897293},"StdDev":{"confidence_interval":{"confidence_level":0.95,"lower_bound":0.3957802099936263,"upper_bound":1.0007625803352755},"point_estimate":0.7343912946351392,"standard_error":0.15269022212438338}}