{"Mean":{"confidence_interval":{"confidence_level":0.95,"lower_bound":21.14415200999152,"upper_bound":21.22288803346545},"point_estimate":21.179580656075974,"standard_error":0.020202480020238247},"Median":{"confidence_interval":{"confidence_level":0.95,"lower_bound":21.120723527949842,"upper_bound":21.14974877389166},"point_estimate":21.141425471932568,"standard_error":0.007683160798452547},"MedianAbsDev":{"confidence_interval":{"confidence_level":0.95,"lower_bound":0.03797349119183228,"upper_bound":0.07107235800673242},"point_estimate":0.04987418037649857,"standard_error":0.008529491972016759},"Slope":{"confidence_interval":{"confidence_level":0.95,"lower_bound":21.13510401701296,"upper_bound":21.249795413662234},"point_estimate":21.18612624246036,"standard_error":0.029567119688656794},"StdDev":{"confidence_interval":{"confidence_level":0.95,"lower_bound":0.09931300981520265,"upper_bound":0.2818903993897643},"point_estimate":0.20311423646973098,"standard_error":0.04618118643201831}}