{"Mean":{"confidence_interval":{"confidence_level":0.95,"lower_bound":255.43321484953123,"upper_bound":258.1687333658981},"point_estimate":256.55709654897356,"standard_error":0.7138902431957198},"Median":{"confidence_interval":{"confidence_level":0.95,"lower_bound":254.76975628747667,"upper_bound":255.28783288155796},"point_estimate":254.96555263598384,"standard_error":0.1406450068332832},"MedianAbsDev":{"confidence_interval":{"confidence_level":0.95,"lower_bound":0.8614043891036104,"upper_bound":1.6249219841270683},"point_estimate":1.25832657168833,"standard_error":0.1952683840486297},"Slope":{"confidence_interval":{"confidence_level":0.95,"lower_bound":255.6197044202302,"upper_bound":258.16524977662397},"point_estimate":256.70412380354406,"standard_error":0.6599523837186426},"StdDev":{"confidence_interval":{"confidence_level":0.95,"lower_bound":2.1302165870354743,"upper_bound":11.546457225069114},"point_estimate":7.19024355245432,"standard_error":2.7728918704717707}}