{"Mean":{"confidence_interval":{"confidence_level":0.95,"lower_bound":109.6183331756699,"upper_bound":110.34701968192968},"point_estimate":109.95187685167846,"standard_error":0.18672386995370557},"Median":{"confidence_interval":{"confidence_level":0.95,"lower_bound":109.3140931751418,"upper_bound":109.46649863013698},"point_estimate":109.36831724992143,"standard_error":0.042188532126564225},"MedianAbsDev":{"confidence_interval":{"confidence_level":0.95,"lower_bound":0.25929616399510835,"upper_bound":0.46663979348838447},"point_estimate":0.3343881035494036,"standard_error":0.05265589189269775},"Slope":{"confidence_interval":{"confidence_level":0.95,"lower_bound":109.5052848302853,"upper_bound":110.1139738333271},"point_estimate":109.78012602043357,"standard_error":0.15629155219650073},"StdDev":{"confidence_interval":{"confidence_level":0.95,"lower_bound":1.1057078531254259,"upper_bound":2.5002222784032555},"point_estimate":1.876630935152965,"standard_error":0.35581597502045903}}