{"Mean":{"confidence_interval":{"confidence_level":0.95,"lower_bound":79.06152841464693,"upper_bound":81.65913666948325},"point_estimate":80.08344786674367,"standard_error":0.6949371363401834},"Median":{"confidence_interval":{"confidence_level":0.95,"lower_bound":78.8087562772604,"upper_bound":78.9731859296825},"point_estimate":78.88181467376529,"standard_error":0.0470854573975937},"MedianAbsDev":{"confidence_interval":{"confidence_level":0.95,"lower_bound":0.23022725302242436,"upper_bound":0.4236832316230703},"point_estimate":0.3075624399152754,"standard_error":0.051113817256691486},"Slope":{"confidence_interval":{"confidence_level":0.95,"lower_bound":79.00486579411113,"upper_bound":79.52634448127903},"point_estimate":79.23079521229543,"standard_error":0.13470636947310777},"StdDev":{"confidence_interval":{"confidence_level":0.95,"lower_bound":0.7553230506685152,"upper_bound":11.43755385420029},"point_estimate":6.989114740009873,"standard_error":3.0566571642000704}}