{"Mean":{"confidence_interval":{"confidence_level":0.95,"lower_bound":79.88768026506989,"upper_bound":80.13811938227373},"point_estimate":80.00440350989615,"standard_error":0.06398259051017559},"Median":{"confidence_interval":{"confidence_level":0.95,"lower_bound":79.84467633989053,"upper_bound":79.91321388349597},"point_estimate":79.88899975039656,"standard_error":0.019958711201355627},"MedianAbsDev":{"confidence_interval":{"confidence_level":0.95,"lower_bound":0.14770251360608525,"upper_bound":0.26714186753988883},"point_estimate":0.21288230138898923,"standard_error":0.03025942665584883},"Slope":{"confidence_interval":{"confidence_level":0.95,"lower_bound":79.93856338054553,"upper_bound":80.2195430630811},"point_estimate":80.06549227741415,"standard_error":0.07201305804106645},"StdDev":{"confidence_interval":{"confidence_level":0.95,"lower_bound":0.39385719247401485,"upper_bound":0.8645297862855906},"point_estimate":0.643174891201245,"standard_error":0.12078406894839692}}