{"Mean":{"confidence_interval":{"confidence_level":0.95,"lower_bound":31.806393063090642,"upper_bound":32.78277044296479},"point_estimate":32.23638697907133,"standard_error":0.2514330531430149},"Median":{"confidence_interval":{"confidence_level":0.95,"lower_bound":31.376011714383473,"upper_bound":31.458255205842022},"point_estimate":31.408402401081744,"standard_error":0.020834414643149703},"MedianAbsDev":{"confidence_interval":{"confidence_level":0.95,"lower_bound":0.14095259905336444,"upper_bound":0.3079119909367504},"point_estimate":0.20825276517938118,"standard_error":0.04383992591535689},"Slope":{"confidence_interval":{"confidence_level":0.95,"lower_bound":31.627776044929842,"upper_bound":32.00427685155349},"point_estimate":31.800612872226306,"standard_error":0.0965560072019726},"StdDev":{"confidence_interval":{"confidence_level":0.95,"lower_bound":1.2024686128692434,"upper_bound":3.6897422334158927},"point_estimate":2.518527809499158,"standard_error":0.6523260264298724}}