{"Mean":{"confidence_interval":{"confidence_level":0.95,"lower_bound":33.599002452463864,"upper_bound":34.06823189135005},"point_estimate":33.79812544548201,"standard_error":0.12157613913096987},"Median":{"confidence_interval":{"confidence_level":0.95,"lower_bound":33.48984750994689,"upper_bound":33.525416688120316},"point_estimate":33.50228122253301,"standard_error":0.01098898392985831},"MedianAbsDev":{"confidence_interval":{"confidence_level":0.95,"lower_bound":0.055569551125178654,"upper_bound":0.10271010844510944},"point_estimate":0.07114427050235331,"standard_error":0.012590780399307161},"Slope":{"confidence_interval":{"confidence_level":0.95,"lower_bound":33.5989517343365,"upper_bound":34.07341732178933},"point_estimate":33.799829476206625,"standard_error":0.12257089774264417},"StdDev":{"confidence_interval":{"confidence_level":0.95,"lower_bound":0.3880517573386156,"upper_bound":1.9141967862764},"point_estimate":1.2242497737335054,"standard_error":0.41620924152767663}}