{"Mean":{"confidence_interval":{"confidence_level":0.95,"lower_bound":31.27712861382904,"upper_bound":31.535043780506218},"point_estimate":31.38870799537626,"standard_error":0.06667728547403326},"Median":{"confidence_interval":{"confidence_level":0.95,"lower_bound":31.209442644985213,"upper_bound":31.247886860689064},"point_estimate":31.235268413014214,"standard_error":0.010398191998714295},"MedianAbsDev":{"confidence_interval":{"confidence_level":0.95,"lower_bound":0.061411634360118414,"upper_bound":0.09829964706467514},"point_estimate":0.08624730656985742,"standard_error":0.00916753272572233},"Slope":{"confidence_interval":{"confidence_level":0.95,"lower_bound":31.272419199991838,"upper_bound":31.446671009625543},"point_estimate":31.348817383182496,"standard_error":0.0446288925417152},"StdDev":{"confidence_interval":{"confidence_level":0.95,"lower_bound":0.261180692383783,"upper_bound":1.0252286895402993},"point_estimate":0.6704348188731427,"standard_error":0.20890762597300433}}