{"Mean":{"confidence_interval":{"confidence_level":0.95,"lower_bound":1877.6224291746846,"upper_bound":1885.8735663902821},"point_estimate":1881.08576844755,"standard_error":2.142988015567535},"Median":{"confidence_interval":{"confidence_level":0.95,"lower_bound":1874.765513784461,"upper_bound":1877.100544217687},"point_estimate":1875.9539855334538,"standard_error":0.5419255963402773},"MedianAbsDev":{"confidence_interval":{"confidence_level":0.95,"lower_bound":3.391035606463756,"upper_bound":5.885350403051175},"point_estimate":4.621755376280737,"standard_error":0.6150841259090027},"Slope":{"confidence_interval":{"confidence_level":0.95,"lower_bound":1877.6843431600012,"upper_bound":1882.8525990366809},"point_estimate":1880.0635475409374,"standard_error":1.3267190086368574},"StdDev":{"confidence_interval":{"confidence_level":0.95,"lower_bound":8.516869533745519,"upper_bound":33.778395475095124},"point_estimate":21.540681414490418,"standard_error":7.678805405162171}}