{"Mean":{"confidence_interval":{"confidence_level":0.95,"lower_bound":261.7493582299089,"upper_bound":266.8554431967588},"point_estimate":264.081971522221,"standard_error":1.3105438443630817},"Median":{"confidence_interval":{"confidence_level":0.95,"lower_bound":259.47341605038883,"upper_bound":260.15681744085504},"point_estimate":259.79738368821126,"standard_error":0.15968007157071692},"MedianAbsDev":{"confidence_interval":{"confidence_level":0.95,"lower_bound":0.8377952445265278,"upper_bound":1.8913317914277208},"point_estimate":1.2482980104265098,"standard_error":0.27189332938485866},"Slope":{"confidence_interval":{"confidence_level":0.95,"lower_bound":261.6468017077168,"upper_bound":269.1042599132285},"point_estimate":264.9130948765915,"standard_error":1.9228296398984484},"StdDev":{"confidence_interval":{"confidence_level":0.95,"lower_bound":7.526057441043396,"upper_bound":17.498387931716973},"point_estimate":13.11666474032736,"standard_error":2.5448079018656955}}