{"Mean":{"confidence_interval":{"confidence_level":0.95,"lower_bound":64.38680194685467,"upper_bound":64.85774786426201},"point_estimate":64.59846153730123,"standard_error":0.12082364883168965},"Median":{"confidence_interval":{"confidence_level":0.95,"lower_bound":64.09337003139231,"upper_bound":64.26877467935964},"point_estimate":64.1629499302042,"standard_error":0.05348762223322653},"MedianAbsDev":{"confidence_interval":{"confidence_level":0.95,"lower_bound":0.19742760034487722,"upper_bound":0.4453250090024364},"point_estimate":0.2953380628759623,"standard_error":0.06735972983453554},"Slope":{"confidence_interval":{"confidence_level":0.95,"lower_bound":64.50810494935848,"upper_bound":65.30169548858679},"point_estimate":64.84770770144111,"standard_error":0.20588330382859044},"StdDev":{"confidence_interval":{"confidence_level":0.95,"lower_bound":0.6600101719685183,"upper_bound":1.7513768423639913},"point_estimate":1.2133132924337895,"standard_error":0.29302917516985905}}