{"Mean":{"confidence_interval":{"confidence_level":0.95,"lower_bound":64.55415016139956,"upper_bound":65.30211072835583},"point_estimate":64.84656766017402,"standard_error":0.19931401364708798},"Median":{"confidence_interval":{"confidence_level":0.95,"lower_bound":64.42822617213214,"upper_bound":64.5267151357874},"point_estimate":64.46095889888642,"standard_error":0.02576615158538796},"MedianAbsDev":{"confidence_interval":{"confidence_level":0.95,"lower_bound":0.14367750975657922,"upper_bound":0.2527498331032391},"point_estimate":0.19798439999608686,"standard_error":0.02738036618922437},"Slope":{"confidence_interval":{"confidence_level":0.95,"lower_bound":64.47754788323469,"upper_bound":64.92727480818313},"point_estimate":64.6745845710895,"standard_error":0.11551053463427337},"StdDev":{"confidence_interval":{"confidence_level":0.95,"lower_bound":0.45116226655130615,"upper_bound":3.311920209174888},"point_estimate":2.009191683507651,"standard_error":0.8974717556949005}}