{"Mean":{"confidence_interval":{"confidence_level":0.95,"lower_bound":42.53510294795699,"upper_bound":43.123231924171414},"point_estimate":42.800631449278505,"standard_error":0.15152902456231365},"Median":{"confidence_interval":{"confidence_level":0.95,"lower_bound":42.26714198917632,"upper_bound":42.442616292195126},"point_estimate":42.340765558865314,"standard_error":0.04357578005309763},"MedianAbsDev":{"confidence_interval":{"confidence_level":0.95,"lower_bound":0.23664869764489452,"upper_bound":0.4712357711973855},"point_estimate":0.323493501605942,"standard_error":0.06130873012323367},"Slope":{"confidence_interval":{"confidence_level":0.95,"lower_bound":42.45126309009307,"upper_bound":42.70383588020589},"point_estimate":42.57151467569112,"standard_error":0.06473962724910942},"StdDev":{"confidence_interval":{"confidence_level":0.95,"lower_bound":0.7785799554871092,"upper_bound":2.086672831017708},"point_estimate":1.521361017395904,"standard_error":0.3348847080298378}}