{"Mean":{"confidence_interval":{"confidence_level":0.95,"lower_bound":64.93161444959615,"upper_bound":65.65097532534254},"point_estimate":65.23912878715895,"standard_error":0.18669227315505468},"Median":{"confidence_interval":{"confidence_level":0.95,"lower_bound":64.7759770874642,"upper_bound":64.90637522698898},"point_estimate":64.83836536923528,"standard_error":0.03818706961045374},"MedianAbsDev":{"confidence_interval":{"confidence_level":0.95,"lower_bound":0.21882256486709972,"upper_bound":0.41609911186553167},"point_estimate":0.2955826172883186,"standard_error":0.04903967882343195},"Slope":{"confidence_interval":{"confidence_level":0.95,"lower_bound":64.91678010523677,"upper_bound":65.46632264646827},"point_estimate":65.14472383288481,"standard_error":0.14157029514217806},"StdDev":{"confidence_interval":{"confidence_level":0.95,"lower_bound":0.5570232711823808,"upper_bound":2.8376378068050396},"point_estimate":1.8726036092882865,"standard_error":0.604422872953999}}