{"Mean":{"confidence_interval":{"confidence_level":0.95,"lower_bound":65.9685474276928,"upper_bound":66.30258956836298},"point_estimate":66.12526894136397,"standard_error":0.08531712447592105},"Median":{"confidence_interval":{"confidence_level":0.95,"lower_bound":65.79799578059071,"upper_bound":66.02986741492253},"point_estimate":65.90470068999426,"standard_error":0.06248204472249557},"MedianAbsDev":{"confidence_interval":{"confidence_level":0.95,"lower_bound":0.30518457965220447,"upper_bound":0.549303560833256},"point_estimate":0.39357021029044387,"standard_error":0.06693030210360092},"Slope":{"confidence_interval":{"confidence_level":0.95,"lower_bound":65.99439590043376,"upper_bound":66.41389724518854},"point_estimate":66.18611803886824,"standard_error":0.10740931544914806},"StdDev":{"confidence_interval":{"confidence_level":0.95,"lower_bound":0.609937585167452,"upper_bound":1.065132233619868},"point_estimate":0.8578576356079409,"standard_error":0.11605925845021196}}