{"Mean":{"confidence_interval":{"confidence_level":0.95,"lower_bound":3934.1184718098248,"upper_bound":3966.250284498402},"point_estimate":3948.8402521685402,"standard_error":8.218148420805656},"Median":{"confidence_interval":{"confidence_level":0.95,"lower_bound":3913.6484848484847,"upper_bound":3946.8344785575046},"point_estimate":3924.9871993985716,"standard_error":9.563211203556754},"MedianAbsDev":{"confidence_interval":{"confidence_level":0.95,"lower_bound":35.146542431579974,"upper_bound":58.303218586583114},"point_estimate":41.76743811061156,"standard_error":6.028824195856697},"Slope":{"confidence_interval":{"confidence_level":0.95,"lower_bound":3927.5988836210877,"upper_bound":3978.948511235581},"point_estimate":3949.034331290272,"standard_error":13.38158697870307},"StdDev":{"confidence_interval":{"confidence_level":0.95,"lower_bound":50.57114620052868,"upper_bound":114.68862355222068},"point_estimate":82.46113839153705,"standard_error":17.246492778896283}}