{"Mean":{"confidence_interval":{"confidence_level":0.95,"lower_bound":3962.2246142405675,"upper_bound":3990.876702523433},"point_estimate":3974.23261446403,"standard_error":7.463391844478494},"Median":{"confidence_interval":{"confidence_level":0.95,"lower_bound":3959.536274226103,"upper_bound":3963.9838629979354},"point_estimate":3961.52056122449,"standard_error":1.2318210451748217},"MedianAbsDev":{"confidence_interval":{"confidence_level":0.95,"lower_bound":9.4367667264729,"upper_bound":17.06680399791533},"point_estimate":14.015287704239853,"standard_error":1.918234799574184},"Slope":{"confidence_interval":{"confidence_level":0.95,"lower_bound":3962.397655578808,"upper_bound":3997.1905381786837},"point_estimate":3976.0016031943737,"standard_error":9.231489547396492},"StdDev":{"confidence_interval":{"confidence_level":0.95,"lower_bound":17.5057197704064,"upper_bound":117.65911358401073},"point_estimate":75.27223608986252,"standard_error":27.02818986738324}}