{"Mean":{"confidence_interval":{"confidence_level":0.95,"lower_bound":9.334744733289078,"upper_bound":9.40212447355309},"point_estimate":9.363558184571424,"standard_error":0.017457308764148086},"Median":{"confidence_interval":{"confidence_level":0.95,"lower_bound":9.316700450354865,"upper_bound":9.33388294351867},"point_estimate":9.323361804756669,"standard_error":0.004748573097037411},"MedianAbsDev":{"confidence_interval":{"confidence_level":0.95,"lower_bound":0.02674671127858482,"upper_bound":0.053960971966853774},"point_estimate":0.03927824144864961,"standard_error":0.006961429395877667},"Slope":{"confidence_interval":{"confidence_level":0.95,"lower_bound":9.333180446281398,"upper_bound":9.419175369626112},"point_estimate":9.367083014841148,"standard_error":0.022792332510926196},"StdDev":{"confidence_interval":{"confidence_level":0.95,"lower_bound":0.05574987830926571,"upper_bound":0.26814411144736283},"point_estimate":0.17556062698547756,"standard_error":0.057288726643844594}}