{"Mean":{"confidence_interval":{"confidence_level":0.95,"lower_bound":737.459773607184,"upper_bound":748.3505406816865},"point_estimate":742.0123363554289,"standard_error":2.8222971970324493},"Median":{"confidence_interval":{"confidence_level":0.95,"lower_bound":735.1838978293413,"upper_bound":737.2261521261275},"point_estimate":736.0098926489127,"standard_error":0.46925471915409317},"MedianAbsDev":{"confidence_interval":{"confidence_level":0.95,"lower_bound":3.5516996575637396,"upper_bound":5.9539251380881035},"point_estimate":4.501247878558564,"standard_error":0.579156130213637},"Slope":{"confidence_interval":{"confidence_level":0.95,"lower_bound":738.1812859159616,"upper_bound":752.4252619210167},"point_estimate":743.6439631900673,"standard_error":3.8034454346666537},"StdDev":{"confidence_interval":{"confidence_level":0.95,"lower_bound":9.074697696019134,"upper_bound":44.849654977066734},"point_estimate":28.437499102606086,"standard_error":10.030553865085963}}