{"Mean":{"confidence_interval":{"confidence_level":0.95,"lower_bound":54.93278708278693,"upper_bound":56.19687323434112},"point_estimate":55.49036865472683,"standard_error":0.3240598182824337},"Median":{"confidence_interval":{"confidence_level":0.95,"lower_bound":54.4827682283381,"upper_bound":54.9048623807466},"point_estimate":54.62006661144005,"standard_error":0.0931180362384606},"MedianAbsDev":{"confidence_interval":{"confidence_level":0.95,"lower_bound":0.4834278495228312,"upper_bound":0.8922479112663522},"point_estimate":0.6985781068480904,"standard_error":0.10893323063361787},"Slope":{"confidence_interval":{"confidence_level":0.95,"lower_bound":54.621758874910505,"upper_bound":55.706562610158485},"point_estimate":55.06136683015275,"standard_error":0.28002806942335334},"StdDev":{"confidence_interval":{"confidence_level":0.95,"lower_bound":1.1724758831639932,"upper_bound":4.690515703345685},"point_estimate":3.2569839982456212,"standard_error":0.8609530705759924}}