{"Mean":{"confidence_interval":{"confidence_level":0.95,"lower_bound":58.05107949294755,"upper_bound":58.43201603906318},"point_estimate":58.22379670525971,"standard_error":0.09755021305800508},"Median":{"confidence_interval":{"confidence_level":0.95,"lower_bound":57.787142474055756,"upper_bound":58.01303051869537},"point_estimate":57.839532813352236,"standard_error":0.05543037772622268},"MedianAbsDev":{"confidence_interval":{"confidence_level":0.95,"lower_bound":0.22042758834537432,"upper_bound":0.5644931314152503},"point_estimate":0.3862636756920666,"standard_error":0.08621635672705943},"Slope":{"confidence_interval":{"confidence_level":0.95,"lower_bound":57.86589390026201,"upper_bound":58.18622934401145},"point_estimate":58.00236330509455,"standard_error":0.08277119534034288},"StdDev":{"confidence_interval":{"confidence_level":0.95,"lower_bound":0.608754293180923,"upper_bound":1.3690232270450047},"point_estimate":0.9798407732369784,"standard_error":0.20748978035603807}}