{"Mean":{"confidence_interval":{"confidence_level":0.95,"lower_bound":57.757347735870994,"upper_bound":59.144752717727094},"point_estimate":58.36112619969602,"standard_error":0.35678091192492356},"Median":{"confidence_interval":{"confidence_level":0.95,"lower_bound":57.47189763754181,"upper_bound":57.573622144174294},"point_estimate":57.54493147490403,"standard_error":0.022742812621853986},"MedianAbsDev":{"confidence_interval":{"confidence_level":0.95,"lower_bound":0.17451770084797244,"upper_bound":0.314976686631017},"point_estimate":0.24611327222831345,"standard_error":0.031747342973299175},"Slope":{"confidence_interval":{"confidence_level":0.95,"lower_bound":57.67876619987245,"upper_bound":58.638381997961936},"point_estimate":58.06004544325526,"standard_error":0.251991268982481},"StdDev":{"confidence_interval":{"confidence_level":0.95,"lower_bound":1.0958757133044126,"upper_bound":5.373457679059385},"point_estimate":3.589076210566878,"standard_error":1.0923515753375401}}