{"Mean":{"confidence_interval":{"confidence_level":0.95,"lower_bound":71.1411774810722,"upper_bound":72.59805616360117},"point_estimate":71.8032022302726,"standard_error":0.3743173009874578},"Median":{"confidence_interval":{"confidence_level":0.95,"lower_bound":70.40457802263184,"upper_bound":70.71143209507437},"point_estimate":70.5815587391217,"standard_error":0.09479264957321559},"MedianAbsDev":{"confidence_interval":{"confidence_level":0.95,"lower_bound":0.3575789333913345,"upper_bound":0.7424675230797985},"point_estimate":0.587931278994113,"standard_error":0.11234676924571435},"Slope":{"confidence_interval":{"confidence_level":0.95,"lower_bound":70.73361776260607,"upper_bound":71.38686193919261},"point_estimate":71.03367809906635,"standard_error":0.16758811586443464},"StdDev":{"confidence_interval":{"confidence_level":0.95,"lower_bound":2.092686910650128,"upper_bound":5.04652194106709},"point_estimate":3.744427779438054,"standard_error":0.7563655593638575}}