{"Mean":{"confidence_interval":{"confidence_level":0.95,"lower_bound":67.899547269586,"upper_bound":68.30744262939304},"point_estimate":68.0818663159153,"standard_error":0.10484923523611513},"Median":{"confidence_interval":{"confidence_level":0.95,"lower_bound":67.7541653156332,"upper_bound":67.84938049749361},"point_estimate":67.79947650338451,"standard_error":0.022806830788137153},"MedianAbsDev":{"confidence_interval":{"confidence_level":0.95,"lower_bound":0.12995482611037326,"upper_bound":0.21975988424741888},"point_estimate":0.17714854926092452,"standard_error":0.02315304562210631},"Slope":{"confidence_interval":{"confidence_level":0.95,"lower_bound":67.89899478863643,"upper_bound":68.36626588692738},"point_estimate":68.1083212474752,"standard_error":0.1200406959249271},"StdDev":{"confidence_interval":{"confidence_level":0.95,"lower_bound":0.5007401359313016,"upper_bound":1.4999385717629177},"point_estimate":1.0556015618920005,"standard_error":0.2541928253972074}}