{"Mean":{"confidence_interval":{"confidence_level":0.95,"lower_bound":64.79292571039687,"upper_bound":65.2218343569606},"point_estimate":64.99326649586156,"standard_error":0.10963628216424634},"Median":{"confidence_interval":{"confidence_level":0.95,"lower_bound":64.5190333259076,"upper_bound":64.69979588965668},"point_estimate":64.58178417919561,"standard_error":0.046901810889691135},"MedianAbsDev":{"confidence_interval":{"confidence_level":0.95,"lower_bound":0.25257360096339515,"upper_bound":0.5993919254426504},"point_estimate":0.4058006872345011,"standard_error":0.09090703474769281},"Slope":{"confidence_interval":{"confidence_level":0.95,"lower_bound":64.92920690790295,"upper_bound":65.38673098429656},"point_estimate":65.15674318783552,"standard_error":0.11671977279294263},"StdDev":{"confidence_interval":{"confidence_level":0.95,"lower_bound":0.7215071645345965,"upper_bound":1.454823229729962},"point_estimate":1.1051140062947906,"standard_error":0.18941801756893467}}