{"Mean":{"confidence_interval":{"confidence_level":0.95,"lower_bound":76.38034860217003,"upper_bound":77.41563572172971},"point_estimate":76.76496300709448,"standard_error":0.2904301797206203},"Median":{"confidence_interval":{"confidence_level":0.95,"lower_bound":76.18771361799503,"upper_bound":76.71055304638044},"point_estimate":76.44718146056923,"standard_error":0.16346697874043398},"MedianAbsDev":{"confidence_interval":{"confidence_level":0.95,"lower_bound":0.4814383184369808,"upper_bound":0.7551220683428541},"point_estimate":0.555713626848147,"standard_error":0.06921463917244783},"Slope":{"confidence_interval":{"confidence_level":0.95,"lower_bound":76.4673521621148,"upper_bound":77.63252125145145},"point_estimate":76.89257231874899,"standard_error":0.31594519167987156},"StdDev":{"confidence_interval":{"confidence_level":0.95,"lower_bound":0.5440026670845804,"upper_bound":4.945835753718087},"point_estimate":2.931386096481181,"standard_error":1.5137997913543237}}