{"Mean":{"confidence_interval":{"confidence_level":0.95,"lower_bound":77.72318750585077,"upper_bound":79.7030991893276},"point_estimate":78.44991537005392,"standard_error":0.5555320666335353},"Median":{"confidence_interval":{"confidence_level":0.95,"lower_bound":77.43219629099569,"upper_bound":77.61127165827608},"point_estimate":77.52222240674391,"standard_error":0.045907617124806725},"MedianAbsDev":{"confidence_interval":{"confidence_level":0.95,"lower_bound":0.2671725366055945,"upper_bound":0.49477438067647095},"point_estimate":0.38788645853066206,"standard_error":0.057895815096345164},"Slope":{"confidence_interval":{"confidence_level":0.95,"lower_bound":77.65126508868232,"upper_bound":78.18769374216336},"point_estimate":77.88604896932235,"standard_error":0.1382523495136411},"StdDev":{"confidence_interval":{"confidence_level":0.95,"lower_bound":0.8630305863162726,"upper_bound":9.428545930258103},"point_estimate":5.588072687463668,"standard_error":2.9002011611301617}}