{"Mean":{"confidence_interval":{"confidence_level":0.95,"lower_bound":73.88147193793594,"upper_bound":75.09871084951985},"point_estimate":74.40710474629022,"standard_error":0.3152688322895682},"Median":{"confidence_interval":{"confidence_level":0.95,"lower_bound":73.51298986401726,"upper_bound":73.82203939369377},"point_estimate":73.68439427212594,"standard_error":0.08201354618332009},"MedianAbsDev":{"confidence_interval":{"confidence_level":0.95,"lower_bound":0.6558417216768029,"upper_bound":1.3180254891779948},"point_estimate":0.9290932545526113,"standard_error":0.17294775938943044},"Slope":{"confidence_interval":{"confidence_level":0.95,"lower_bound":73.73419229831865,"upper_bound":74.69020797435127},"point_estimate":74.15155853420028,"standard_error":0.24471249692638153},"StdDev":{"confidence_interval":{"confidence_level":0.95,"lower_bound":1.2306494915404131,"upper_bound":4.872441223111521},"point_estimate":3.1693380452366684,"standard_error":1.002961457336871}}