{"Mean":{"confidence_interval":{"confidence_level":0.95,"lower_bound":59.35484653305136,"upper_bound":59.86666663692717},"point_estimate":59.59749268392564,"standard_error":0.13059059040498922},"Median":{"confidence_interval":{"confidence_level":0.95,"lower_bound":59.02477446113687,"upper_bound":59.10062491872277},"point_estimate":59.06303717957082,"standard_error":0.019932419856218405},"MedianAbsDev":{"confidence_interval":{"confidence_level":0.95,"lower_bound":0.17585309901616036,"upper_bound":0.3561808683503349},"point_estimate":0.24995030696651288,"standard_error":0.046299710468530195},"Slope":{"confidence_interval":{"confidence_level":0.95,"lower_bound":59.35017886342101,"upper_bound":60.01494996945111},"point_estimate":59.653241677255416,"standard_error":0.1710555276916936},"StdDev":{"confidence_interval":{"confidence_level":0.95,"lower_bound":0.9846128732121704,"upper_bound":1.57590257494714},"point_estimate":1.314191299668813,"standard_error":0.1508684268393688}}