{"Mean":{"confidence_interval":{"confidence_level":0.95,"lower_bound":59.12630919569309,"upper_bound":59.666826436816336},"point_estimate":59.36520122492325,"standard_error":0.13941270528773117},"Median":{"confidence_interval":{"confidence_level":0.95,"lower_bound":58.919281939907606,"upper_bound":59.01893511497291},"point_estimate":58.96555404989212,"standard_error":0.0274782234039315},"MedianAbsDev":{"confidence_interval":{"confidence_level":0.95,"lower_bound":0.1400648243752135,"upper_bound":0.27763376398492606},"point_estimate":0.20159202045343666,"standard_error":0.03627375852128674},"Slope":{"confidence_interval":{"confidence_level":0.95,"lower_bound":59.11056153106165,"upper_bound":59.881864216490115},"point_estimate":59.43833090382956,"standard_error":0.19899548716478643},"StdDev":{"confidence_interval":{"confidence_level":0.95,"lower_bound":0.6544918373659167,"upper_bound":2.0597919662153927},"point_estimate":1.4010097044910965,"standard_error":0.3703487226627272}}