{"Mean":{"confidence_interval":{"confidence_level":0.95,"lower_bound":59.82405513854774,"upper_bound":60.56596139445882},"point_estimate":60.14012688359256,"standard_error":0.19211120485692657},"Median":{"confidence_interval":{"confidence_level":0.95,"lower_bound":59.63436761717327,"upper_bound":59.77572404576438},"point_estimate":59.706450523159546,"standard_error":0.03860620320619236},"MedianAbsDev":{"confidence_interval":{"confidence_level":0.95,"lower_bound":0.1590002867859202,"upper_bound":0.3100304939688047},"point_estimate":0.22050735623939585,"standard_error":0.039953126132321826},"Slope":{"confidence_interval":{"confidence_level":0.95,"lower_bound":59.697620372984275,"upper_bound":60.17132338755476},"point_estimate":59.879595737803704,"standard_error":0.12636909559670295},"StdDev":{"confidence_interval":{"confidence_level":0.95,"lower_bound":0.4129232787467667,"upper_bound":2.9721867578642027},"point_estimate":1.9270999296032603,"standard_error":0.6484103934257316}}