{"Mean":{"confidence_interval":{"confidence_level":0.95,"lower_bound":29.96218525254465,"upper_bound":30.267068156229847},"point_estimate":30.092432878442217,"standard_error":0.0787030271820606},"Median":{"confidence_interval":{"confidence_level":0.95,"lower_bound":29.895277248717907,"upper_bound":29.934653247881023},"point_estimate":29.917097432259254,"standard_error":0.009495020229744688},"MedianAbsDev":{"confidence_interval":{"confidence_level":0.95,"lower_bound":0.06279619763370226,"upper_bound":0.12552906285391058},"point_estimate":0.08266318760827393,"standard_error":0.01617826051617553},"Slope":{"confidence_interval":{"confidence_level":0.95,"lower_bound":29.969073561784082,"upper_bound":30.478025559134803},"point_estimate":30.16582447241701,"standard_error":0.13542772587215696},"StdDev":{"confidence_interval":{"confidence_level":0.95,"lower_bound":0.26265253758141516,"upper_bound":1.2299849187180667},"point_estimate":0.7917612043944808,"standard_error":0.25847638806922935}}