{"Mean":{"confidence_interval":{"confidence_level":0.95,"lower_bound":33.686210547907514,"upper_bound":34.05643668707545},"point_estimate":33.85786068908475,"standard_error":0.09445792806804179},"Median":{"confidence_interval":{"confidence_level":0.95,"lower_bound":33.43003102709042,"upper_bound":33.54338709904113},"point_estimate":33.48733942270454,"standard_error":0.03163158771035838},"MedianAbsDev":{"confidence_interval":{"confidence_level":0.95,"lower_bound":0.1666018937334934,"upper_bound":0.35232967163244294},"point_estimate":0.25982412369756586,"standard_error":0.05261897327672449},"Slope":{"confidence_interval":{"confidence_level":0.95,"lower_bound":33.656096474285164,"upper_bound":34.16108934775034},"point_estimate":33.8625154324117,"standard_error":0.13166782920474326},"StdDev":{"confidence_interval":{"confidence_level":0.95,"lower_bound":0.6278616693462966,"upper_bound":1.2499203998289268},"point_estimate":0.9449902932212264,"standard_error":0.16112030543698164}}