{"Mean":{"confidence_interval":{"confidence_level":0.95,"lower_bound":43.825602788889036,"upper_bound":44.79037303889171},"point_estimate":44.24029285670949,"standard_error":0.24868508491235167},"Median":{"confidence_interval":{"confidence_level":0.95,"lower_bound":43.5673867406725,"upper_bound":43.69909062390568},"point_estimate":43.611338767481556,"standard_error":0.03794526336132364},"MedianAbsDev":{"confidence_interval":{"confidence_level":0.95,"lower_bound":0.18583029772194964,"upper_bound":0.31047953575888937},"point_estimate":0.2520575710459598,"standard_error":0.030294215262385092},"Slope":{"confidence_interval":{"confidence_level":0.95,"lower_bound":43.75136442651685,"upper_bound":44.49578959737694},"point_estimate":44.068620571149644,"standard_error":0.19145932928075876},"StdDev":{"confidence_interval":{"confidence_level":0.95,"lower_bound":0.7788542032164224,"upper_bound":3.8189015655899383},"point_estimate":2.507804952468979,"standard_error":0.7785327649773416}}