{"Mean":{"confidence_interval":{"confidence_level":0.95,"lower_bound":30.702809555627855,"upper_bound":31.31502834986279},"point_estimate":30.96913233427788,"standard_error":0.15734085614956578},"Median":{"confidence_interval":{"confidence_level":0.95,"lower_bound":30.55751165889407,"upper_bound":30.707679926592807},"point_estimate":30.64658407534955,"standard_error":0.03471754303729718},"MedianAbsDev":{"confidence_interval":{"confidence_level":0.95,"lower_bound":0.19605972520502307,"upper_bound":0.31191310475726847},"point_estimate":0.25088861924994216,"standard_error":0.026677323813444072},"Slope":{"confidence_interval":{"confidence_level":0.95,"lower_bound":30.68165234538144,"upper_bound":31.413754472400086},"point_estimate":30.98422146618925,"standard_error":0.19161473419205569},"StdDev":{"confidence_interval":{"confidence_level":0.95,"lower_bound":0.6148978328096845,"upper_bound":2.377741654201585},"point_estimate":1.5796678132999806,"standard_error":0.45945438031733965}}