{"Mean":{"confidence_interval":{"confidence_level":0.95,"lower_bound":31.801790360116318,"upper_bound":31.95069377994709},"point_estimate":31.86225892322731,"standard_error":0.03884205021051217},"Median":{"confidence_interval":{"confidence_level":0.95,"lower_bound":31.755930355700897,"upper_bound":31.805289416751293},"point_estimate":31.774300682396856,"standard_error":0.013685497371838738},"MedianAbsDev":{"confidence_interval":{"confidence_level":0.95,"lower_bound":0.0825777454271725,"upper_bound":0.1444483901026808},"point_estimate":0.10683587246247918,"standard_error":0.016517181504735405},"Slope":{"confidence_interval":{"confidence_level":0.95,"lower_bound":31.810127284438632,"upper_bound":31.99780708916778},"point_estimate":31.884070170910743,"standard_error":0.04934886757669224},"StdDev":{"confidence_interval":{"confidence_level":0.95,"lower_bound":0.14445597225356194,"upper_bound":0.6264219922513422},"point_estimate":0.3902420941921518,"standard_error":0.1556289262557253}}