{"Mean":{"confidence_interval":{"confidence_level":0.95,"lower_bound":25.89645356288113,"upper_bound":26.163551447030905},"point_estimate":26.01771622475824,"standard_error":0.06843496040929556},"Median":{"confidence_interval":{"confidence_level":0.95,"lower_bound":26.038723292437247,"upper_bound":26.130035635788623},"point_estimate":26.066124448824922,"standard_error":0.024500754309562875},"MedianAbsDev":{"confidence_interval":{"confidence_level":0.95,"lower_bound":0.21960154283780467,"upper_bound":0.5594672832435539},"point_estimate":0.35616504298611434,"standard_error":0.08063299356321617},"Slope":{"confidence_interval":{"confidence_level":0.95,"lower_bound":25.81196768627096,"upper_bound":26.058850990459742},"point_estimate":25.935082763564147,"standard_error":0.06307389074348466},"StdDev":{"confidence_interval":{"confidence_level":0.95,"lower_bound":0.4000092911990571,"upper_bound":1.010042257898431},"point_estimate":0.6881087181059593,"standard_error":0.18190284806637586}}