{"Mean":{"confidence_interval":{"confidence_level":0.95,"lower_bound":27.021779708664315,"upper_bound":27.223874887965525},"point_estimate":27.116831820545528,"standard_error":0.051725037324077114},"Median":{"confidence_interval":{"confidence_level":0.95,"lower_bound":26.969779896036556,"upper_bound":27.16807584187064},"point_estimate":27.123900413002808,"standard_error":0.04908476859861805},"MedianAbsDev":{"confidence_interval":{"confidence_level":0.95,"lower_bound":0.2410468322078965,"upper_bound":0.46087751451579767},"point_estimate":0.3722963811887931,"standard_error":0.05497772641592764},"Slope":{"confidence_interval":{"confidence_level":0.95,"lower_bound":27.010545289629043,"upper_bound":27.236414947338318},"point_estimate":27.116542196336525,"standard_error":0.057521204066730176},"StdDev":{"confidence_interval":{"confidence_level":0.95,"lower_bound":0.34255018845374346,"upper_bound":0.6812777995228474},"point_estimate":0.5184759658809515,"standard_error":0.08735819346308683}}