{"Mean":{"confidence_interval":{"confidence_level":0.95,"lower_bound":1974.6474021465958,"upper_bound":1982.5158656631647},"point_estimate":1978.260401596368,"standard_error":2.0155762799289216},"Median":{"confidence_interval":{"confidence_level":0.95,"lower_bound":1971.691693548387,"upper_bound":1974.7794438844087},"point_estimate":1973.1573655132534,"standard_error":0.7171474082453295},"MedianAbsDev":{"confidence_interval":{"confidence_level":0.95,"lower_bound":4.972527359484235,"upper_bound":8.518347103360831},"point_estimate":6.471174129786238,"standard_error":0.8546567723658968},"Slope":{"confidence_interval":{"confidence_level":0.95,"lower_bound":1977.3756724205807,"upper_bound":1986.7035458378402},"point_estimate":1981.5869772901701,"standard_error":2.3927427005750608},"StdDev":{"confidence_interval":{"confidence_level":0.95,"lower_bound":11.894019619225796,"upper_bound":26.9707528107905},"point_estimate":20.16403118558393,"standard_error":3.8383915275998457}}