{"Mean":{"confidence_interval":{"confidence_level":0.95,"lower_bound":1968.5615285086162,"upper_bound":1985.72391221715},"point_estimate":1976.6023233603535,"standard_error":4.382562797398731},"Median":{"confidence_interval":{"confidence_level":0.95,"lower_bound":1953.9844501793368,"upper_bound":1965.8534939239164},"point_estimate":1957.3916997922493,"standard_error":3.6757643833336036},"MedianAbsDev":{"confidence_interval":{"confidence_level":0.95,"lower_bound":8.445266574040735,"upper_bound":23.89503055844866},"point_estimate":13.817611081882179,"standard_error":4.615293303860076},"Slope":{"confidence_interval":{"confidence_level":0.95,"lower_bound":1960.6284767930413,"upper_bound":1973.4564534751296},"point_estimate":1966.4315294099456,"standard_error":3.2900360579265233},"StdDev":{"confidence_interval":{"confidence_level":0.95,"lower_bound":30.09570048281655,"upper_bound":56.68233015274636},"point_estimate":44.08787911480715,"standard_error":6.812675404818748}}