{"Mean":{"confidence_interval":{"confidence_level":0.95,"lower_bound":64.2413904346832,"upper_bound":64.6343387456103},"point_estimate":64.42659719708288,"standard_error":0.10029515739877443},"Median":{"confidence_interval":{"confidence_level":0.95,"lower_bound":63.912249431252164,"upper_bound":64.12029972840972},"point_estimate":64.0174429125222,"standard_error":0.05866303075753506},"MedianAbsDev":{"confidence_interval":{"confidence_level":0.95,"lower_bound":0.28905801723209873,"upper_bound":0.7199154854213909},"point_estimate":0.5004313156252921,"standard_error":0.1081968899300607},"Slope":{"confidence_interval":{"confidence_level":0.95,"lower_bound":64.34950637950895,"upper_bound":64.79689942267115},"point_estimate":64.56031261299435,"standard_error":0.1141111093605517},"StdDev":{"confidence_interval":{"confidence_level":0.95,"lower_bound":0.7249172558566324,"upper_bound":1.3088270278780374},"point_estimate":1.0069333966557097,"standard_error":0.1550250997437261}}