{"Mean":{"confidence_interval":{"confidence_level":0.95,"lower_bound":3342.576616221715,"upper_bound":3357.864500275122},"point_estimate":3349.7665621865267,"standard_error":3.907039592472094},"Median":{"confidence_interval":{"confidence_level":0.95,"lower_bound":3334.6249143835616,"upper_bound":3338.046436034363},"point_estimate":3336.42181069659,"standard_error":0.8948678517926285},"MedianAbsDev":{"confidence_interval":{"confidence_level":0.95,"lower_bound":6.915554684795168,"upper_bound":13.324877789734352},"point_estimate":10.112243241177964,"standard_error":1.6669334212764342},"Slope":{"confidence_interval":{"confidence_level":0.95,"lower_bound":3348.06506793964,"upper_bound":3375.759027025856},"point_estimate":3361.1232587638237,"standard_error":7.113213077388967},"StdDev":{"confidence_interval":{"confidence_level":0.95,"lower_bound":26.917303891641755,"upper_bound":49.29435214814853},"point_estimate":39.363584439823164,"standard_error":5.71876770130499}}