{"Mean":{"confidence_interval":{"confidence_level":0.95,"lower_bound":1954.066145940043,"upper_bound":1975.582319523901},"point_estimate":1963.7605629373804,"standard_error":5.533773956148518},"Median":{"confidence_interval":{"confidence_level":0.95,"lower_bound":1941.166376956045,"upper_bound":1946.4176659167604},"point_estimate":1942.9630516876384,"standard_error":1.4942153923966768},"MedianAbsDev":{"confidence_interval":{"confidence_level":0.95,"lower_bound":8.3480061964329,"upper_bound":17.56584292824168},"point_estimate":12.215225332477003,"standard_error":2.4273984108321565},"Slope":{"confidence_interval":{"confidence_level":0.95,"lower_bound":1956.1341355002967,"upper_bound":1976.321565012457},"point_estimate":1965.6728863323517,"standard_error":5.15416262359205},"StdDev":{"confidence_interval":{"confidence_level":0.95,"lower_bound":31.92014137363689,"upper_bound":79.19798416611236},"point_estimate":55.58033073631946,"standard_error":12.654577898064606}}