{"Mean":{"confidence_interval":{"confidence_level":0.95,"lower_bound":5.735130433998157,"upper_bound":5.76590474664765},"point_estimate":5.748745689377792,"standard_error":0.007892542612837589},"Median":{"confidence_interval":{"confidence_level":0.95,"lower_bound":5.721417460010508,"upper_bound":5.731751565232134},"point_estimate":5.725489800301426,"standard_error":0.003295865090311345},"MedianAbsDev":{"confidence_interval":{"confidence_level":0.95,"lower_bound":0.014691903584694774,"upper_bound":0.029336625383326983},"point_estimate":0.020097948853781442,"standard_error":0.003717260166668137},"Slope":{"confidence_interval":{"confidence_level":0.95,"lower_bound":5.736445403588098,"upper_bound":5.760140519647192},"point_estimate":5.747497863224283,"standard_error":0.006040899365910332},"StdDev":{"confidence_interval":{"confidence_level":0.95,"lower_bound":0.037471219964738726,"upper_bound":0.11846527914502046},"point_estimate":0.07964153636507401,"standard_error":0.021822483273900455}}