{"Mean":{"confidence_interval":{"confidence_level":0.95,"lower_bound":25.310355403576033,"upper_bound":25.652495744755182},"point_estimate":25.460429452510592,"standard_error":0.08801106051792808},"Median":{"confidence_interval":{"confidence_level":0.95,"lower_bound":25.197461825780778,"upper_bound":25.24725619171055},"point_estimate":25.224215936185672,"standard_error":0.011845931853962927},"MedianAbsDev":{"confidence_interval":{"confidence_level":0.95,"lower_bound":0.06769450555632424,"upper_bound":0.1357540634225733},"point_estimate":0.10006534108438424,"standard_error":0.01803236843779827},"Slope":{"confidence_interval":{"confidence_level":0.95,"lower_bound":25.3259748153741,"upper_bound":25.938467010434607},"point_estimate":25.585952199346213,"standard_error":0.15870569074271132},"StdDev":{"confidence_interval":{"confidence_level":0.95,"lower_bound":0.3420925111668964,"upper_bound":1.3032981626391198},"point_estimate":0.8829744934064931,"standard_error":0.24613175674378882}}