{"Mean":{"confidence_interval":{"confidence_level":0.95,"lower_bound":847.5574390764893,"upper_bound":859.2993070913467},"point_estimate":852.1651967606224,"standard_error":3.1282294332744383},"Median":{"confidence_interval":{"confidence_level":0.95,"lower_bound":845.8607358232241,"upper_bound":846.9846309608181},"point_estimate":846.393763365149,"standard_error":0.3148011027174157},"MedianAbsDev":{"confidence_interval":{"confidence_level":0.95,"lower_bound":2.824170873880861,"upper_bound":5.0510667798530555},"point_estimate":3.7164064142271913,"standard_error":0.6046617691347079},"Slope":{"confidence_interval":{"confidence_level":0.95,"lower_bound":847.8660575010132,"upper_bound":856.3350052927004},"point_estimate":851.5160092704623,"standard_error":2.1882238857204834},"StdDev":{"confidence_interval":{"confidence_level":0.95,"lower_bound":6.809646769842903,"upper_bound":51.83386665719952},"point_estimate":31.496098621446297,"standard_error":13.905548899073093}}