{"Mean":{"confidence_interval":{"confidence_level":0.95,"lower_bound":23.708910528897903,"upper_bound":23.821231787107237},"point_estimate":23.761838918587262,"standard_error":0.028764376815089043},"Median":{"confidence_interval":{"confidence_level":0.95,"lower_bound":23.619646955826912,"upper_bound":23.678442809288892},"point_estimate":23.66537141547096,"standard_error":0.01561164799117458},"MedianAbsDev":{"confidence_interval":{"confidence_level":0.95,"lower_bound":0.07348832790538196,"upper_bound":0.15962311651147196},"point_estimate":0.12302250966091939,"standard_error":0.022396778229925744},"Slope":{"confidence_interval":{"confidence_level":0.95,"lower_bound":23.776541168448617,"upper_bound":23.98292749603685},"point_estimate":23.873886401638543,"standard_error":0.052847287433751784},"StdDev":{"confidence_interval":{"confidence_level":0.95,"lower_bound":0.20095075110678387,"upper_bound":0.3650347780366034},"point_estimate":0.28874890116373697,"standard_error":0.04213346331937668}}