{"Mean":{"confidence_interval":{"confidence_level":0.95,"lower_bound":24.21620577960378,"upper_bound":24.63753015817668},"point_estimate":24.40126084488133,"standard_error":0.10837682756968912},"Median":{"confidence_interval":{"confidence_level":0.95,"lower_bound":24.13554078527963,"upper_bound":24.16418613274008},"point_estimate":24.149178970515045,"standard_error":0.00650263415461061},"MedianAbsDev":{"confidence_interval":{"confidence_level":0.95,"lower_bound":0.04537399301747879,"upper_bound":0.07639972402085922},"point_estimate":0.06291877867728368,"standard_error":0.00766337794735526},"Slope":{"confidence_interval":{"confidence_level":0.95,"lower_bound":24.233217352795453,"upper_bound":24.958084593332863},"point_estimate":24.555845853864852,"standard_error":0.1849372601770328},"StdDev":{"confidence_interval":{"confidence_level":0.95,"lower_bound":0.26794551998245997,"upper_bound":1.5837855700022057},"point_estimate":1.0883000390165594,"standard_error":0.30936482805893034}}