{"Mean":{"confidence_interval":{"confidence_level":0.95,"lower_bound":608.0189198515513,"upper_bound":611.3531049112714},"point_estimate":609.5700799969194,"standard_error":0.8530216337843108},"Median":{"confidence_interval":{"confidence_level":0.95,"lower_bound":606.2668505066209,"upper_bound":608.1246917385944},"point_estimate":606.7437494821695,"standard_error":0.4129574273795232},"MedianAbsDev":{"confidence_interval":{"confidence_level":0.95,"lower_bound":3.0493391938011403,"upper_bound":5.793536308899557},"point_estimate":4.159172839485934,"standard_error":0.6960497757668648},"Slope":{"confidence_interval":{"confidence_level":0.95,"lower_bound":608.2136432077641,"upper_bound":612.4743070224764},"point_estimate":610.1872226681417,"standard_error":1.0913541182693285},"StdDev":{"confidence_interval":{"confidence_level":0.95,"lower_bound":5.487846823273525,"upper_bound":11.35273051164386},"point_estimate":8.564097157201994,"standard_error":1.5115588934107}}