{"Mean":{"confidence_interval":{"confidence_level":0.95,"lower_bound":76.06178869267158,"upper_bound":76.90201200183616},"point_estimate":76.44695096193968,"standard_error":0.21526689534661264},"Median":{"confidence_interval":{"confidence_level":0.95,"lower_bound":75.60491292990747,"upper_bound":76.01436412833398},"point_estimate":75.78765723684883,"standard_error":0.11963943840722327},"MedianAbsDev":{"confidence_interval":{"confidence_level":0.95,"lower_bound":0.5304915641771918,"upper_bound":1.025642721951359},"point_estimate":0.7140538533124016,"standard_error":0.13613135292114956},"Slope":{"confidence_interval":{"confidence_level":0.95,"lower_bound":75.72487659420231,"upper_bound":76.22065691092823},"point_estimate":75.94369914662947,"standard_error":0.12669449030755447},"StdDev":{"confidence_interval":{"confidence_level":0.95,"lower_bound":1.2629919644017418,"upper_bound":2.8731112026214762},"point_estimate":2.1577652282785924,"standard_error":0.40895787226305613}}