{"Mean":{"confidence_interval":{"confidence_level":0.95,"lower_bound":76.75858642176159,"upper_bound":77.44281029334488},"point_estimate":77.09675557745408,"standard_error":0.1750733843803266},"Median":{"confidence_interval":{"confidence_level":0.95,"lower_bound":75.61881716885343,"upper_bound":78.34315893157193},"point_estimate":77.51240615279244,"standard_error":1.0540860842128097},"MedianAbsDev":{"confidence_interval":{"confidence_level":0.95,"lower_bound":0.5917713350238375,"upper_bound":3.187894634295476},"point_estimate":2.418419062170595,"standard_error":0.7867071787550591},"Slope":{"confidence_interval":{"confidence_level":0.95,"lower_bound":76.64487872668884,"upper_bound":77.58414955846239},"point_estimate":77.1106908393873,"standard_error":0.23923172156680636},"StdDev":{"confidence_interval":{"confidence_level":0.95,"lower_bound":1.5708191630268682,"upper_bound":1.9694447087908877},"point_estimate":1.7609709905040238,"standard_error":0.10343826085162454}}