{"Mean":{"confidence_interval":{"confidence_level":0.95,"lower_bound":43.647028932787165,"upper_bound":43.93799196394237},"point_estimate":43.78056394269136,"standard_error":0.07414576471674968},"Median":{"confidence_interval":{"confidence_level":0.95,"lower_bound":43.5239171028536,"upper_bound":43.56925869236879},"point_estimate":43.54580458581951,"standard_error":0.013097931028764734},"MedianAbsDev":{"confidence_interval":{"confidence_level":0.95,"lower_bound":0.08784340019944233,"upper_bound":0.18844389108749418},"point_estimate":0.12510834538820173,"standard_error":0.02502279906096096},"Slope":{"confidence_interval":{"confidence_level":0.95,"lower_bound":43.663520090696025,"upper_bound":44.041201353651125},"point_estimate":43.836245784586055,"standard_error":0.0968764083086892},"StdDev":{"confidence_interval":{"confidence_level":0.95,"lower_bound":0.4568880379082219,"upper_bound":0.9816890668019629},"point_estimate":0.7432839229714358,"standard_error":0.13392269097885157}}