{"Mean":{"confidence_interval":{"confidence_level":0.95,"lower_bound":43.148317751359116,"upper_bound":43.34112255973728},"point_estimate":43.236409283914,"standard_error":0.049336018396687116},"Median":{"confidence_interval":{"confidence_level":0.95,"lower_bound":43.07085622924426,"upper_bound":43.132112402268234},"point_estimate":43.10598552076557,"standard_error":0.01808303023753616},"MedianAbsDev":{"confidence_interval":{"confidence_level":0.95,"lower_bound":0.11377806190118345,"upper_bound":0.18183792556656106},"point_estimate":0.14336244690453,"standard_error":0.017353280922930137},"Slope":{"confidence_interval":{"confidence_level":0.95,"lower_bound":43.11610460508734,"upper_bound":43.41618027812299},"point_estimate":43.240678161188505,"standard_error":0.07809663387042383},"StdDev":{"confidence_interval":{"confidence_level":0.95,"lower_bound":0.2800012007105816,"upper_bound":0.667102865756051},"point_estimate":0.49744563447853307,"standard_error":0.09875581943105124}}