{"Mean":{"confidence_interval":{"confidence_level":0.95,"lower_bound":41.69556807839716,"upper_bound":41.947486735294206},"point_estimate":41.81802604491003,"standard_error":0.06416270694864137},"Median":{"confidence_interval":{"confidence_level":0.95,"lower_bound":41.59941785698012,"upper_bound":41.809490475584404},"point_estimate":41.74010436553392,"standard_error":0.05939927253258318},"MedianAbsDev":{"confidence_interval":{"confidence_level":0.95,"lower_bound":0.4469681784364445,"upper_bound":0.7282010595954812},"point_estimate":0.5765616227637023,"standard_error":0.07031838468045604},"Slope":{"confidence_interval":{"confidence_level":0.95,"lower_bound":41.870808152818306,"upper_bound":42.19769786868497},"point_estimate":42.032965480439586,"standard_error":0.0832367306915222},"StdDev":{"confidence_interval":{"confidence_level":0.95,"lower_bound":0.5173629426011379,"upper_bound":0.7654165221568177},"point_estimate":0.6431183616210943,"standard_error":0.06357682517520634}}