{"Mean":{"confidence_interval":{"confidence_level":0.95,"lower_bound":301.71001151223976,"upper_bound":303.3362923601479},"point_estimate":302.43404885538166,"standard_error":0.41660023949520447},"Median":{"confidence_interval":{"confidence_level":0.95,"lower_bound":301.0732306985294,"upper_bound":301.6822808086357},"point_estimate":301.40082838902833,"standard_error":0.16600005471650883},"MedianAbsDev":{"confidence_interval":{"confidence_level":0.95,"lower_bound":0.8507853985686895,"upper_bound":1.2982840023626698},"point_estimate":1.1330248170525885,"standard_error":0.11670712115157464},"Slope":{"confidence_interval":{"confidence_level":0.95,"lower_bound":301.55889757383284,"upper_bound":303.3501304904718},"point_estimate":302.3803048594752,"standard_error":0.4589480055625417},"StdDev":{"confidence_interval":{"confidence_level":0.95,"lower_bound":2.204820278739105,"upper_bound":6.133185256922316},"point_estimate":4.197008827329418,"standard_error":1.0863909832833318}}