{"Mean":{"confidence_interval":{"confidence_level":0.95,"lower_bound":291.9750987954712,"upper_bound":296.31405530848525},"point_estimate":293.86407167552204,"standard_error":1.1188676479142519},"Median":{"confidence_interval":{"confidence_level":0.95,"lower_bound":289.4269215302539,"upper_bound":292.68809111557675},"point_estimate":290.78734212411007,"standard_error":0.8146246854857795},"MedianAbsDev":{"confidence_interval":{"confidence_level":0.95,"lower_bound":2.8907581050347195,"upper_bound":5.826711213499314},"point_estimate":4.192630508761237,"standard_error":0.7317744160819232},"Slope":{"confidence_interval":{"confidence_level":0.95,"lower_bound":290.537553702923,"upper_bound":293.82488576315876},"point_estimate":292.0193342210932,"standard_error":0.8451991764987631},"StdDev":{"confidence_interval":{"confidence_level":0.95,"lower_bound":5.59660272843011,"upper_bound":16.910070243225533},"point_estimate":11.202875935964798,"standard_error":3.3865116359053147}}