{"Mean":{"confidence_interval":{"confidence_level":0.95,"lower_bound":3383.786827101808,"upper_bound":3428.73556937998},"point_estimate":3401.48268576572,"standard_error":11.886116297215947},"Median":{"confidence_interval":{"confidence_level":0.95,"lower_bound":3379.070205479452,"upper_bound":3382.3190891728136},"point_estimate":3380.7280917047183,"standard_error":0.8868375385344656},"MedianAbsDev":{"confidence_interval":{"confidence_level":0.95,"lower_bound":6.725807776594253,"upper_bound":15.0939969734143},"point_estimate":10.05706355490148,"standard_error":2.0856416690137176},"Slope":{"confidence_interval":{"confidence_level":0.95,"lower_bound":3380.8932448538158,"upper_bound":3391.075474503812},"point_estimate":3385.4266863060257,"standard_error":2.595784488045546},"StdDev":{"confidence_interval":{"confidence_level":0.95,"lower_bound":17.995964287894964,"upper_bound":196.74128211589522},"point_estimate":119.47787958038536,"standard_error":52.046054622252385}}