{"Mean":{"confidence_interval":{"confidence_level":0.95,"lower_bound":25.382553306201878,"upper_bound":25.606921457800702},"point_estimate":25.483717656664844,"standard_error":0.05753451953702507},"Median":{"confidence_interval":{"confidence_level":0.95,"lower_bound":25.292510836427315,"upper_bound":25.421904589929454},"point_estimate":25.361181916093958,"standard_error":0.032818355457222004},"MedianAbsDev":{"confidence_interval":{"confidence_level":0.95,"lower_bound":0.2063744611251956,"upper_bound":0.3654898003600985},"point_estimate":0.27160797666137504,"standard_error":0.04270047815389951},"Slope":{"confidence_interval":{"confidence_level":0.95,"lower_bound":25.317051438067644,"upper_bound":25.42071325042914},"point_estimate":25.365859816809028,"standard_error":0.026469528226268205},"StdDev":{"confidence_interval":{"confidence_level":0.95,"lower_bound":0.3303835800385773,"upper_bound":0.8441974153730343},"point_estimate":0.5791005629785467,"standard_error":0.15079051214066314}}