{"Mean":{"confidence_interval":{"confidence_level":0.95,"lower_bound":24.952287136559207,"upper_bound":25.15591947649699},"point_estimate":25.045584536100368,"standard_error":0.052226195914741605},"Median":{"confidence_interval":{"confidence_level":0.95,"lower_bound":24.85971296184642,"upper_bound":24.916135051565238},"point_estimate":24.8927859518228,"standard_error":0.015998641095014407},"MedianAbsDev":{"confidence_interval":{"confidence_level":0.95,"lower_bound":0.08962724715984519,"upper_bound":0.17817445403315502},"point_estimate":0.13889062613399644,"standard_error":0.02436033009390041},"Slope":{"confidence_interval":{"confidence_level":0.95,"lower_bound":24.943226432888938,"upper_bound":25.22301365908801},"point_estimate":25.064259532710967,"standard_error":0.07228704780643079},"StdDev":{"confidence_interval":{"confidence_level":0.95,"lower_bound":0.3133462900006622,"upper_bound":0.6991930485520634},"point_estimate":0.5246070873653159,"standard_error":0.0985589682863558}}