{"Mean":{"confidence_interval":{"confidence_level":0.95,"lower_bound":25.562794854859163,"upper_bound":26.259696087317092},"point_estimate":25.888644416583023,"standard_error":0.1783756858339859},"Median":{"confidence_interval":{"confidence_level":0.95,"lower_bound":25.127667558743983,"upper_bound":25.165693316636343},"point_estimate":25.14733307018409,"standard_error":0.010667551695019106},"MedianAbsDev":{"confidence_interval":{"confidence_level":0.95,"lower_bound":0.0574066762667486,"upper_bound":0.12585711692135385},"point_estimate":0.08446114827669593,"standard_error":0.01752940096683912},"Slope":{"confidence_interval":{"confidence_level":0.95,"lower_bound":25.407001949909684,"upper_bound":25.980608362928926},"point_estimate":25.664739528165633,"standard_error":0.1470644046289006},"StdDev":{"confidence_interval":{"confidence_level":0.95,"lower_bound":1.2568115663028887,"upper_bound":2.2656531800704562},"point_estimate":1.7935679554428192,"standard_error":0.257469243763385}}