{"Mean":{"confidence_interval":{"confidence_level":0.95,"lower_bound":5.806672777924876,"upper_bound":5.858663616253938},"point_estimate":5.829785659553529,"standard_error":0.013330492602455462},"Median":{"confidence_interval":{"confidence_level":0.95,"lower_bound":5.790743839502289,"upper_bound":5.8230448437426485},"point_estimate":5.807795654189455,"standard_error":0.00808538665465938},"MedianAbsDev":{"confidence_interval":{"confidence_level":0.95,"lower_bound":0.0529212253393623,"upper_bound":0.10637999052854231},"point_estimate":0.0787559786221427,"standard_error":0.01350984350835664},"Slope":{"confidence_interval":{"confidence_level":0.95,"lower_bound":5.808721091831617,"upper_bound":5.857141026846778},"point_estimate":5.831671604798496,"standard_error":0.012358880509470616},"StdDev":{"confidence_interval":{"confidence_level":0.95,"lower_bound":0.07423123149517034,"upper_bound":0.19915104180695314},"point_estimate":0.13398434482561072,"standard_error":0.038056086658545825}}