{"Mean":{"confidence_interval":{"confidence_level":0.95,"lower_bound":5.628489070601806,"upper_bound":5.645541983788692},"point_estimate":5.6360926803505365,"standard_error":0.004378268092201105},"Median":{"confidence_interval":{"confidence_level":0.95,"lower_bound":5.621968588057592,"upper_bound":5.631418137732549},"point_estimate":5.627167327708927,"standard_error":0.0023175410509247477},"MedianAbsDev":{"confidence_interval":{"confidence_level":0.95,"lower_bound":0.013223710350001859,"upper_bound":0.0211326217489571},"point_estimate":0.018225049460471807,"standard_error":0.001929612602891962},"Slope":{"confidence_interval":{"confidence_level":0.95,"lower_bound":5.624187752013549,"upper_bound":5.643705884465231},"point_estimate":5.6328116972145965,"standard_error":0.005002713456926988},"StdDev":{"confidence_interval":{"confidence_level":0.95,"lower_bound":0.020377370931984336,"upper_bound":0.06257920491500461},"point_estimate":0.044029378575949164,"standard_error":0.010619550168422948}}