{"Mean":{"confidence_interval":{"confidence_level":0.95,"lower_bound":27.235875183300095,"upper_bound":27.339648799754883},"point_estimate":27.282473396302727,"standard_error":0.026626475255327842},"Median":{"confidence_interval":{"confidence_level":0.95,"lower_bound":27.20621373430293,"upper_bound":27.23752990832082},"point_estimate":27.220876790922553,"standard_error":0.007333081515288252},"MedianAbsDev":{"confidence_interval":{"confidence_level":0.95,"lower_bound":0.0414136757056711,"upper_bound":0.07307951420416944},"point_estimate":0.05535912291527487,"standard_error":0.0077721481911706015},"Slope":{"confidence_interval":{"confidence_level":0.95,"lower_bound":27.237518530993256,"upper_bound":27.3936527478702},"point_estimate":27.304924631867493,"standard_error":0.04053299519277064},"StdDev":{"confidence_interval":{"confidence_level":0.95,"lower_bound":0.12161190795559279,"upper_bound":0.3734511235541064},"point_estimate":0.2660981544723296,"standard_error":0.06284196899210533}}