{"Mean":{"confidence_interval":{"confidence_level":0.95,"lower_bound":27.39310439928237,"upper_bound":27.56991852905002},"point_estimate":27.468458186004124,"standard_error":0.04559478583570219},"Median":{"confidence_interval":{"confidence_level":0.95,"lower_bound":27.298134461532758,"upper_bound":27.40303195483494},"point_estimate":27.347825552129667,"standard_error":0.026054064757967593},"MedianAbsDev":{"confidence_interval":{"confidence_level":0.95,"lower_bound":0.10634183221210948,"upper_bound":0.2429192130350153},"point_estimate":0.17847010275433692,"standard_error":0.03573178819160842},"Slope":{"confidence_interval":{"confidence_level":0.95,"lower_bound":27.440164717620128,"upper_bound":27.574016321332763},"point_estimate":27.5016740736237,"standard_error":0.03415676730742118},"StdDev":{"confidence_interval":{"confidence_level":0.95,"lower_bound":0.1942981574949645,"upper_bound":0.7086890209155323},"point_estimate":0.4574126477921127,"standard_error":0.14914646202587728}}