{"Mean":{"confidence_interval":{"confidence_level":0.95,"lower_bound":27.501434080913914,"upper_bound":27.78163477639665},"point_estimate":27.623578348915107,"standard_error":0.0723285065380872},"Median":{"confidence_interval":{"confidence_level":0.95,"lower_bound":27.400423149022615,"upper_bound":27.515415588591026},"point_estimate":27.438078429046037,"standard_error":0.02865708750717548},"MedianAbsDev":{"confidence_interval":{"confidence_level":0.95,"lower_bound":0.16663016863384428,"upper_bound":0.2617480529437864},"point_estimate":0.22343468573816005,"standard_error":0.023575066506858696},"Slope":{"confidence_interval":{"confidence_level":0.95,"lower_bound":27.50250776812562,"upper_bound":27.88133573039193},"point_estimate":27.66807829587583,"standard_error":0.09738052227398193},"StdDev":{"confidence_interval":{"confidence_level":0.95,"lower_bound":0.2851117011343218,"upper_bound":1.1141039272042863},"point_estimate":0.7290681040094609,"standard_error":0.2241266794643528}}