{"Mean":{"confidence_interval":{"confidence_level":0.95,"lower_bound":82.68273348320601,"upper_bound":83.16810435083514},"point_estimate":82.89585592430137,"standard_error":0.12435975807324892},"Median":{"confidence_interval":{"confidence_level":0.95,"lower_bound":82.51613717879997,"upper_bound":82.78398369573952},"point_estimate":82.67845682541213,"standard_error":0.065576906741513},"MedianAbsDev":{"confidence_interval":{"confidence_level":0.95,"lower_bound":0.4287022212588414,"upper_bound":0.7423653226900627},"point_estimate":0.5866966626251848,"standard_error":0.07716983755265902},"Slope":{"confidence_interval":{"confidence_level":0.95,"lower_bound":82.60186615394258,"upper_bound":83.40559503939419},"point_estimate":82.93141817926737,"standard_error":0.20885910293869417},"StdDev":{"confidence_interval":{"confidence_level":0.95,"lower_bound":0.6740959829201448,"upper_bound":1.8508999315316599},"point_estimate":1.2451719216385606,"standard_error":0.35311026642892596}}