{"Mean":{"confidence_interval":{"confidence_level":0.95,"lower_bound":28.651558472565227,"upper_bound":29.537602485434714},"point_estimate":29.040924293344474,"standard_error":0.22790680689739093},"Median":{"confidence_interval":{"confidence_level":0.95,"lower_bound":28.317460941004576,"upper_bound":28.513543259369754},"point_estimate":28.40178362837187,"standard_error":0.049198851515413526},"MedianAbsDev":{"confidence_interval":{"confidence_level":0.95,"lower_bound":0.2722106807742266,"upper_bound":0.47193603981482074},"point_estimate":0.37253218308173325,"standard_error":0.05196153534175745},"Slope":{"confidence_interval":{"confidence_level":0.95,"lower_bound":28.35428923368791,"upper_bound":28.561407671911763},"point_estimate":28.447396019786606,"standard_error":0.05268473586883391},"StdDev":{"confidence_interval":{"confidence_level":0.95,"lower_bound":1.0108292534167445,"upper_bound":3.450620038812259},"point_estimate":2.297950637856814,"standard_error":0.6598634844540523}}