{"Mean":{"confidence_interval":{"confidence_level":0.95,"lower_bound":2224.8920255403955,"upper_bound":2257.3051151521477},"point_estimate":2237.639655818885,"standard_error":8.547965151885247},"Median":{"confidence_interval":{"confidence_level":0.95,"lower_bound":2218.636146350432,"upper_bound":2224.7032204030475},"point_estimate":2220.7077310338354,"standard_error":1.796305435992778},"MedianAbsDev":{"confidence_interval":{"confidence_level":0.95,"lower_bound":6.520941274484028,"upper_bound":12.43498414657018},"point_estimate":9.727245481307152,"standard_error":1.5647533826553528},"Slope":{"confidence_interval":{"confidence_level":0.95,"lower_bound":2222.6698446047767,"upper_bound":2231.15926630913},"point_estimate":2226.6494275478376,"standard_error":2.169517567608912},"StdDev":{"confidence_interval":{"confidence_level":0.95,"lower_bound":13.260708226742992,"upper_bound":141.1237897521234},"point_estimate":85.70485626726501,"standard_error":37.18558894600057}}