{"Mean":{"confidence_interval":{"confidence_level":0.95,"lower_bound":3811.968202433027,"upper_bound":3834.8298062569306},"point_estimate":3822.191423009066,"standard_error":5.874547609631563},"Median":{"confidence_interval":{"confidence_level":0.95,"lower_bound":3804.4480522384724,"upper_bound":3810.295310260086},"point_estimate":3807.0700102144347,"standard_error":1.5118465567585468},"MedianAbsDev":{"confidence_interval":{"confidence_level":0.95,"lower_bound":7.766096868447218,"upper_bound":13.324935931247325},"point_estimate":10.87749042613606,"standard_error":1.41509316063409},"Slope":{"confidence_interval":{"confidence_level":0.95,"lower_bound":3814.222781190534,"upper_bound":3840.2152711115405},"point_estimate":3825.9507192894794,"standard_error":6.668582497067541},"StdDev":{"confidence_interval":{"confidence_level":0.95,"lower_bound":27.991953541941385,"upper_bound":84.36528516061475},"point_estimate":59.02091892141428,"standard_error":14.399262868274771}}