{"Mean":{"confidence_interval":{"confidence_level":0.95,"lower_bound":90.34495205298941,"upper_bound":91.85565352024823},"point_estimate":90.99642873699878,"standard_error":0.38974399621421063},"Median":{"confidence_interval":{"confidence_level":0.95,"lower_bound":89.9928577817296,"upper_bound":90.13042985217994},"point_estimate":90.05707145293354,"standard_error":0.03445004290518005},"MedianAbsDev":{"confidence_interval":{"confidence_level":0.95,"lower_bound":0.18504185534598933,"upper_bound":0.39285393479727065},"point_estimate":0.25966478544559213,"standard_error":0.05182911920025114},"Slope":{"confidence_interval":{"confidence_level":0.95,"lower_bound":90.12886362638872,"upper_bound":90.6026599168837},"point_estimate":90.32994627457438,"standard_error":0.12158312656463681},"StdDev":{"confidence_interval":{"confidence_level":0.95,"lower_bound":1.033123685320997,"upper_bound":5.975679518640095},"point_estimate":3.9351254741517754,"standard_error":1.2209312527709604}}