{"Mean":{"confidence_interval":{"confidence_level":0.95,"lower_bound":90.14050573086698,"upper_bound":90.60809517562116},"point_estimate":90.33684527994987,"standard_error":0.12118792560238882},"Median":{"confidence_interval":{"confidence_level":0.95,"lower_bound":90.01705158015584,"upper_bound":90.18951447033876},"point_estimate":90.09741351575781,"standard_error":0.044377942977887885},"MedianAbsDev":{"confidence_interval":{"confidence_level":0.95,"lower_bound":0.2511382407710103,"upper_bound":0.4434412488764079},"point_estimate":0.32976809131236456,"standard_error":0.04686850892145714},"Slope":{"confidence_interval":{"confidence_level":0.95,"lower_bound":90.07709239148105,"upper_bound":90.42819827665015},"point_estimate":90.23551494246053,"standard_error":0.0901286308234315},"StdDev":{"confidence_interval":{"confidence_level":0.95,"lower_bound":0.4909593756088527,"upper_bound":1.9099399140994127},"point_estimate":1.2170150583167523,"standard_error":0.43437873247275033}}