{"Mean":{"confidence_interval":{"confidence_level":0.95,"lower_bound":1451.0262614169485,"upper_bound":1486.6891158004357},"point_estimate":1465.9133589677035,"standard_error":9.287047992842162},"Median":{"confidence_interval":{"confidence_level":0.95,"lower_bound":1443.5610996692255,"upper_bound":1447.5232125909524},"point_estimate":1445.1120667686037,"standard_error":1.092757553733466},"MedianAbsDev":{"confidence_interval":{"confidence_level":0.95,"lower_bound":7.130117210571432,"upper_bound":12.773311637508375},"point_estimate":10.508720796637693,"standard_error":1.4714562985181237},"Slope":{"confidence_interval":{"confidence_level":0.95,"lower_bound":1448.0235825764216,"upper_bound":1457.8118161936372},"point_estimate":1452.464812240912,"standard_error":2.4964604904714913},"StdDev":{"confidence_interval":{"confidence_level":0.95,"lower_bound":25.262750225053615,"upper_bound":147.884974940523},"point_estimate":93.3014635996071,"standard_error":33.55143964900829}}