{"Mean":{"confidence_interval":{"confidence_level":0.95,"lower_bound":220.2774009781036,"upper_bound":220.87391501586896},"point_estimate":220.55388630218135,"standard_error":0.15288539566110756},"Median":{"confidence_interval":{"confidence_level":0.95,"lower_bound":220.06777705287277,"upper_bound":220.25947552187802},"point_estimate":220.15483074747266,"standard_error":0.05064723798009869},"MedianAbsDev":{"confidence_interval":{"confidence_level":0.95,"lower_bound":0.35301731419969634,"upper_bound":0.7268111081196418},"point_estimate":0.5135915281988855,"standard_error":0.09912290937093075},"Slope":{"confidence_interval":{"confidence_level":0.95,"lower_bound":220.32811976243244,"upper_bound":221.1652995928498},"point_estimate":220.7116839673017,"standard_error":0.21479744211311236},"StdDev":{"confidence_interval":{"confidence_level":0.95,"lower_bound":0.973033644404753,"upper_bound":2.012382154319567},"point_estimate":1.5391753534345933,"standard_error":0.2652032701578371}}