{"Mean":{"confidence_interval":{"confidence_level":0.95,"lower_bound":3346.4172533187825,"upper_bound":3383.298359008072},"point_estimate":3362.720159380086,"standard_error":9.490870905126782},"Median":{"confidence_interval":{"confidence_level":0.95,"lower_bound":3339.7537579181644,"upper_bound":3343.4376718899903},"point_estimate":3341.9916296182323,"standard_error":0.907109925017298},"MedianAbsDev":{"confidence_interval":{"confidence_level":0.95,"lower_bound":6.50158748170552,"upper_bound":13.300570155805582},"point_estimate":9.509414931686388,"standard_error":1.6882696631179939},"Slope":{"confidence_interval":{"confidence_level":0.95,"lower_bound":3350.7164837737805,"upper_bound":3405.4815897108497},"point_estimate":3374.690745397029,"standard_error":14.094341969448967},"StdDev":{"confidence_interval":{"confidence_level":0.95,"lower_bound":30.574931290492167,"upper_bound":137.90362570965956},"point_estimate":95.50430595592981,"standard_error":25.929595582876946}}