{"Mean":{"confidence_interval":{"confidence_level":0.95,"lower_bound":3371.8226209234576,"upper_bound":3397.9558486838855},"point_estimate":3383.912994577054,"standard_error":6.708081491318574},"Median":{"confidence_interval":{"confidence_level":0.95,"lower_bound":3350.7981872097575,"upper_bound":3374.3262248704546},"point_estimate":3359.9730775143744,"standard_error":5.985094615131227},"MedianAbsDev":{"confidence_interval":{"confidence_level":0.95,"lower_bound":18.60496277306019,"upper_bound":46.51185202150734},"point_estimate":30.617967844939084,"standard_error":6.575183974550703},"Slope":{"confidence_interval":{"confidence_level":0.95,"lower_bound":3362.349265382095,"upper_bound":3382.2217916524282},"point_estimate":3371.463141535589,"standard_error":5.070828260901511},"StdDev":{"confidence_interval":{"confidence_level":0.95,"lower_bound":41.70126560741589,"upper_bound":91.70187501353954},"point_estimate":67.36577206030327,"standard_error":13.126243788382448}}