{"Mean":{"confidence_interval":{"confidence_level":0.95,"lower_bound":42.380702065357674,"upper_bound":42.87247492516023},"point_estimate":42.571600561836846,"standard_error":0.13087261963161406},"Median":{"confidence_interval":{"confidence_level":0.95,"lower_bound":42.26979006216686,"upper_bound":42.354851479302646},"point_estimate":42.292900886782604,"standard_error":0.02476278699800978},"MedianAbsDev":{"confidence_interval":{"confidence_level":0.95,"lower_bound":0.12007580016776334,"upper_bound":0.22800540085641224},"point_estimate":0.16415281977445723,"standard_error":0.02911838811464618},"Slope":{"confidence_interval":{"confidence_level":0.95,"lower_bound":42.32626604230785,"upper_bound":42.51852324912862},"point_estimate":42.413391270338806,"standard_error":0.049334895537846646},"StdDev":{"confidence_interval":{"confidence_level":0.95,"lower_bound":0.3396012210780688,"upper_bound":2.1698628266248736},"point_estimate":1.316087094696409,"standard_error":0.5940073696406795}}