{"Mean":{"confidence_interval":{"confidence_level":0.95,"lower_bound":42.41155539364226,"upper_bound":42.662571813813926},"point_estimate":42.531938911691405,"standard_error":0.06424463834649004},"Median":{"confidence_interval":{"confidence_level":0.95,"lower_bound":42.16813296540929,"upper_bound":42.45719694056318},"point_estimate":42.20519702012857,"standard_error":0.07738653874111912},"MedianAbsDev":{"confidence_interval":{"confidence_level":0.95,"lower_bound":0.1917360208381465,"upper_bound":0.5202136149361913},"point_estimate":0.30765378549520256,"standard_error":0.08205876718813383},"Slope":{"confidence_interval":{"confidence_level":0.95,"lower_bound":42.62645888091506,"upper_bound":42.97873055748817},"point_estimate":42.80330067656744,"standard_error":0.08971158506338696},"StdDev":{"confidence_interval":{"confidence_level":0.95,"lower_bound":0.49864636196359263,"upper_bound":0.7675463593495353},"point_estimate":0.644939767303903,"standard_error":0.06859305924006204}}