{"Mean":{"confidence_interval":{"confidence_level":0.95,"lower_bound":3892.3150396003057,"upper_bound":3906.6521083847556},"point_estimate":3898.924061229039,"standard_error":3.656892412932587},"Median":{"confidence_interval":{"confidence_level":0.95,"lower_bound":3886.3524281253367,"upper_bound":3889.891727842208},"point_estimate":3887.530639347372,"standard_error":0.970516591735164},"MedianAbsDev":{"confidence_interval":{"confidence_level":0.95,"lower_bound":7.989531982292641,"upper_bound":16.84327658525438},"point_estimate":13.045426514745898,"standard_error":2.4336807436001524},"Slope":{"confidence_interval":{"confidence_level":0.95,"lower_bound":3887.8937038886047,"upper_bound":3903.151941833977},"point_estimate":3894.8408012283658,"standard_error":3.9115200604991074},"StdDev":{"confidence_interval":{"confidence_level":0.95,"lower_bound":23.631002515672982,"upper_bound":49.7054834251539},"point_estimate":36.68052751807108,"standard_error":6.868988528289169}}