{"Mean":{"confidence_interval":{"confidence_level":0.95,"lower_bound":277.5654662812851,"upper_bound":282.85854314930043},"point_estimate":280.03532077071753,"standard_error":1.3560514444113},"Median":{"confidence_interval":{"confidence_level":0.95,"lower_bound":271.80944722199956,"upper_bound":274.1998688770254},"point_estimate":272.3566213088214,"standard_error":0.8403539746940533},"MedianAbsDev":{"confidence_interval":{"confidence_level":0.95,"lower_bound":1.4179979489536265,"upper_bound":5.646570769515572},"point_estimate":2.477477325505498,"standard_error":1.2755601501762994},"Slope":{"confidence_interval":{"confidence_level":0.95,"lower_bound":276.7658993144591,"upper_bound":283.02127152129606},"point_estimate":279.682529651421,"standard_error":1.5985058604147666},"StdDev":{"confidence_interval":{"confidence_level":0.95,"lower_bound":9.465302812908197,"upper_bound":18.573125055806393},"point_estimate":13.662072246343605,"standard_error":2.623469796902409}}