{"Mean":{"confidence_interval":{"confidence_level":0.95,"lower_bound":250.49623586865536,"upper_bound":251.86199329402538},"point_estimate":251.0879060241987,"standard_error":0.35167899986747236},"Median":{"confidence_interval":{"confidence_level":0.95,"lower_bound":250.30776205865163,"upper_bound":250.55495313586147},"point_estimate":250.3978385495431,"standard_error":0.0661753722210132},"MedianAbsDev":{"confidence_interval":{"confidence_level":0.95,"lower_bound":0.39795732113598986,"upper_bound":0.6492222828364553},"point_estimate":0.5235191039906175,"standard_error":0.06202536741211853},"Slope":{"confidence_interval":{"confidence_level":0.95,"lower_bound":250.53468867889055,"upper_bound":252.51491256360634},"point_estimate":251.33676870227816,"standard_error":0.5171997213418633},"StdDev":{"confidence_interval":{"confidence_level":0.95,"lower_bound":0.8939084591632289,"upper_bound":5.267588494704811},"point_estimate":3.5349686001351035,"standard_error":1.0728852280812204}}