{"Mean":{"confidence_interval":{"confidence_level":0.95,"lower_bound":21.345435248381644,"upper_bound":21.593903785316794},"point_estimate":21.455889812351476,"standard_error":0.06377785105684913},"Median":{"confidence_interval":{"confidence_level":0.95,"lower_bound":21.209689851566228,"upper_bound":21.25127275524349},"point_estimate":21.22676463200201,"standard_error":0.010644562721854463},"MedianAbsDev":{"confidence_interval":{"confidence_level":0.95,"lower_bound":0.07619376413086476,"upper_bound":0.16676837892393093},"point_estimate":0.10548498529847274,"standard_error":0.02062723719523468},"Slope":{"confidence_interval":{"confidence_level":0.95,"lower_bound":21.29529597769065,"upper_bound":21.407206908962916},"point_estimate":21.349380135049962,"standard_error":0.02870981166053305},"StdDev":{"confidence_interval":{"confidence_level":0.95,"lower_bound":0.3356914543951847,"upper_bound":0.9299041534037159},"point_estimate":0.638898027899537,"standard_error":0.16113865574857525}}