{"Mean":{"confidence_interval":{"confidence_level":0.95,"lower_bound":36.005701983674946,"upper_bound":36.15612034726385},"point_estimate":36.07748456805502,"standard_error":0.03850543048777525},"Median":{"confidence_interval":{"confidence_level":0.95,"lower_bound":35.92620196876666,"upper_bound":35.99103187219538},"point_estimate":35.94972716386505,"standard_error":0.014735785109857583},"MedianAbsDev":{"confidence_interval":{"confidence_level":0.95,"lower_bound":0.0986686089543887,"upper_bound":0.17633263820965936},"point_estimate":0.14188582465186386,"standard_error":0.019348852614260108},"Slope":{"confidence_interval":{"confidence_level":0.95,"lower_bound":36.05336930396965,"upper_bound":36.281121635247594},"point_estimate":36.16245931301712,"standard_error":0.0582969631371915},"StdDev":{"confidence_interval":{"confidence_level":0.95,"lower_bound":0.2894630447771784,"upper_bound":0.46483201485215936},"point_estimate":0.3867394377545303,"standard_error":0.044944537880064216}}