{"Mean":{"confidence_interval":{"confidence_level":0.95,"lower_bound":2200.636567253747,"upper_bound":2207.0859001207536},"point_estimate":2203.543390416786,"standard_error":1.6551822441168016},"Median":{"confidence_interval":{"confidence_level":0.95,"lower_bound":2197.293847847358,"upper_bound":2200.751098901099},"point_estimate":2198.891307043651,"standard_error":0.9230042006765088},"MedianAbsDev":{"confidence_interval":{"confidence_level":0.95,"lower_bound":5.2450617113309175,"upper_bound":9.59303545812387},"point_estimate":7.671619998744871,"standard_error":1.1501824887496768},"Slope":{"confidence_interval":{"confidence_level":0.95,"lower_bound":2199.2437430570285,"upper_bound":2205.971962886451},"point_estimate":2202.301471789303,"standard_error":1.7231785181109194},"StdDev":{"confidence_interval":{"confidence_level":0.95,"lower_bound":9.36824983318666,"upper_bound":24.01556671507922},"point_estimate":16.611494731650662,"standard_error":4.147413140704041}}