{"Mean":{"confidence_interval":{"confidence_level":0.95,"lower_bound":2218.3071144882724,"upper_bound":2227.9422074947506},"point_estimate":2222.4966251905566,"standard_error":2.4739910082334426},"Median":{"confidence_interval":{"confidence_level":0.95,"lower_bound":2214.70568547881,"upper_bound":2218.5466075388026},"point_estimate":2217.2967069064634,"standard_error":0.8788649522907684},"MedianAbsDev":{"confidence_interval":{"confidence_level":0.95,"lower_bound":5.786058215274896,"upper_bound":10.801494157842063},"point_estimate":7.1959785769760085,"standard_error":1.3333551409295963},"Slope":{"confidence_interval":{"confidence_level":0.95,"lower_bound":2219.874525231083,"upper_bound":2241.322794079592},"point_estimate":2228.3804337732645,"standard_error":5.748988398012562},"StdDev":{"confidence_interval":{"confidence_level":0.95,"lower_bound":12.133606265668183,"upper_bound":37.59372934009167},"point_estimate":24.869728562826605,"standard_error":7.4982432877218566}}