{"Mean":{"confidence_interval":{"confidence_level":0.95,"lower_bound":215.0817863987672,"upper_bound":215.75847403115344},"point_estimate":215.38964984126548,"standard_error":0.17372325564280192},"Median":{"confidence_interval":{"confidence_level":0.95,"lower_bound":214.8301596717555,"upper_bound":215.04607765692896},"point_estimate":214.9204687591046,"standard_error":0.05315093153326795},"MedianAbsDev":{"confidence_interval":{"confidence_level":0.95,"lower_bound":0.3694983470163281,"upper_bound":0.6317799407067446},"point_estimate":0.4641271725197401,"standard_error":0.06300533835663946},"Slope":{"confidence_interval":{"confidence_level":0.95,"lower_bound":215.10674538136863,"upper_bound":215.94591735986805},"point_estimate":215.4813181410575,"standard_error":0.21564370119427256},"StdDev":{"confidence_interval":{"confidence_level":0.95,"lower_bound":0.9903501650300056,"upper_bound":2.4521595930047466},"point_estimate":1.7459497458618656,"standard_error":0.3836059657634511}}