{"Mean":{"confidence_interval":{"confidence_level":0.95,"lower_bound":217.81974369862792,"upper_bound":218.4114140817839},"point_estimate":218.09931531370333,"standard_error":0.1513154537427},"Median":{"confidence_interval":{"confidence_level":0.95,"lower_bound":217.64888087310396,"upper_bound":217.8659199180398},"point_estimate":217.73698860833642,"standard_error":0.049450991164069195},"MedianAbsDev":{"confidence_interval":{"confidence_level":0.95,"lower_bound":0.4795024560506374,"upper_bound":0.9292158683045288},"point_estimate":0.75568013919763,"standard_error":0.10723981795110003},"Slope":{"confidence_interval":{"confidence_level":0.95,"lower_bound":217.98343702537605,"upper_bound":218.87512999198282},"point_estimate":218.3890645669467,"standard_error":0.2288577781275645},"StdDev":{"confidence_interval":{"confidence_level":0.95,"lower_bound":1.0656541849934404,"upper_bound":1.9069454159027084},"point_estimate":1.518384169608468,"standard_error":0.21535672750101045}}