{"Mean":{"confidence_interval":{"confidence_level":0.95,"lower_bound":215.1437906714496,"upper_bound":215.98465090547305},"point_estimate":215.5341263749981,"standard_error":0.21482839055682257},"Median":{"confidence_interval":{"confidence_level":0.95,"lower_bound":214.67951226855337,"upper_bound":215.15060818848087},"point_estimate":214.92029926208008,"standard_error":0.12410578044314557},"MedianAbsDev":{"confidence_interval":{"confidence_level":0.95,"lower_bound":0.5761229438560032,"upper_bound":1.0504785210944974},"point_estimate":0.7645709637579946,"standard_error":0.12366486059499321},"Slope":{"confidence_interval":{"confidence_level":0.95,"lower_bound":215.49137389531202,"upper_bound":216.59635755763227},"point_estimate":215.98074687820449,"standard_error":0.28612469692323467},"StdDev":{"confidence_interval":{"confidence_level":0.95,"lower_bound":1.3479824614441986,"upper_bound":2.831271102434394},"point_estimate":2.1575555087074996,"standard_error":0.3779088549447435}}