{"Mean":{"confidence_interval":{"confidence_level":0.95,"lower_bound":16.081555636977875,"upper_bound":16.136181676630425},"point_estimate":16.10665652995409,"standard_error":0.014010567343262736},"Median":{"confidence_interval":{"confidence_level":0.95,"lower_bound":16.058328524352763,"upper_bound":16.07661329748228},"point_estimate":16.06632405779274,"standard_error":0.0050937684258671075},"MedianAbsDev":{"confidence_interval":{"confidence_level":0.95,"lower_bound":0.028371405470912044,"upper_bound":0.060357994398174866},"point_estimate":0.04519677442636739,"standard_error":0.008207174199866269},"Slope":{"confidence_interval":{"confidence_level":0.95,"lower_bound":16.06771817871691,"upper_bound":16.13814534770241},"point_estimate":16.098348916275224,"standard_error":0.018200029654338402},"StdDev":{"confidence_interval":{"confidence_level":0.95,"lower_bound":0.08223954856636721,"upper_bound":0.18997476948321937},"point_estimate":0.14074846176413355,"standard_error":0.02764564673355868}}