{"Mean":{"confidence_interval":{"confidence_level":0.95,"lower_bound":22.754862523325208,"upper_bound":22.86953482644686},"point_estimate":22.8082541319433,"standard_error":0.02936744278862026},"Median":{"confidence_interval":{"confidence_level":0.95,"lower_bound":22.692265189468966,"upper_bound":22.735380985669348},"point_estimate":22.70527324876123,"standard_error":0.011197299760502797},"MedianAbsDev":{"confidence_interval":{"confidence_level":0.95,"lower_bound":0.0637087874044203,"upper_bound":0.11911799265433101},"point_estimate":0.08232669865012224,"standard_error":0.013600573145957364},"Slope":{"confidence_interval":{"confidence_level":0.95,"lower_bound":22.749630748240282,"upper_bound":22.91529769762599},"point_estimate":22.82260517843299,"standard_error":0.042656075677761335},"StdDev":{"confidence_interval":{"confidence_level":0.95,"lower_bound":0.19009138501870407,"upper_bound":0.3805118873602384},"point_estimate":0.2949879123785618,"standard_error":0.04873374886975104}}