{"Mean":{"confidence_interval":{"confidence_level":0.95,"lower_bound":123.23006455252624,"upper_bound":123.94786496963057},"point_estimate":123.56222782597975,"standard_error":0.18341058865106824},"Median":{"confidence_interval":{"confidence_level":0.95,"lower_bound":122.72291655623754,"upper_bound":123.2102489818197},"point_estimate":122.96948110924748,"standard_error":0.12987514089217023},"MedianAbsDev":{"confidence_interval":{"confidence_level":0.95,"lower_bound":0.5156432686856967,"upper_bound":1.0889506578297665},"point_estimate":0.750877060773783,"standard_error":0.1462493874984201},"Slope":{"confidence_interval":{"confidence_level":0.95,"lower_bound":123.6501540505577,"upper_bound":124.93852760384047},"point_estimate":124.24321342210116,"standard_error":0.32916902090895345},"StdDev":{"confidence_interval":{"confidence_level":0.95,"lower_bound":1.1802873311881132,"upper_bound":2.4183730566878876},"point_estimate":1.8445438439016633,"standard_error":0.31571103051080723}}