{"Mean":{"confidence_interval":{"confidence_level":0.95,"lower_bound":128.37858062316997,"upper_bound":131.18249630432368},"point_estimate":129.66510103184984,"standard_error":0.7185604969143274},"Median":{"confidence_interval":{"confidence_level":0.95,"lower_bound":127.00538566994996,"upper_bound":127.23455321179547},"point_estimate":127.12174112732421,"standard_error":0.06585635446512084},"MedianAbsDev":{"confidence_interval":{"confidence_level":0.95,"lower_bound":0.4832918415936053,"upper_bound":0.9341786908186379},"point_estimate":0.6866425289899257,"standard_error":0.11450034074701848},"Slope":{"confidence_interval":{"confidence_level":0.95,"lower_bound":128.6307801244411,"upper_bound":132.34087066402893},"point_estimate":130.26166053361828,"standard_error":0.9497569487023436},"StdDev":{"confidence_interval":{"confidence_level":0.95,"lower_bound":4.142717951736091,"upper_bound":9.72677358668451},"point_estimate":7.229841356669645,"standard_error":1.419597873578416}}