{"Mean":{"confidence_interval":{"confidence_level":0.95,"lower_bound":24.776310613825945,"upper_bound":25.025171256654847},"point_estimate":24.881300899026165,"standard_error":0.06462139555098893},"Median":{"confidence_interval":{"confidence_level":0.95,"lower_bound":24.731702863102093,"upper_bound":24.764737417457134},"point_estimate":24.751038994908505,"standard_error":0.0073109938324946114},"MedianAbsDev":{"confidence_interval":{"confidence_level":0.95,"lower_bound":0.06273487046157364,"upper_bound":0.10082874820993004},"point_estimate":0.08279838921355669,"standard_error":0.009888774062435943},"Slope":{"confidence_interval":{"confidence_level":0.95,"lower_bound":24.778109843160546,"upper_bound":25.233820428581165},"point_estimate":24.95461989684747,"standard_error":0.12234874905325058},"StdDev":{"confidence_interval":{"confidence_level":0.95,"lower_bound":0.1569507072602512,"upper_bound":0.9969665208415471},"point_estimate":0.6495758771885469,"standard_error":0.2252820539987257}}