{"Mean":{"confidence_interval":{"confidence_level":0.95,"lower_bound":64.07653754013327,"upper_bound":64.31007141898563},"point_estimate":64.18691428190263,"standard_error":0.059884657874694},"Median":{"confidence_interval":{"confidence_level":0.95,"lower_bound":63.97026393856152,"upper_bound":64.15231667748215},"point_estimate":64.06696821408359,"standard_error":0.039522393707470946},"MedianAbsDev":{"confidence_interval":{"confidence_level":0.95,"lower_bound":0.2886751708008104,"upper_bound":0.4291934119595214},"point_estimate":0.36155257407335123,"standard_error":0.03613769660266982},"Slope":{"confidence_interval":{"confidence_level":0.95,"lower_bound":63.99233938703416,"upper_bound":64.28207335753947},"point_estimate":64.12699051136336,"standard_error":0.07419673884340285},"StdDev":{"confidence_interval":{"confidence_level":0.95,"lower_bound":0.4166360491183273,"upper_bound":0.7703717179394479},"point_estimate":0.601795171820566,"standard_error":0.09115996699875431}}