{"Mean":{"confidence_interval":{"confidence_level":0.95,"lower_bound":64.71400557477644,"upper_bound":65.31668693319689},"point_estimate":64.99058201194265,"standard_error":0.1544512656466248},"Median":{"confidence_interval":{"confidence_level":0.95,"lower_bound":64.42481645390797,"upper_bound":64.78941261391573},"point_estimate":64.54699787075648,"standard_error":0.09365888287747155},"MedianAbsDev":{"confidence_interval":{"confidence_level":0.95,"lower_bound":0.4707518458972172,"upper_bound":0.9172578392235895},"point_estimate":0.6238761252070386,"standard_error":0.11712259511717431},"Slope":{"confidence_interval":{"confidence_level":0.95,"lower_bound":64.67276105215242,"upper_bound":65.3080363541814},"point_estimate":64.96745990475357,"standard_error":0.16250262432674614},"StdDev":{"confidence_interval":{"confidence_level":0.95,"lower_bound":0.935567599136484,"upper_bound":2.0658895943158346},"point_estimate":1.5417311395420343,"standard_error":0.288311494021142}}