{"Mean":{"confidence_interval":{"confidence_level":0.95,"lower_bound":4274.506865741684,"upper_bound":4300.816074918411},"point_estimate":4286.145239197246,"standard_error":6.759903108344941},"Median":{"confidence_interval":{"confidence_level":0.95,"lower_bound":4266.638331365604,"upper_bound":4273.152715466352},"point_estimate":4269.676549791378,"standard_error":1.603843375620713},"MedianAbsDev":{"confidence_interval":{"confidence_level":0.95,"lower_bound":13.346199699338637,"upper_bound":23.77521995360866},"point_estimate":18.77937553961538,"standard_error":2.7493664970811666},"Slope":{"confidence_interval":{"confidence_level":0.95,"lower_bound":4273.447963720752,"upper_bound":4291.290092588139},"point_estimate":4281.9297809013315,"standard_error":4.564831247553841},"StdDev":{"confidence_interval":{"confidence_level":0.95,"lower_bound":34.136387438975056,"upper_bound":100.7129459209815},"point_estimate":68.01245386755227,"standard_error":18.385655055054453}}