{"Mean":{"confidence_interval":{"confidence_level":0.95,"lower_bound":37.36240121823621,"upper_bound":37.481717934490725},"point_estimate":37.41670634344134,"standard_error":0.03057852789080821},"Median":{"confidence_interval":{"confidence_level":0.95,"lower_bound":37.29969489926707,"upper_bound":37.38350890725026},"point_estimate":37.35028751133119,"standard_error":0.02277695281657518},"MedianAbsDev":{"confidence_interval":{"confidence_level":0.95,"lower_bound":0.0953300481864636,"upper_bound":0.14772924026777276},"point_estimate":0.11792606974658532,"standard_error":0.013000503688724845},"Slope":{"confidence_interval":{"confidence_level":0.95,"lower_bound":37.34625955514757,"upper_bound":37.47260439900475},"point_estimate":37.4036222636201,"standard_error":0.032341131150506686},"StdDev":{"confidence_interval":{"confidence_level":0.95,"lower_bound":0.16310063818126713,"upper_bound":0.42861640040222243},"point_estimate":0.30815067606111074,"standard_error":0.06754373657825377}}