{"Mean":{"confidence_interval":{"confidence_level":0.95,"lower_bound":27.792212364644634,"upper_bound":28.236397717135876},"point_estimate":27.981494461985072,"standard_error":0.1147467171761254},"Median":{"confidence_interval":{"confidence_level":0.95,"lower_bound":27.712206606062104,"upper_bound":27.809924021088005},"point_estimate":27.76526913521039,"standard_error":0.0244467676372681},"MedianAbsDev":{"confidence_interval":{"confidence_level":0.95,"lower_bound":0.18271243813327664,"upper_bound":0.34638541979146326},"point_estimate":0.2634245967095357,"standard_error":0.04153981871337803},"Slope":{"confidence_interval":{"confidence_level":0.95,"lower_bound":27.767998725345976,"upper_bound":28.029409036712632},"point_estimate":27.886701700713534,"standard_error":0.06691583664814119},"StdDev":{"confidence_interval":{"confidence_level":0.95,"lower_bound":0.44694019284903497,"upper_bound":1.7882684282257246},"point_estimate":1.153625476554606,"standard_error":0.37852870039237574}}