{"Mean":{"confidence_interval":{"confidence_level":0.95,"lower_bound":28.720926308456274,"upper_bound":29.528790798614196},"point_estimate":29.06972735363343,"standard_error":0.2090354699476188},"Median":{"confidence_interval":{"confidence_level":0.95,"lower_bound":28.567343116686583,"upper_bound":28.621158071971784},"point_estimate":28.591912536048333,"standard_error":0.01324429478467138},"MedianAbsDev":{"confidence_interval":{"confidence_level":0.95,"lower_bound":0.09570936023257863,"upper_bound":0.18383152757725718},"point_estimate":0.13194065188150558,"standard_error":0.02305869376750097},"Slope":{"confidence_interval":{"confidence_level":0.95,"lower_bound":28.606160153941193,"upper_bound":28.685769335729216},"point_estimate":28.644389691615594,"standard_error":0.020309692458249498},"StdDev":{"confidence_interval":{"confidence_level":0.95,"lower_bound":0.5453484182057374,"upper_bound":3.172360743981216},"point_estimate":2.099657262871266,"standard_error":0.6591714968249165}}