{"Mean":{"confidence_interval":{"confidence_level":0.95,"lower_bound":28.75546565288734,"upper_bound":29.334126395271568},"point_estimate":29.03187227217006,"standard_error":0.14739577285620267},"Median":{"confidence_interval":{"confidence_level":0.95,"lower_bound":29.29126243314391,"upper_bound":29.43520934509102},"point_estimate":29.367388032149044,"standard_error":0.03598910901062186},"MedianAbsDev":{"confidence_interval":{"confidence_level":0.95,"lower_bound":0.2416987068505328,"upper_bound":1.17629042757603},"point_estimate":0.49199270359276365,"standard_error":0.23763584611988187},"Slope":{"confidence_interval":{"confidence_level":0.95,"lower_bound":28.790001198974473,"upper_bound":29.63938819363392},"point_estimate":29.194796337444036,"standard_error":0.2163537504026776},"StdDev":{"confidence_interval":{"confidence_level":0.95,"lower_bound":1.0688470654362712,"upper_bound":1.9117989086354814},"point_estimate":1.4814193690842716,"standard_error":0.2227665841275754}}