{"Mean":{"confidence_interval":{"confidence_level":0.95,"lower_bound":28.20613604719771,"upper_bound":28.369747194275057},"point_estimate":28.27728178294102,"standard_error":0.042101650861113},"Median":{"confidence_interval":{"confidence_level":0.95,"lower_bound":28.172346827021535,"upper_bound":28.211422306610494},"point_estimate":28.19396208394093,"standard_error":0.010547652733677833},"MedianAbsDev":{"confidence_interval":{"confidence_level":0.95,"lower_bound":0.08047688461496698,"upper_bound":0.12777817509114753},"point_estimate":0.10601361729884737,"standard_error":0.01195734341331537},"Slope":{"confidence_interval":{"confidence_level":0.95,"lower_bound":28.18268721616889,"upper_bound":28.524031321803726},"point_estimate":28.310317825496785,"standard_error":0.09246163149579936},"StdDev":{"confidence_interval":{"confidence_level":0.95,"lower_bound":0.1912234948692589,"upper_bound":0.6390496930658967},"point_estimate":0.4227445610358209,"standard_error":0.12417831502790276}}