{"Mean":{"confidence_interval":{"confidence_level":0.95,"lower_bound":3393.349403598424,"upper_bound":3508.3485102649665},"point_estimate":3444.8158635550526,"standard_error":29.556438554278497},"Median":{"confidence_interval":{"confidence_level":0.95,"lower_bound":3343.452268249516,"upper_bound":3349.1935090702946},"point_estimate":3345.5387836285063,"standard_error":1.4143295381405991},"MedianAbsDev":{"confidence_interval":{"confidence_level":0.95,"lower_bound":8.889200357789923,"upper_bound":17.534605961154707},"point_estimate":11.675490966851228,"standard_error":2.18697275833066},"Slope":{"confidence_interval":{"confidence_level":0.95,"lower_bound":3350.974783242985,"upper_bound":3373.454659081606},"point_estimate":3360.703693192956,"standard_error":5.786420954513939},"StdDev":{"confidence_interval":{"confidence_level":0.95,"lower_bound":142.7197132940193,"upper_bound":429.4123298154376},"point_estimate":297.89867384881325,"standard_error":75.2255020253501}}