{"Mean":{"confidence_interval":{"confidence_level":0.95,"lower_bound":3381.956166435185,"upper_bound":3392.542145540421},"point_estimate":3386.825981647494,"standard_error":2.718008995863582},"Median":{"confidence_interval":{"confidence_level":0.95,"lower_bound":3379.4426236814934,"upper_bound":3384.3567126818243},"point_estimate":3382.0966738988627,"standard_error":1.3165098198503238},"MedianAbsDev":{"confidence_interval":{"confidence_level":0.95,"lower_bound":8.376551884492372,"upper_bound":17.138990747581193},"point_estimate":13.218392072255241,"standard_error":2.2134082082922064},"Slope":{"confidence_interval":{"confidence_level":0.95,"lower_bound":3385.5553485238916,"upper_bound":3398.6093317688133},"point_estimate":3391.451883870354,"standard_error":3.356331627330324},"StdDev":{"confidence_interval":{"confidence_level":0.95,"lower_bound":15.663945231481108,"upper_bound":37.37918358550674},"point_estimate":27.24948126679778,"standard_error":5.5935597552341685}}