{"Mean":{"confidence_interval":{"confidence_level":0.95,"lower_bound":19.318276121462056,"upper_bound":19.375224391010942},"point_estimate":19.34460251524164,"standard_error":0.0145798914668901},"Median":{"confidence_interval":{"confidence_level":0.95,"lower_bound":19.30199679736025,"upper_bound":19.326557594191524},"point_estimate":19.314873020425416,"standard_error":0.006691915139478813},"MedianAbsDev":{"confidence_interval":{"confidence_level":0.95,"lower_bound":0.04308179471431056,"upper_bound":0.07504075792533837},"point_estimate":0.06169044152945842,"standard_error":0.008347348914148327},"Slope":{"confidence_interval":{"confidence_level":0.95,"lower_bound":19.3248248256564,"upper_bound":19.38399198197797},"point_estimate":19.35250548128221,"standard_error":0.01513179584793412},"StdDev":{"confidence_interval":{"confidence_level":0.95,"lower_bound":0.08926173560132988,"upper_bound":0.19487884859670315},"point_estimate":0.14682527139524074,"standard_error":0.026955653416180368}}