{"Mean":{"confidence_interval":{"confidence_level":0.95,"lower_bound":19.29716609309137,"upper_bound":19.36658149595018},"point_estimate":19.32938434881029,"standard_error":0.017727394203280275},"Median":{"confidence_interval":{"confidence_level":0.95,"lower_bound":19.26631904618187,"upper_bound":19.29235945313237},"point_estimate":19.28006520139362,"standard_error":0.005550083927547223},"MedianAbsDev":{"confidence_interval":{"confidence_level":0.95,"lower_bound":0.05121674385647971,"upper_bound":0.08876469005738323},"point_estimate":0.06415250939458234,"standard_error":0.009807977302355355},"Slope":{"confidence_interval":{"confidence_level":0.95,"lower_bound":19.291271047721622,"upper_bound":19.399767517063925},"point_estimate":19.336165541375408,"standard_error":0.02846394286966262},"StdDev":{"confidence_interval":{"confidence_level":0.95,"lower_bound":0.11534108305170068,"upper_bound":0.23236204067319188},"point_estimate":0.17847179113443143,"standard_error":0.029783531538838646}}