{"Mean":{"confidence_interval":{"confidence_level":0.95,"lower_bound":19.375782455533496,"upper_bound":19.451710960964796},"point_estimate":19.4123815482539,"standard_error":0.019367183546678445},"Median":{"confidence_interval":{"confidence_level":0.95,"lower_bound":19.301158135639053,"upper_bound":19.384829410149994},"point_estimate":19.331168961845044,"standard_error":0.021456607555070784},"MedianAbsDev":{"confidence_interval":{"confidence_level":0.95,"lower_bound":0.07222504241165219,"upper_bound":0.1732840247027254},"point_estimate":0.11324548650376651,"standard_error":0.027216690232640003},"Slope":{"confidence_interval":{"confidence_level":0.95,"lower_bound":19.44462369813793,"upper_bound":19.575504951295734},"point_estimate":19.509317034697137,"standard_error":0.03336147904008741},"StdDev":{"confidence_interval":{"confidence_level":0.95,"lower_bound":0.15210767011113918,"upper_bound":0.2333928265814871},"point_estimate":0.19451143892851674,"standard_error":0.020852022166292464}}