{"Mean":{"confidence_interval":{"confidence_level":0.95,"lower_bound":19.532305227435565,"upper_bound":19.765382020207497},"point_estimate":19.63045954848816,"standard_error":0.060537149989788375},"Median":{"confidence_interval":{"confidence_level":0.95,"lower_bound":19.437352389626334,"upper_bound":19.557864264657994},"point_estimate":19.501561237236242,"standard_error":0.02904626837384581},"MedianAbsDev":{"confidence_interval":{"confidence_level":0.95,"lower_bound":0.12915582592351554,"upper_bound":0.2173684127107429},"point_estimate":0.16576630250119956,"standard_error":0.023272491806855325},"Slope":{"confidence_interval":{"confidence_level":0.95,"lower_bound":19.569034869376676,"upper_bound":19.987133742270224},"point_estimate":19.726239084493635,"standard_error":0.11284883022516476},"StdDev":{"confidence_interval":{"confidence_level":0.95,"lower_bound":0.21703201299008895,"upper_bound":0.9630339999654237},"point_estimate":0.6119054408432342,"standard_error":0.21823034912394793}}