{"Mean":{"confidence_interval":{"confidence_level":0.95,"lower_bound":19.0500801097077,"upper_bound":19.221343338818556},"point_estimate":19.117960615368034,"standard_error":0.04527607183058856},"Median":{"confidence_interval":{"confidence_level":0.95,"lower_bound":19.029164592867538,"upper_bound":19.056760859388703},"point_estimate":19.04606690046645,"standard_error":0.007764507664754856},"MedianAbsDev":{"confidence_interval":{"confidence_level":0.95,"lower_bound":0.05826218183470964,"upper_bound":0.10740183086503356},"point_estimate":0.08135239164789485,"standard_error":0.012905705465973144},"Slope":{"confidence_interval":{"confidence_level":0.95,"lower_bound":19.076868754115868,"upper_bound":19.434943242931947},"point_estimate":19.220898553932802,"standard_error":0.09513499711874135},"StdDev":{"confidence_interval":{"confidence_level":0.95,"lower_bound":0.13413763907124915,"upper_bound":0.7437521716598025},"point_estimate":0.4553061700815554,"standard_error":0.1953608148042947}}