{"Mean":{"confidence_interval":{"confidence_level":0.95,"lower_bound":4289.852271022401,"upper_bound":4311.107824516386},"point_estimate":4299.519361633946,"standard_error":5.464051353069657},"Median":{"confidence_interval":{"confidence_level":0.95,"lower_bound":4282.371774891775,"upper_bound":4289.162130422768},"point_estimate":4285.750953984287,"standard_error":1.7341820793663616},"MedianAbsDev":{"confidence_interval":{"confidence_level":0.95,"lower_bound":10.261349498845286,"upper_bound":19.052163052839106},"point_estimate":13.922780187604271,"standard_error":2.207680774829589},"Slope":{"confidence_interval":{"confidence_level":0.95,"lower_bound":4288.534505381049,"upper_bound":4311.208166904675},"point_estimate":4297.815025029156,"standard_error":5.926985618408498},"StdDev":{"confidence_interval":{"confidence_level":0.95,"lower_bound":29.633730860560433,"upper_bound":73.90975201595573},"point_estimate":54.6430480833182,"standard_error":11.242663305911867}}