{"Mean":{"confidence_interval":{"confidence_level":0.95,"lower_bound":2455.449465731949,"upper_bound":2479.398595729819},"point_estimate":2466.3311718740006,"standard_error":6.141668210986302},"Median":{"confidence_interval":{"confidence_level":0.95,"lower_bound":2440.0203733440385,"upper_bound":2448.301959884413},"point_estimate":2442.5879569575472,"standard_error":2.1906869260666655},"MedianAbsDev":{"confidence_interval":{"confidence_level":0.95,"lower_bound":7.679052195554539,"upper_bound":20.1268787065375},"point_estimate":12.409938748820167,"standard_error":3.3662653399263553},"Slope":{"confidence_interval":{"confidence_level":0.95,"lower_bound":2459.6022881696645,"upper_bound":2479.3846668324745},"point_estimate":2469.3206943588616,"standard_error":5.050813015029012},"StdDev":{"confidence_interval":{"confidence_level":0.95,"lower_bound":32.71545657084907,"upper_bound":85.76620564203772},"point_estimate":61.690470596757244,"standard_error":13.652139780568584}}