{"Mean":{"confidence_interval":{"confidence_level":0.95,"lower_bound":252.210292508652,"upper_bound":257.87040862440057},"point_estimate":254.6791139715501,"standard_error":1.45879343230381},"Median":{"confidence_interval":{"confidence_level":0.95,"lower_bound":249.76246814475024,"upper_bound":252.1198025795116},"point_estimate":250.5724705667605,"standard_error":0.6226984165936448},"MedianAbsDev":{"confidence_interval":{"confidence_level":0.95,"lower_bound":3.2334646699715095,"upper_bound":5.7180736914268335},"point_estimate":4.055637254883848,"standard_error":0.6324759972658676},"Slope":{"confidence_interval":{"confidence_level":0.95,"lower_bound":254.15972029267172,"upper_bound":265.2375355626795},"point_estimate":258.8839909107986,"standard_error":2.869534464964986},"StdDev":{"confidence_interval":{"confidence_level":0.95,"lower_bound":6.643251607790885,"upper_bound":22.155063239626134},"point_estimate":14.658438064245237,"standard_error":4.301349573482468}}