{"Mean":{"confidence_interval":{"confidence_level":0.95,"lower_bound":259.16937378986614,"upper_bound":261.3065035725625},"point_estimate":260.05535670358097,"standard_error":0.5562635572596377},"Median":{"confidence_interval":{"confidence_level":0.95,"lower_bound":258.7549375470933,"upper_bound":259.01766684764675},"point_estimate":258.84978607839366,"standard_error":0.06744285478893355},"MedianAbsDev":{"confidence_interval":{"confidence_level":0.95,"lower_bound":0.6837005923166918,"upper_bound":1.1572534035687492},"point_estimate":0.8436612360219903,"standard_error":0.12343948546074247},"Slope":{"confidence_interval":{"confidence_level":0.95,"lower_bound":259.5596311819838,"upper_bound":263.36406385870936},"point_estimate":261.08714482407527,"standard_error":1.0003687736772413},"StdDev":{"confidence_interval":{"confidence_level":0.95,"lower_bound":1.6339907363016692,"upper_bound":8.822623639231788},"point_estimate":5.560938603805659,"standard_error":2.012386564111528}}