{"Mean":{"confidence_interval":{"confidence_level":0.95,"lower_bound":43.24988651693999,"upper_bound":43.42954433327507},"point_estimate":43.33077013647683,"standard_error":0.046155457530949386},"Median":{"confidence_interval":{"confidence_level":0.95,"lower_bound":43.24284586628098,"upper_bound":43.306898845740264},"point_estimate":43.272448550067935,"standard_error":0.017556330983969106},"MedianAbsDev":{"confidence_interval":{"confidence_level":0.95,"lower_bound":0.14690234814281786,"upper_bound":0.2603607913009905},"point_estimate":0.19808284847520125,"standard_error":0.02815185774556899},"Slope":{"confidence_interval":{"confidence_level":0.95,"lower_bound":43.31181844953089,"upper_bound":43.521504523253604},"point_estimate":43.41029696371701,"standard_error":0.05387588273251898},"StdDev":{"confidence_interval":{"confidence_level":0.95,"lower_bound":0.25407799415942756,"upper_bound":0.6805049152782942},"point_estimate":0.4649869397900251,"standard_error":0.11929453680264088}}