{"Mean":{"confidence_interval":{"confidence_level":0.95,"lower_bound":42.675846950377,"upper_bound":43.322960540861715},"point_estimate":42.92805649641637,"standard_error":0.1725839482729524},"Median":{"confidence_interval":{"confidence_level":0.95,"lower_bound":42.502028130737095,"upper_bound":42.6375770205681},"point_estimate":42.565912803388414,"standard_error":0.03125229946414171},"MedianAbsDev":{"confidence_interval":{"confidence_level":0.95,"lower_bound":0.15643464764043724,"upper_bound":0.3159975499655886},"point_estimate":0.23538412587262242,"standard_error":0.043702172420556636},"Slope":{"confidence_interval":{"confidence_level":0.95,"lower_bound":42.53643184847069,"upper_bound":42.68411865089276},"point_estimate":42.602625769390414,"standard_error":0.03778652954014872},"StdDev":{"confidence_interval":{"confidence_level":0.95,"lower_bound":0.42195862349127267,"upper_bound":2.8595879990610276},"point_estimate":1.7341800973605832,"standard_error":0.7808557945780807}}