{"Mean":{"confidence_interval":{"confidence_level":0.95,"lower_bound":47.25964331158122,"upper_bound":48.893394330290825},"point_estimate":47.96261066247201,"standard_error":0.4226391086343997},"Median":{"confidence_interval":{"confidence_level":0.95,"lower_bound":46.542159491423504,"upper_bound":46.86022480336621},"point_estimate":46.722370094418906,"standard_error":0.07843315897075946},"MedianAbsDev":{"confidence_interval":{"confidence_level":0.95,"lower_bound":0.3266560304803418,"upper_bound":0.7411573478662816},"point_estimate":0.4884863532596115,"standard_error":0.1044147715547845},"Slope":{"confidence_interval":{"confidence_level":0.95,"lower_bound":47.179413975017894,"upper_bound":48.38114172809805},"point_estimate":47.70997035405102,"standard_error":0.30910979813306905},"StdDev":{"confidence_interval":{"confidence_level":0.95,"lower_bound":1.855676990601863,"upper_bound":6.500750803144831},"point_estimate":4.2507441991085635,"standard_error":1.3323283059422866}}