{"Mean":{"confidence_interval":{"confidence_level":0.95,"lower_bound":258.1432200173808,"upper_bound":258.7908755312381},"point_estimate":258.4324479596182,"standard_error":0.16585289838098924},"Median":{"confidence_interval":{"confidence_level":0.95,"lower_bound":257.983748937157,"upper_bound":258.3335513911901},"point_estimate":258.19166040923596,"standard_error":0.08326111802800411},"MedianAbsDev":{"confidence_interval":{"confidence_level":0.95,"lower_bound":0.5145481156248033,"upper_bound":0.7773222793995185},"point_estimate":0.6854334470952134,"standard_error":0.06813073135994928},"Slope":{"confidence_interval":{"confidence_level":0.95,"lower_bound":258.2907542772104,"upper_bound":258.9703178265961},"point_estimate":258.59922250031894,"standard_error":0.17404834923657747},"StdDev":{"confidence_interval":{"confidence_level":0.95,"lower_bound":0.8548978607421828,"upper_bound":2.419238528063336},"point_estimate":1.6627494577952957,"standard_error":0.4137953677372567}}