{"Mean":{"confidence_interval":{"confidence_level":0.95,"lower_bound":1845.2780659774235,"upper_bound":1877.6693262433912},"point_estimate":1859.0855004091457,"standard_error":8.373901714760468},"Median":{"confidence_interval":{"confidence_level":0.95,"lower_bound":1835.9328849175176,"upper_bound":1838.4749060920299},"point_estimate":1837.0822867198099,"standard_error":0.6167762521336836},"MedianAbsDev":{"confidence_interval":{"confidence_level":0.95,"lower_bound":3.831540898271024,"upper_bound":7.380141882217147},"point_estimate":5.817276941040131,"standard_error":0.8991862826874876},"Slope":{"confidence_interval":{"confidence_level":0.95,"lower_bound":1838.9789930867933,"upper_bound":1846.0620820506667},"point_estimate":1842.132651850839,"standard_error":1.8148624404976126},"StdDev":{"confidence_interval":{"confidence_level":0.95,"lower_bound":31.09502263076593,"upper_bound":130.22725674026253},"point_estimate":84.18547104234209,"standard_error":27.443336609534615}}