{"Mean":{"confidence_interval":{"confidence_level":0.95,"lower_bound":59.71131157742046,"upper_bound":60.40571276050083},"point_estimate":60.01809437171865,"standard_error":0.17788575022292882},"Median":{"confidence_interval":{"confidence_level":0.95,"lower_bound":59.37698951182218,"upper_bound":59.55486224151444},"point_estimate":59.463946174993794,"standard_error":0.04450066442597172},"MedianAbsDev":{"confidence_interval":{"confidence_level":0.95,"lower_bound":0.2863893040691465,"upper_bound":0.5619145060297225},"point_estimate":0.4162488414097308,"standard_error":0.0707880301737164},"Slope":{"confidence_interval":{"confidence_level":0.95,"lower_bound":59.85279598197679,"upper_bound":60.4976574938416},"point_estimate":60.1595257304498,"standard_error":0.16528698579963322},"StdDev":{"confidence_interval":{"confidence_level":0.95,"lower_bound":0.9161412110562405,"upper_bound":2.665946599687808},"point_estimate":1.7871560279091945,"standard_error":0.5136836460441407}}