{"Mean":{"confidence_interval":{"confidence_level":0.95,"lower_bound":119.46440611135533,"upper_bound":120.00971843007244},"point_estimate":119.69218908364263,"standard_error":0.14185328368210234},"Median":{"confidence_interval":{"confidence_level":0.95,"lower_bound":119.31743473753652,"upper_bound":119.46273600233525},"point_estimate":119.39066097176783,"standard_error":0.03871090667093508},"MedianAbsDev":{"confidence_interval":{"confidence_level":0.95,"lower_bound":0.25717647239845043,"upper_bound":0.45224837532742856},"point_estimate":0.3488813150039974,"standard_error":0.05340357744673153},"Slope":{"confidence_interval":{"confidence_level":0.95,"lower_bound":119.4118250341297,"upper_bound":119.70574968546872},"point_estimate":119.54672513280723,"standard_error":0.0753606561189837},"StdDev":{"confidence_interval":{"confidence_level":0.95,"lower_bound":0.5503568526404254,"upper_bound":2.247307406133395},"point_estimate":1.4257300482392177,"standard_error":0.5176566488903465}}