{"Mean":{"confidence_interval":{"confidence_level":0.95,"lower_bound":119.62271977829658,"upper_bound":121.36111675254703},"point_estimate":120.33415715384632,"standard_error":0.45379821835724676},"Median":{"confidence_interval":{"confidence_level":0.95,"lower_bound":119.25161275528923,"upper_bound":119.47393975851845},"point_estimate":119.34784390551359,"standard_error":0.061549010392192474},"MedianAbsDev":{"confidence_interval":{"confidence_level":0.95,"lower_bound":0.39658588588764926,"upper_bound":0.7141885178310314},"point_estimate":0.5310549141753825,"standard_error":0.08320474379635819},"Slope":{"confidence_interval":{"confidence_level":0.95,"lower_bound":119.70517620539913,"upper_bound":122.4213195747236},"point_estimate":120.7661036200342,"standard_error":0.7186554976813293},"StdDev":{"confidence_interval":{"confidence_level":0.95,"lower_bound":1.2571860055454243,"upper_bound":7.339009434979127},"point_estimate":4.5659978142453435,"standard_error":1.7752657103438372}}