{"Mean":{"confidence_interval":{"confidence_level":0.95,"lower_bound":259.7904788081999,"upper_bound":261.56605540897266},"point_estimate":260.61689121601654,"standard_error":0.4539243082550662},"Median":{"confidence_interval":{"confidence_level":0.95,"lower_bound":258.6170819982176,"upper_bound":259.63921726626245},"point_estimate":259.0651919254634,"standard_error":0.335566809609593},"MedianAbsDev":{"confidence_interval":{"confidence_level":0.95,"lower_bound":1.266313996663035,"upper_bound":2.471207880997526},"point_estimate":1.6792030095832908,"standard_error":0.3392131536002902},"Slope":{"confidence_interval":{"confidence_level":0.95,"lower_bound":260.25721322324745,"upper_bound":262.5733129800969},"point_estimate":261.3314215338801,"standard_error":0.5946557429168045},"StdDev":{"confidence_interval":{"confidence_level":0.95,"lower_bound":2.8987786767220864,"upper_bound":6.035719964324936},"point_estimate":4.575184112753371,"standard_error":0.8028085440864116}}