{"Mean":{"confidence_interval":{"confidence_level":0.95,"lower_bound":76.56333105730006,"upper_bound":77.7260939781388},"point_estimate":77.07806131710129,"standard_error":0.2990131995466427},"Median":{"confidence_interval":{"confidence_level":0.95,"lower_bound":76.12399714369724,"upper_bound":76.38390605404173},"point_estimate":76.30469788686489,"standard_error":0.07129473218494538},"MedianAbsDev":{"confidence_interval":{"confidence_level":0.95,"lower_bound":0.4199836544580757,"upper_bound":0.7252018630229354},"point_estimate":0.5685202049987084,"standard_error":0.07304842118849518},"Slope":{"confidence_interval":{"confidence_level":0.95,"lower_bound":76.44377497170142,"upper_bound":78.59545608015866},"point_estimate":77.35062130986121,"standard_error":0.5610025698875866},"StdDev":{"confidence_interval":{"confidence_level":0.95,"lower_bound":1.2140148758073481,"upper_bound":4.354982202924226},"point_estimate":3.0084907007411275,"standard_error":0.7975012769719936}}