{"Mean":{"confidence_interval":{"confidence_level":0.95,"lower_bound":79.17378395771875,"upper_bound":79.6980614303506},"point_estimate":79.42681647617896,"standard_error":0.13347617927444438},"Median":{"confidence_interval":{"confidence_level":0.95,"lower_bound":79.02933238661954,"upper_bound":79.48227109205752},"point_estimate":79.24359392980644,"standard_error":0.1283063232057717},"MedianAbsDev":{"confidence_interval":{"confidence_level":0.95,"lower_bound":0.8151442383904837,"upper_bound":1.4375951696555143},"point_estimate":1.2054129734296557,"standard_error":0.14765599937488863},"Slope":{"confidence_interval":{"confidence_level":0.95,"lower_bound":79.29154137917867,"upper_bound":79.95932311357913},"point_estimate":79.6030667893761,"standard_error":0.1707582544989719},"StdDev":{"confidence_interval":{"confidence_level":0.95,"lower_bound":1.0138490156510556,"upper_bound":1.6470605597767358},"point_estimate":1.341032002092001,"standard_error":0.16264052355069525}}