{"Mean":{"confidence_interval":{"confidence_level":0.95,"lower_bound":78.72133493001274,"upper_bound":79.11559898415366},"point_estimate":78.90159867555597,"standard_error":0.10114033421636315},"Median":{"confidence_interval":{"confidence_level":0.95,"lower_bound":78.54217216541728,"upper_bound":78.70257881085428},"point_estimate":78.61378027959772,"standard_error":0.04387067537777147},"MedianAbsDev":{"confidence_interval":{"confidence_level":0.95,"lower_bound":0.21758873968314316,"upper_bound":0.38777158546993346},"point_estimate":0.2660039590722842,"standard_error":0.04366679981302593},"Slope":{"confidence_interval":{"confidence_level":0.95,"lower_bound":78.80048296739409,"upper_bound":79.53268466954276},"point_estimate":79.1338491727419,"standard_error":0.18796857734800151},"StdDev":{"confidence_interval":{"confidence_level":0.95,"lower_bound":0.5862244624130283,"upper_bound":1.3679598774485677},"point_estimate":1.017086567291061,"standard_error":0.19783899337243324}}