{"Mean":{"confidence_interval":{"confidence_level":0.95,"lower_bound":3800.4429859326474,"upper_bound":3829.7672736060113},"point_estimate":3813.973335370206,"standard_error":7.525549991612945},"Median":{"confidence_interval":{"confidence_level":0.95,"lower_bound":3777.442854113656,"upper_bound":3788.3160950435436},"point_estimate":3781.868899188174,"standard_error":2.9010066459437733},"MedianAbsDev":{"confidence_interval":{"confidence_level":0.95,"lower_bound":13.194204908132711,"upper_bound":31.66495874693692},"point_estimate":20.567366828356207,"standard_error":5.030668345304079},"Slope":{"confidence_interval":{"confidence_level":0.95,"lower_bound":3791.6667316621683,"upper_bound":3817.5731051158155},"point_estimate":3803.1059316034143,"standard_error":6.631945115395232},"StdDev":{"confidence_interval":{"confidence_level":0.95,"lower_bound":48.921059257439296,"upper_bound":103.81638107596133},"point_estimate":76.00710229249727,"standard_error":14.785217168150265}}