{"Mean":{"confidence_interval":{"confidence_level":0.95,"lower_bound":3882.462330374276,"upper_bound":4021.318885877968},"point_estimate":3943.759932125827,"standard_error":35.64727467716464},"Median":{"confidence_interval":{"confidence_level":0.95,"lower_bound":3842.7525571331216,"upper_bound":3848.42934172751},"point_estimate":3845.155637658386,"standard_error":1.6396890363997645},"MedianAbsDev":{"confidence_interval":{"confidence_level":0.95,"lower_bound":9.714190274003274,"upper_bound":18.61963959868899},"point_estimate":14.01575302585593,"standard_error":2.2232641645741493},"Slope":{"confidence_interval":{"confidence_level":0.95,"lower_bound":3855.870606912638,"upper_bound":3892.4616872245524},"point_estimate":3871.4283711350404,"standard_error":9.341797184004143},"StdDev":{"confidence_interval":{"confidence_level":0.95,"lower_bound":160.3401218732647,"upper_bound":518.1419641385434},"point_estimate":358.43632773117844,"standard_error":92.06339425719669}}