{"Mean":{"confidence_interval":{"confidence_level":0.95,"lower_bound":35.06322560199663,"upper_bound":35.22867128638029},"point_estimate":35.13323210150001,"standard_error":0.042663413523487376},"Median":{"confidence_interval":{"confidence_level":0.95,"lower_bound":35.030775782525374,"upper_bound":35.060879646059576},"point_estimate":35.041789778584445,"standard_error":0.007041661820271372},"MedianAbsDev":{"confidence_interval":{"confidence_level":0.95,"lower_bound":0.05951639546563101,"upper_bound":0.10824468204585964},"point_estimate":0.08569344246137378,"standard_error":0.013344119194334205},"Slope":{"confidence_interval":{"confidence_level":0.95,"lower_bound":35.058737037983995,"upper_bound":35.18765386420349},"point_estimate":35.11663761321908,"standard_error":0.03315559460998501},"StdDev":{"confidence_interval":{"confidence_level":0.95,"lower_bound":0.17816673999607865,"upper_bound":0.6662008426533558},"point_estimate":0.42776950667930996,"standard_error":0.14704137456927147}}