{"Mean":{"confidence_interval":{"confidence_level":0.95,"lower_bound":35.34974415884569,"upper_bound":35.602583397852875},"point_estimate":35.469395851432694,"standard_error":0.06470479789361906},"Median":{"confidence_interval":{"confidence_level":0.95,"lower_bound":35.1111397756996,"upper_bound":35.44068576090505},"point_estimate":35.27790223229649,"standard_error":0.0921221214496611},"MedianAbsDev":{"confidence_interval":{"confidence_level":0.95,"lower_bound":0.2350968068907301,"upper_bound":0.6072201352158222},"point_estimate":0.4130733054192372,"standard_error":0.09982761258391933},"Slope":{"confidence_interval":{"confidence_level":0.95,"lower_bound":35.21975034749097,"upper_bound":35.63274882300281},"point_estimate":35.389441312418796,"standard_error":0.10802757129105661},"StdDev":{"confidence_interval":{"confidence_level":0.95,"lower_bound":0.4645726924972865,"upper_bound":0.8343731183060682},"point_estimate":0.6498680205752024,"standard_error":0.09577487038103945}}