{"Mean":{"confidence_interval":{"confidence_level":0.95,"lower_bound":35.684604887351306,"upper_bound":36.01936045801337},"point_estimate":35.83261442089771,"standard_error":0.08614393490508637},"Median":{"confidence_interval":{"confidence_level":0.95,"lower_bound":35.588377546442715,"upper_bound":35.64741538687136},"point_estimate":35.61805433120139,"standard_error":0.01442713079507553},"MedianAbsDev":{"confidence_interval":{"confidence_level":0.95,"lower_bound":0.09601085730658782,"upper_bound":0.2040345620323183},"point_estimate":0.14191364644792953,"standard_error":0.029106147163298672},"Slope":{"confidence_interval":{"confidence_level":0.95,"lower_bound":35.617628645024865,"upper_bound":35.98217026149697},"point_estimate":35.77619578081019,"standard_error":0.09412246830425619},"StdDev":{"confidence_interval":{"confidence_level":0.95,"lower_bound":0.36035555860424906,"upper_bound":1.2741084410856824},"point_estimate":0.8682088434844542,"standard_error":0.23477449073690665}}