{"Mean":{"confidence_interval":{"confidence_level":0.95,"lower_bound":479.5963497279633,"upper_bound":491.3574960115499},"point_estimate":484.8887003025139,"standard_error":3.016834758916548},"Median":{"confidence_interval":{"confidence_level":0.95,"lower_bound":474.6851860085964,"upper_bound":477.1816733362976},"point_estimate":476.2604433217574,"standard_error":0.7375078072703154},"MedianAbsDev":{"confidence_interval":{"confidence_level":0.95,"lower_bound":3.8705028718173073,"upper_bound":7.135204612211839},"point_estimate":5.802084056915365,"standard_error":0.830447316432042},"Slope":{"confidence_interval":{"confidence_level":0.95,"lower_bound":477.7590581797733,"upper_bound":484.0659373111558},"point_estimate":480.60226715817123,"standard_error":1.6114801660029525},"StdDev":{"confidence_interval":{"confidence_level":0.95,"lower_bound":16.51740511229456,"upper_bound":43.481971377877},"point_estimate":30.415294741368882,"standard_error":7.23481527334603}}