{"Mean":{"confidence_interval":{"confidence_level":0.95,"lower_bound":481.9916982121131,"upper_bound":488.95821783088803},"point_estimate":484.840904601918,"standard_error":1.824919868795894},"Median":{"confidence_interval":{"confidence_level":0.95,"lower_bound":480.272573945905,"upper_bound":483.21078425576695},"point_estimate":482.1036027778201,"standard_error":0.7360844218025073},"MedianAbsDev":{"confidence_interval":{"confidence_level":0.95,"lower_bound":4.104203557038573,"upper_bound":6.854182081401363},"point_estimate":5.493066303592952,"standard_error":0.7122411657717425},"Slope":{"confidence_interval":{"confidence_level":0.95,"lower_bound":483.48579920298585,"upper_bound":488.8794140457268},"point_estimate":485.97585897937705,"standard_error":1.37564769203579},"StdDev":{"confidence_interval":{"confidence_level":0.95,"lower_bound":5.1001353602751225,"upper_bound":29.364016234468217},"point_estimate":18.277405499574783,"standard_error":7.046553701131809}}