{"Mean":{"confidence_interval":{"confidence_level":0.95,"lower_bound":1313.4605478221974,"upper_bound":1327.6311644727489},"point_estimate":1320.0482073531434,"standard_error":3.626809437386155},"Median":{"confidence_interval":{"confidence_level":0.95,"lower_bound":1306.4989068902112,"upper_bound":1310.5478133367335},"point_estimate":1307.5989271597969,"standard_error":0.9734171305203682},"MedianAbsDev":{"confidence_interval":{"confidence_level":0.95,"lower_bound":5.668074792472464,"upper_bound":11.947882174053621},"point_estimate":8.32263062299484,"standard_error":1.569692598375798},"Slope":{"confidence_interval":{"confidence_level":0.95,"lower_bound":1315.8231756202695,"upper_bound":1341.7812538217345},"point_estimate":1327.9779845070814,"standard_error":6.643101270525786},"StdDev":{"confidence_interval":{"confidence_level":0.95,"lower_bound":24.09658618175032,"upper_bound":46.452698963155356},"point_estimate":36.65840078910023,"standard_error":5.6996521802733895}}