{"Mean":{"confidence_interval":{"confidence_level":0.95,"lower_bound":1619.1742751662573,"upper_bound":1628.514800452393},"point_estimate":1623.2389619388912,"standard_error":2.407916254786147},"Median":{"confidence_interval":{"confidence_level":0.95,"lower_bound":1615.1274354027164,"upper_bound":1618.6524216524217},"point_estimate":1616.3679558745348,"standard_error":0.875087763255208},"MedianAbsDev":{"confidence_interval":{"confidence_level":0.95,"lower_bound":5.003927442026762,"upper_bound":9.439359162695341},"point_estimate":7.041565788002022,"standard_error":1.1692430218013228},"Slope":{"confidence_interval":{"confidence_level":0.95,"lower_bound":1616.6999472372265,"upper_bound":1625.9977646268953},"point_estimate":1620.7608337898466,"standard_error":2.378478489581612},"StdDev":{"confidence_interval":{"confidence_level":0.95,"lower_bound":11.364471177729174,"upper_bound":36.85695371079391},"point_estimate":24.259786752937124,"standard_error":7.345470039083534}}