{"Mean":{"confidence_interval":{"confidence_level":0.95,"lower_bound":1827.761629093009,"upper_bound":1848.942661718722},"point_estimate":1836.9563286115517,"standard_error":5.476398278281107},"Median":{"confidence_interval":{"confidence_level":0.95,"lower_bound":1816.427052649399,"upper_bound":1823.0058363991461},"point_estimate":1817.9419358335558,"standard_error":1.6081297212785057},"MedianAbsDev":{"confidence_interval":{"confidence_level":0.95,"lower_bound":6.37639322699067,"upper_bound":15.571153772385289},"point_estimate":9.285346017647568,"standard_error":2.345746802423568},"Slope":{"confidence_interval":{"confidence_level":0.95,"lower_bound":1821.0668453443632,"upper_bound":1831.5497475418126},"point_estimate":1825.8288291107106,"standard_error":2.6750659906038488},"StdDev":{"confidence_interval":{"confidence_level":0.95,"lower_bound":24.8242189230814,"upper_bound":83.66366403108445},"point_estimate":55.03711365954916,"standard_error":16.8610231898418}}