{"Mean":{"confidence_interval":{"confidence_level":0.95,"lower_bound":1820.912949709049,"upper_bound":1829.8273026232878},"point_estimate":1825.0119536328282,"standard_error":2.2736162410167267},"Median":{"confidence_interval":{"confidence_level":0.95,"lower_bound":1817.190930429324,"upper_bound":1819.830861581921},"point_estimate":1818.2769681573825,"standard_error":0.7184526245321193},"MedianAbsDev":{"confidence_interval":{"confidence_level":0.95,"lower_bound":5.140401795359006,"upper_bound":8.155354902561237},"point_estimate":6.18682703703724,"standard_error":0.7717545322769062},"Slope":{"confidence_interval":{"confidence_level":0.95,"lower_bound":1823.0431662257042,"upper_bound":1840.8916213964771},"point_estimate":1831.1244840517445,"standard_error":4.594552812227116},"StdDev":{"confidence_interval":{"confidence_level":0.95,"lower_bound":13.940824318819951,"upper_bound":30.50661544589839},"point_estimate":22.83921595098898,"standard_error":4.236752406456547}}