{"Mean":{"confidence_interval":{"confidence_level":0.95,"lower_bound":16.104014136580645,"upper_bound":16.616261249858525},"point_estimate":16.307001487713514,"standard_error":0.13698478475655515},"Median":{"confidence_interval":{"confidence_level":0.95,"lower_bound":16.069762561385684,"upper_bound":16.088152199182986},"point_estimate":16.078811001213026,"standard_error":0.004787695090180117},"MedianAbsDev":{"confidence_interval":{"confidence_level":0.95,"lower_bound":0.03051390763888696,"upper_bound":0.053994095553447675},"point_estimate":0.03906336580582307,"standard_error":0.00582845681458402},"Slope":{"confidence_interval":{"confidence_level":0.95,"lower_bound":16.08290517354642,"upper_bound":16.160615874609107},"point_estimate":16.11762249551822,"standard_error":0.01988963704277667},"StdDev":{"confidence_interval":{"confidence_level":0.95,"lower_bound":0.11577590404539753,"upper_bound":2.2229150566727616},"point_estimate":1.377550798329662,"standard_error":0.5837641380761459}}