{"Mean":{"confidence_interval":{"confidence_level":0.95,"lower_bound":16.145090766161584,"upper_bound":16.34231320048982},"point_estimate":16.227763321364773,"standard_error":0.051224194115868316},"Median":{"confidence_interval":{"confidence_level":0.95,"lower_bound":16.09255563391217,"upper_bound":16.15338094527973},"point_estimate":16.11606186427125,"standard_error":0.01410101081993507},"MedianAbsDev":{"confidence_interval":{"confidence_level":0.95,"lower_bound":0.08797979171568979,"upper_bound":0.15493137597950773},"point_estimate":0.11593892734386209,"standard_error":0.01767363865284821},"Slope":{"confidence_interval":{"confidence_level":0.95,"lower_bound":16.1732515287377,"upper_bound":16.247942207066746},"point_estimate":16.210213079817787,"standard_error":0.019081385585907915},"StdDev":{"confidence_interval":{"confidence_level":0.95,"lower_bound":0.1518843197950538,"upper_bound":0.8141553920844753},"point_estimate":0.5142642717250643,"standard_error":0.18333027790207687}}