{"Mean":{"confidence_interval":{"confidence_level":0.95,"lower_bound":16.227860669621503,"upper_bound":16.992878485496878},"point_estimate":16.570591939809777,"standard_error":0.19619078081326524},"Median":{"confidence_interval":{"confidence_level":0.95,"lower_bound":16.03559450312413,"upper_bound":16.06291266351843},"point_estimate":16.045313114447303,"standard_error":0.006291113354881002},"MedianAbsDev":{"confidence_interval":{"confidence_level":0.95,"lower_bound":0.039042959366597886,"upper_bound":0.08419153440377787},"point_estimate":0.05817853255905514,"standard_error":0.011309747787610626},"Slope":{"confidence_interval":{"confidence_level":0.95,"lower_bound":16.07581876541444,"upper_bound":16.157809228231123},"point_estimate":16.11313394709091,"standard_error":0.021082200455356227},"StdDev":{"confidence_interval":{"confidence_level":0.95,"lower_bound":0.9352071741845184,"upper_bound":2.732592408914493},"point_estimate":1.9684015813840652,"standard_error":0.4516819060750454}}