{"Mean":{"confidence_interval":{"confidence_level":0.95,"lower_bound":3870.53962408264,"upper_bound":3881.5601149689473},"point_estimate":3875.669051681311,"standard_error":2.8171969846987404},"Median":{"confidence_interval":{"confidence_level":0.95,"lower_bound":3868.1730382068718,"upper_bound":3872.567499375078},"point_estimate":3870.192494375703,"standard_error":1.1348495807702645},"MedianAbsDev":{"confidence_interval":{"confidence_level":0.95,"lower_bound":7.697489618437044,"upper_bound":14.081768693356693},"point_estimate":10.979991439637608,"standard_error":1.665713800705887},"Slope":{"confidence_interval":{"confidence_level":0.95,"lower_bound":3874.4786056528064,"upper_bound":3886.26709347673},"point_estimate":3880.137389194202,"standard_error":3.0111746893052067},"StdDev":{"confidence_interval":{"confidence_level":0.95,"lower_bound":18.4086555983974,"upper_bound":37.72833091023606},"point_estimate":28.3522140667419,"standard_error":5.000039435335565}}