{"Mean":{"confidence_interval":{"confidence_level":0.95,"lower_bound":3957.5966924570466,"upper_bound":3972.631549995473},"point_estimate":3964.6161691448983,"standard_error":3.854697817232097},"Median":{"confidence_interval":{"confidence_level":0.95,"lower_bound":3951.1505810475946,"upper_bound":3955.3740338751986},"point_estimate":3952.5943670787046,"standard_error":1.1430215894355664},"MedianAbsDev":{"confidence_interval":{"confidence_level":0.95,"lower_bound":8.047322958091602,"upper_bound":16.21446147148139},"point_estimate":11.424976606785256,"standard_error":2.2228757902511105},"Slope":{"confidence_interval":{"confidence_level":0.95,"lower_bound":3958.0927635781977,"upper_bound":3980.4997618499956},"point_estimate":3968.2691940986942,"standard_error":5.741289794771058},"StdDev":{"confidence_interval":{"confidence_level":0.95,"lower_bound":24.853685027274768,"upper_bound":51.009281111991136},"point_estimate":38.796323469113375,"standard_error":6.708122167934591}}