{"Mean":{"confidence_interval":{"confidence_level":0.95,"lower_bound":3743.2631230701,"upper_bound":3754.0017062422694},"point_estimate":3748.2164046433336,"standard_error":2.74092396283856},"Median":{"confidence_interval":{"confidence_level":0.95,"lower_bound":3739.457142857143,"upper_bound":3745.563997331182},"point_estimate":3742.713446887751,"standard_error":1.4899322097839862},"MedianAbsDev":{"confidence_interval":{"confidence_level":0.95,"lower_bound":8.714651169519275,"upper_bound":17.017615311810143},"point_estimate":12.444635396746259,"standard_error":2.0821955827830814},"Slope":{"confidence_interval":{"confidence_level":0.95,"lower_bound":3745.137735603452,"upper_bound":3756.9130007288395},"point_estimate":3750.470249261817,"standard_error":3.032451306006212},"StdDev":{"confidence_interval":{"confidence_level":0.95,"lower_bound":17.12483711222868,"upper_bound":37.92499745844429},"point_estimate":27.63230763994788,"standard_error":5.496110297960811}}