{"Mean":{"confidence_interval":{"confidence_level":0.95,"lower_bound":3572.378458666849,"upper_bound":3591.5806447884165},"point_estimate":3581.009006496311,"standard_error":4.900596753893289},"Median":{"confidence_interval":{"confidence_level":0.95,"lower_bound":3564.2926589762674,"upper_bound":3573.1531847692577},"point_estimate":3567.3771448679563,"standard_error":2.2015274808391663},"MedianAbsDev":{"confidence_interval":{"confidence_level":0.95,"lower_bound":12.677849936939767,"upper_bound":25.48320975929265},"point_estimate":16.132499010731987,"standard_error":3.31861250750705},"Slope":{"confidence_interval":{"confidence_level":0.95,"lower_bound":3581.4949756859905,"upper_bound":3604.488053301873},"point_estimate":3592.166339621077,"standard_error":5.874327145838949},"StdDev":{"confidence_interval":{"confidence_level":0.95,"lower_bound":24.997270155948566,"upper_bound":69.85568548516956},"point_estimate":49.37922883436506,"standard_error":11.550165997927623}}