{"Mean":{"confidence_interval":{"confidence_level":0.95,"lower_bound":3649.480621868651,"upper_bound":3659.8638522737756},"point_estimate":3654.381679245829,"standard_error":2.655288647733497},"Median":{"confidence_interval":{"confidence_level":0.95,"lower_bound":3644.297978674036,"upper_bound":3651.217712177122},"point_estimate":3647.684743397822,"standard_error":1.621580318329137},"MedianAbsDev":{"confidence_interval":{"confidence_level":0.95,"lower_bound":8.87054335543152,"upper_bound":16.438907768494815},"point_estimate":11.18498420263453,"standard_error":1.9985879441763021},"Slope":{"confidence_interval":{"confidence_level":0.95,"lower_bound":3647.266050500313,"upper_bound":3663.0161770390637},"point_estimate":3654.088357369195,"standard_error":4.0671549649589345},"StdDev":{"confidence_interval":{"confidence_level":0.95,"lower_bound":18.901225249414306,"upper_bound":33.21416744118534},"point_estimate":26.557326672055094,"standard_error":3.6581347763124072}}