{"Mean":{"confidence_interval":{"confidence_level":0.95,"lower_bound":3624.833296214519,"upper_bound":3751.0824899781437},"point_estimate":3681.1014271137165,"standard_error":32.38955163835424},"Median":{"confidence_interval":{"confidence_level":0.95,"lower_bound":3578.688634806441,"upper_bound":3590.5774327906097},"point_estimate":3584.4027149708804,"standard_error":2.897680538639461},"MedianAbsDev":{"confidence_interval":{"confidence_level":0.95,"lower_bound":13.298916294057634,"upper_bound":27.9004788779755},"point_estimate":20.658129931962467,"standard_error":3.629884508380617},"Slope":{"confidence_interval":{"confidence_level":0.95,"lower_bound":3621.35938488109,"upper_bound":3743.0517818322437},"point_estimate":3675.0673871507197,"standard_error":31.425749814877598},"StdDev":{"confidence_interval":{"confidence_level":0.95,"lower_bound":155.76458385392334,"upper_bound":461.3730416873114},"point_estimate":326.07249399968975,"standard_error":77.59472750202143}}