{"Mean":{"confidence_interval":{"confidence_level":0.95,"lower_bound":22.846997237234806,"upper_bound":23.001452513767134},"point_estimate":22.919581034758433,"standard_error":0.03952476696612688},"Median":{"confidence_interval":{"confidence_level":0.95,"lower_bound":22.789447508191465,"upper_bound":22.82235508248088},"point_estimate":22.805134609581337,"standard_error":0.008541153742529475},"MedianAbsDev":{"confidence_interval":{"confidence_level":0.95,"lower_bound":0.051941773583840854,"upper_bound":0.10981212477670257},"point_estimate":0.06926190463979168,"standard_error":0.014183784935784954},"Slope":{"confidence_interval":{"confidence_level":0.95,"lower_bound":22.914025130508506,"upper_bound":23.131729245604742},"point_estimate":23.01680941531363,"standard_error":0.05563967269928449},"StdDev":{"confidence_interval":{"confidence_level":0.95,"lower_bound":0.27822843321387974,"upper_bound":0.48993648836999104},"point_estimate":0.3969252392929827,"standard_error":0.053874936009510224}}