{"Mean":{"confidence_interval":{"confidence_level":0.95,"lower_bound":22.745238692424117,"upper_bound":22.95668019723114},"point_estimate":22.829519333071065,"standard_error":0.0556992371552593},"Median":{"confidence_interval":{"confidence_level":0.95,"lower_bound":22.697996445254997,"upper_bound":22.733724829010562},"point_estimate":22.719299375201814,"standard_error":0.009575343940029318},"MedianAbsDev":{"confidence_interval":{"confidence_level":0.95,"lower_bound":0.056347203531356596,"upper_bound":0.10750763301092908},"point_estimate":0.08229186610373922,"standard_error":0.013009495149039355},"Slope":{"confidence_interval":{"confidence_level":0.95,"lower_bound":22.74321860043516,"upper_bound":22.842482998942717},"point_estimate":22.788297768503277,"standard_error":0.025388797562753772},"StdDev":{"confidence_interval":{"confidence_level":0.95,"lower_bound":0.1591617553640756,"upper_bound":0.9120223726733371},"point_estimate":0.5596136563037699,"standard_error":0.23641367258106255}}