{"Mean":{"confidence_interval":{"confidence_level":0.95,"lower_bound":58.967461716718724,"upper_bound":59.72848202767278},"point_estimate":59.307974061644565,"standard_error":0.19553567630915616},"Median":{"confidence_interval":{"confidence_level":0.95,"lower_bound":58.55265646017004,"upper_bound":58.84335929195515},"point_estimate":58.66092351164782,"standard_error":0.0632397912070225},"MedianAbsDev":{"confidence_interval":{"confidence_level":0.95,"lower_bound":0.314988004305705,"upper_bound":0.6417063307432365},"point_estimate":0.4476490919332167,"standard_error":0.08157137840096143},"Slope":{"confidence_interval":{"confidence_level":0.95,"lower_bound":58.89126985493201,"upper_bound":59.741765905304284},"point_estimate":59.24277963331069,"standard_error":0.22164310176354074},"StdDev":{"confidence_interval":{"confidence_level":0.95,"lower_bound":1.0151441348627654,"upper_bound":2.8478251323799015},"point_estimate":1.9693973068204333,"standard_error":0.4822279321720787}}