{"Mean":{"confidence_interval":{"confidence_level":0.95,"lower_bound":59.498814405295136,"upper_bound":60.363882198825934},"point_estimate":59.906853274294214,"standard_error":0.22113118146763203},"Median":{"confidence_interval":{"confidence_level":0.95,"lower_bound":58.96786547664738,"upper_bound":59.124177664467105},"point_estimate":59.045838810961214,"standard_error":0.043413259677438885},"MedianAbsDev":{"confidence_interval":{"confidence_level":0.95,"lower_bound":0.2381544851772538,"upper_bound":0.4217614562150076},"point_estimate":0.3186098207055451,"standard_error":0.045844423956052247},"Slope":{"confidence_interval":{"confidence_level":0.95,"lower_bound":59.85588529688603,"upper_bound":61.36940553121635},"point_estimate":60.60432303774209,"standard_error":0.386572447901661},"StdDev":{"confidence_interval":{"confidence_level":0.95,"lower_bound":1.5936110519101958,"upper_bound":2.763163991231064},"point_estimate":2.223180270364174,"standard_error":0.2980440033777186}}