{"Mean":{"confidence_interval":{"confidence_level":0.95,"lower_bound":9.705844024470526,"upper_bound":9.787897253892359},"point_estimate":9.738663478100463,"standard_error":0.02154970567262033},"Median":{"confidence_interval":{"confidence_level":0.95,"lower_bound":9.693669343089125,"upper_bound":9.703430259120363},"point_estimate":9.697329252104883,"standard_error":0.0026590488234435063},"MedianAbsDev":{"confidence_interval":{"confidence_level":0.95,"lower_bound":0.01826356699831794,"upper_bound":0.031688208318854535},"point_estimate":0.025827867161650264,"standard_error":0.003573672706970627},"Slope":{"confidence_interval":{"confidence_level":0.95,"lower_bound":9.715434768679398,"upper_bound":9.870595015603875},"point_estimate":9.774101742569021,"standard_error":0.04180824650033614},"StdDev":{"confidence_interval":{"confidence_level":0.95,"lower_bound":0.06132316619539493,"upper_bound":0.3509910250714316},"point_estimate":0.2162445439905856,"standard_error":0.08915370925987567}}