{"Mean":{"confidence_interval":{"confidence_level":0.95,"lower_bound":9.819383940483132,"upper_bound":9.881873904318006},"point_estimate":9.84654713364825,"standard_error":0.016130873967487074},"Median":{"confidence_interval":{"confidence_level":0.95,"lower_bound":9.808446141414947,"upper_bound":9.823541936984103},"point_estimate":9.815292344039577,"standard_error":0.003926889382300782},"MedianAbsDev":{"confidence_interval":{"confidence_level":0.95,"lower_bound":0.022146327932794106,"upper_bound":0.041485431999273195},"point_estimate":0.03195934734641039,"standard_error":0.00483504176598566},"Slope":{"confidence_interval":{"confidence_level":0.95,"lower_bound":9.819488881027207,"upper_bound":9.868315204090553},"point_estimate":9.840681112697107,"standard_error":0.012530223297325298},"StdDev":{"confidence_interval":{"confidence_level":0.95,"lower_bound":0.06264079591685943,"upper_bound":0.2468758470731069},"point_estimate":0.1624146913660147,"standard_error":0.049467906763697035}}