{"Mean":{"confidence_interval":{"confidence_level":0.95,"lower_bound":2138.398231333974,"upper_bound":2211.461928508011},"point_estimate":2166.9289834419387,"standard_error":19.38030784199684},"Median":{"confidence_interval":{"confidence_level":0.95,"lower_bound":2129.6848965848967,"upper_bound":2135.4793599257887},"point_estimate":2132.2395192526774,"standard_error":1.4867478187735665},"MedianAbsDev":{"confidence_interval":{"confidence_level":0.95,"lower_bound":7.584981317795196,"upper_bound":13.303324330918445},"point_estimate":9.514454286112578,"standard_error":1.4158886385174485},"Slope":{"confidence_interval":{"confidence_level":0.95,"lower_bound":2136.6618606026536,"upper_bound":2150.2494543618454},"point_estimate":2142.3243249868697,"standard_error":3.514787896436558},"StdDev":{"confidence_interval":{"confidence_level":0.95,"lower_bound":26.89500949242532,"upper_bound":319.57544812540874},"point_estimate":194.26919776112854,"standard_error":85.76842356208158}}