{"Mean":{"confidence_interval":{"confidence_level":0.95,"lower_bound":2136.4098754170395,"upper_bound":2152.5590109880595},"point_estimate":2143.561269587704,"standard_error":4.147072640773235},"Median":{"confidence_interval":{"confidence_level":0.95,"lower_bound":2131.074608993157,"upper_bound":2134.6344338755625},"point_estimate":2132.6509483273594,"standard_error":0.9087329446210192},"MedianAbsDev":{"confidence_interval":{"confidence_level":0.95,"lower_bound":6.232622137898893,"upper_bound":11.735910669065337},"point_estimate":8.342533637211707,"standard_error":1.5076193158577555},"Slope":{"confidence_interval":{"confidence_level":0.95,"lower_bound":2131.8702132573967,"upper_bound":2141.793869538912},"point_estimate":2136.356909607186,"standard_error":2.548944581555954},"StdDev":{"confidence_interval":{"confidence_level":0.95,"lower_bound":18.147969012362672,"upper_bound":60.5951039727871},"point_estimate":41.72588992147806,"standard_error":11.01762371362887}}