{"Mean":{"confidence_interval":{"confidence_level":0.95,"lower_bound":9.39368317292692,"upper_bound":9.425747939557933},"point_estimate":9.408769160177435,"standard_error":0.008211099454225478},"Median":{"confidence_interval":{"confidence_level":0.95,"lower_bound":9.38058504556222,"upper_bound":9.395107622151231},"point_estimate":9.38690908190894,"standard_error":0.0035984785846266184},"MedianAbsDev":{"confidence_interval":{"confidence_level":0.95,"lower_bound":0.02501510231954068,"upper_bound":0.03986867229546981},"point_estimate":0.03343334508951702,"standard_error":0.003702662643924226},"Slope":{"confidence_interval":{"confidence_level":0.95,"lower_bound":9.393787530069707,"upper_bound":9.42584130040283},"point_estimate":9.40827992305466,"standard_error":0.008224183759712777},"StdDev":{"confidence_interval":{"confidence_level":0.95,"lower_bound":0.05587212793176727,"upper_bound":0.10503906162330569},"point_estimate":0.08234511330918454,"standard_error":0.012549142192438986}}