{"Mean":{"confidence_interval":{"confidence_level":0.95,"lower_bound":89.52117924484939,"upper_bound":90.16271036985253},"point_estimate":89.80672155503646,"standard_error":0.16485324053495298},"Median":{"confidence_interval":{"confidence_level":0.95,"lower_bound":89.33636197985687,"upper_bound":89.46185837971552},"point_estimate":89.40933099736033,"standard_error":0.02970629372565572},"MedianAbsDev":{"confidence_interval":{"confidence_level":0.95,"lower_bound":0.1843405520550437,"upper_bound":0.35952650483681625},"point_estimate":0.2839440659828662,"standard_error":0.04402416975900718},"Slope":{"confidence_interval":{"confidence_level":0.95,"lower_bound":89.44242341910633,"upper_bound":90.17827569663143},"point_estimate":89.75625385219215,"standard_error":0.18973538873236417},"StdDev":{"confidence_interval":{"confidence_level":0.95,"lower_bound":0.7519949934837138,"upper_bound":2.3548731897299455},"point_estimate":1.6580524386475362,"standard_error":0.40876465092833003}}