{"Mean":{"confidence_interval":{"confidence_level":0.95,"lower_bound":90.84747220183002,"upper_bound":92.07306407369916},"point_estimate":91.41063323017332,"standard_error":0.31280639872772975},"Median":{"confidence_interval":{"confidence_level":0.95,"lower_bound":90.10205339760823,"upper_bound":91.189893497675},"point_estimate":90.6164042108299,"standard_error":0.27319773684587173},"MedianAbsDev":{"confidence_interval":{"confidence_level":0.95,"lower_bound":1.2810233092927659,"upper_bound":2.130092793007735},"point_estimate":1.7863344587258343,"standard_error":0.21904402366763687},"Slope":{"confidence_interval":{"confidence_level":0.95,"lower_bound":90.64810004386278,"upper_bound":91.78603630677891},"point_estimate":91.16546151496277,"standard_error":0.29159151186458726},"StdDev":{"confidence_interval":{"confidence_level":0.95,"lower_bound":1.840398678122775,"upper_bound":4.29726766794222},"point_estimate":3.1424288316976146,"standard_error":0.6354280200499316}}