{"Mean":{"confidence_interval":{"confidence_level":0.95,"lower_bound":1479.7084430891732,"upper_bound":1511.3761803049222},"point_estimate":1493.2404086458891,"standard_error":8.200760928733283},"Median":{"confidence_interval":{"confidence_level":0.95,"lower_bound":1471.4865834004834,"upper_bound":1475.8053012014373},"point_estimate":1472.8902382624985,"standard_error":1.1432883528790423},"MedianAbsDev":{"confidence_interval":{"confidence_level":0.95,"lower_bound":4.788248803880413,"upper_bound":9.916029843330437},"point_estimate":6.9328652108421736,"standard_error":1.2095613873349156},"Slope":{"confidence_interval":{"confidence_level":0.95,"lower_bound":1481.4623366009664,"upper_bound":1506.2684349893575},"point_estimate":1492.2945247423536,"standard_error":6.406801473015493},"StdDev":{"confidence_interval":{"confidence_level":0.95,"lower_bound":29.643884233943997,"upper_bound":127.09937702657919},"point_estimate":82.34034739138086,"standard_error":26.427011683650417}}