{"Mean":{"confidence_interval":{"confidence_level":0.95,"lower_bound":33.33315325208097,"upper_bound":33.40748814574246},"point_estimate":33.366683291546295,"standard_error":0.018997917509802204},"Median":{"confidence_interval":{"confidence_level":0.95,"lower_bound":33.31087408732429,"upper_bound":33.351981717010375},"point_estimate":33.32720863096215,"standard_error":0.009418379128065842},"MedianAbsDev":{"confidence_interval":{"confidence_level":0.95,"lower_bound":0.07316064663431052,"upper_bound":0.12107784889976242},"point_estimate":0.09926338882816836,"standard_error":0.011934207267298519},"Slope":{"confidence_interval":{"confidence_level":0.95,"lower_bound":33.305161952869284,"upper_bound":33.381707741858044},"point_estimate":33.34050722060038,"standard_error":0.019607315464509105},"StdDev":{"confidence_interval":{"confidence_level":0.95,"lower_bound":0.10625576001108558,"upper_bound":0.2768081975506075},"point_estimate":0.1911890876632079,"standard_error":0.04633659127283335}}