{"Mean":{"confidence_interval":{"confidence_level":0.95,"lower_bound":29.99481447107211,"upper_bound":30.752696558822393},"point_estimate":30.332850536700825,"standard_error":0.1943232820922757},"Median":{"confidence_interval":{"confidence_level":0.95,"lower_bound":29.684167670533395,"upper_bound":29.727934345680207},"point_estimate":29.696240121607744,"standard_error":0.010805016324098984},"MedianAbsDev":{"confidence_interval":{"confidence_level":0.95,"lower_bound":0.05230610393609576,"upper_bound":0.11944060964685631},"point_estimate":0.07989100063272057,"standard_error":0.016839685659152028},"Slope":{"confidence_interval":{"confidence_level":0.95,"lower_bound":29.803790436220552,"upper_bound":30.15206286151315},"point_estimate":29.95094379139364,"standard_error":0.08989291091583637},"StdDev":{"confidence_interval":{"confidence_level":0.95,"lower_bound":0.9891611791665503,"upper_bound":2.816491387702107},"point_estimate":1.9535181817616425,"standard_error":0.4784757642549564}}