{"Mean":{"confidence_interval":{"confidence_level":0.95,"lower_bound":37.172051971695,"upper_bound":37.48296061919613},"point_estimate":37.31183108880894,"standard_error":0.07964687004375363},"Median":{"confidence_interval":{"confidence_level":0.95,"lower_bound":37.07411683350925,"upper_bound":37.15084775693617},"point_estimate":37.11031685274778,"standard_error":0.019549689723287696},"MedianAbsDev":{"confidence_interval":{"confidence_level":0.95,"lower_bound":0.16586260463069952,"upper_bound":0.2788111734548609},"point_estimate":0.22252367245164417,"standard_error":0.028906821112100283},"Slope":{"confidence_interval":{"confidence_level":0.95,"lower_bound":37.14370449571384,"upper_bound":37.372466838968144},"point_estimate":37.2487594849006,"standard_error":0.05853869519262849},"StdDev":{"confidence_interval":{"confidence_level":0.95,"lower_bound":0.4199117794341531,"upper_bound":1.1505989537854726},"point_estimate":0.7988721849755144,"standard_error":0.192690745886271}}