{"Mean":{"confidence_interval":{"confidence_level":0.95,"lower_bound":35.193698742774565,"upper_bound":35.38885207806628},"point_estimate":35.28094179551853,"standard_error":0.05030880412999234},"Median":{"confidence_interval":{"confidence_level":0.95,"lower_bound":35.101932835203336,"upper_bound":35.1925029557914},"point_estimate":35.13730177414533,"standard_error":0.025351209691409},"MedianAbsDev":{"confidence_interval":{"confidence_level":0.95,"lower_bound":0.13130177153126482,"upper_bound":0.2548889841103563},"point_estimate":0.18475342246568885,"standard_error":0.03101580918244515},"Slope":{"confidence_interval":{"confidence_level":0.95,"lower_bound":35.14263462225194,"upper_bound":35.354039876910825},"point_estimate":35.23468305236096,"standard_error":0.05441993154654192},"StdDev":{"confidence_interval":{"confidence_level":0.95,"lower_bound":0.23603235178354887,"upper_bound":0.7402697720299951},"point_estimate":0.5055170007854062,"standard_error":0.13432551492428238}}