{"Mean":{"confidence_interval":{"confidence_level":0.95,"lower_bound":1845.5256184225486,"upper_bound":1850.4877544931996},"point_estimate":1847.780090373928,"standard_error":1.2717810766865871},"Median":{"confidence_interval":{"confidence_level":0.95,"lower_bound":1843.5609248913718,"upper_bound":1846.4794024045905},"point_estimate":1845.0078925606792,"standard_error":1.0081101276239228},"MedianAbsDev":{"confidence_interval":{"confidence_level":0.95,"lower_bound":4.09745380677389,"upper_bound":7.109629634203342},"point_estimate":5.644005137685225,"standard_error":0.7601875643718587},"Slope":{"confidence_interval":{"confidence_level":0.95,"lower_bound":1846.7903471591487,"upper_bound":1851.321761906399},"point_estimate":1848.9223754615934,"standard_error":1.1621209144952713},"StdDev":{"confidence_interval":{"confidence_level":0.95,"lower_bound":7.566697242523791,"upper_bound":18.057336924015942},"point_estimate":12.768099948276696,"standard_error":2.8470310760944524}}