{"Mean":{"confidence_interval":{"confidence_level":0.95,"lower_bound":1830.5356286593749,"upper_bound":1855.4564901849092},"point_estimate":1841.947814579712,"standard_error":6.378821963606359},"Median":{"confidence_interval":{"confidence_level":0.95,"lower_bound":1817.1241651487553,"upper_bound":1825.2586580686086},"point_estimate":1819.9256049960968,"standard_error":2.212146741720545},"MedianAbsDev":{"confidence_interval":{"confidence_level":0.95,"lower_bound":10.800642606561166,"upper_bound":22.278131561188598},"point_estimate":16.899415868026303,"standard_error":3.0694899140157714},"Slope":{"confidence_interval":{"confidence_level":0.95,"lower_bound":1838.472030883499,"upper_bound":1882.9394546541832},"point_estimate":1858.6603114223828,"standard_error":11.426600583178937},"StdDev":{"confidence_interval":{"confidence_level":0.95,"lower_bound":37.371980933363595,"upper_bound":85.94309471045077},"point_estimate":63.87982059412166,"standard_error":12.351154371593129}}