{"Mean":{"confidence_interval":{"confidence_level":0.95,"lower_bound":220.34946645211213,"upper_bound":222.39366099485207},"point_estimate":221.27757262271768,"standard_error":0.5251889284662842},"Median":{"confidence_interval":{"confidence_level":0.95,"lower_bound":219.56590955596926,"upper_bound":219.99287622439894},"point_estimate":219.68438774195062,"standard_error":0.11151307774053128},"MedianAbsDev":{"confidence_interval":{"confidence_level":0.95,"lower_bound":0.5562615561444492,"upper_bound":0.9518421904841226},"point_estimate":0.7056194826760874,"standard_error":0.10322134642802824},"Slope":{"confidence_interval":{"confidence_level":0.95,"lower_bound":220.54142487051723,"upper_bound":224.85386540939703},"point_estimate":222.4817908842359,"standard_error":1.109170246189369},"StdDev":{"confidence_interval":{"confidence_level":0.95,"lower_bound":2.8408101771551824,"upper_bound":7.184022229289094},"point_estimate":5.276488249890855,"standard_error":1.1071707306063676}}