{"Mean":{"confidence_interval":{"confidence_level":0.95,"lower_bound":221.00111675771862,"upper_bound":222.85026353499833},"point_estimate":221.80837211304896,"standard_error":0.4755641449634116},"Median":{"confidence_interval":{"confidence_level":0.95,"lower_bound":220.5044309606888,"upper_bound":220.92442549665057},"point_estimate":220.75626781008597,"standard_error":0.09969136986633884},"MedianAbsDev":{"confidence_interval":{"confidence_level":0.95,"lower_bound":0.922494048771942,"upper_bound":1.5089798902913294},"point_estimate":1.2396870081659825,"standard_error":0.147535810207905},"Slope":{"confidence_interval":{"confidence_level":0.95,"lower_bound":221.0995347580358,"upper_bound":222.21464229311374},"point_estimate":221.61862612329685,"standard_error":0.28448445844946907},"StdDev":{"confidence_interval":{"confidence_level":0.95,"lower_bound":2.112686851065988,"upper_bound":7.149880705105989},"point_estimate":4.78243123016752,"standard_error":1.3409428165606792}}