{"Mean":{"confidence_interval":{"confidence_level":0.95,"lower_bound":1579.1854995994977,"upper_bound":1584.7991848859074},"point_estimate":1581.8560836737795,"standard_error":1.429915344184765},"Median":{"confidence_interval":{"confidence_level":0.95,"lower_bound":1577.5271964555052,"upper_bound":1581.5576568768533},"point_estimate":1579.9483001373628,"standard_error":1.1099485456246572},"MedianAbsDev":{"confidence_interval":{"confidence_level":0.95,"lower_bound":5.9888932767982235,"upper_bound":11.190657703624979},"point_estimate":8.530131902605083,"standard_error":1.3462727669452206},"Slope":{"confidence_interval":{"confidence_level":0.95,"lower_bound":1581.7673139179296,"upper_bound":1589.572153376845},"point_estimate":1585.2725004973229,"standard_error":2.006727591318252},"StdDev":{"confidence_interval":{"confidence_level":0.95,"lower_bound":10.251646324518429,"upper_bound":18.04250969332514},"point_estimate":14.36681968943822,"standard_error":1.993272866201601}}