{"Mean":{"confidence_interval":{"confidence_level":0.95,"lower_bound":1621.3757609094653,"upper_bound":1627.6551207795842},"point_estimate":1624.34621546118,"standard_error":1.6070331491671523},"Median":{"confidence_interval":{"confidence_level":0.95,"lower_bound":1619.8074199276834,"upper_bound":1623.7460331223447},"point_estimate":1621.6404905729453,"standard_error":1.0314719198406022},"MedianAbsDev":{"confidence_interval":{"confidence_level":0.95,"lower_bound":6.355797331452322,"upper_bound":11.247842166952799},"point_estimate":8.632277240161754,"standard_error":1.2266357454556258},"Slope":{"confidence_interval":{"confidence_level":0.95,"lower_bound":1621.1446239650966,"upper_bound":1628.1030474281386},"point_estimate":1624.337007300425,"standard_error":1.7775855173397384},"StdDev":{"confidence_interval":{"confidence_level":0.95,"lower_bound":11.249357125083494,"upper_bound":21.002414350278706},"point_estimate":16.21479103021847,"standard_error":2.5351606097740182}}