{"Mean":{"confidence_interval":{"confidence_level":0.95,"lower_bound":1671.7036621287343,"upper_bound":1678.277468161567},"point_estimate":1674.6159865826944,"standard_error":1.6854791671121865},"Median":{"confidence_interval":{"confidence_level":0.95,"lower_bound":1670.9345258136925,"upper_bound":1674.9518040717599},"point_estimate":1672.4511490619857,"standard_error":1.008627368465318},"MedianAbsDev":{"confidence_interval":{"confidence_level":0.95,"lower_bound":5.421848136066124,"upper_bound":8.642343146231282},"point_estimate":7.016768262659549,"standard_error":0.83219574685844},"Slope":{"confidence_interval":{"confidence_level":0.95,"lower_bound":1671.1293683708589,"upper_bound":1677.234924389321},"point_estimate":1674.0005221119127,"standard_error":1.5597347143381024},"StdDev":{"confidence_interval":{"confidence_level":0.95,"lower_bound":8.391418653017302,"upper_bound":25.458658263137686},"point_estimate":16.95115733814369,"standard_error":4.881872375438889}}