{"Mean":{"confidence_interval":{"confidence_level":0.95,"lower_bound":89.19075634802928,"upper_bound":89.89315148504191},"point_estimate":89.50726926163911,"standard_error":0.17997874606546646},"Median":{"confidence_interval":{"confidence_level":0.95,"lower_bound":88.8984016315126,"upper_bound":89.0584063315573},"point_estimate":88.96631552114968,"standard_error":0.039080388023629085},"MedianAbsDev":{"confidence_interval":{"confidence_level":0.95,"lower_bound":0.24946980912390745,"upper_bound":0.43246684026520954},"point_estimate":0.32872582032030695,"standard_error":0.044135566665272574},"Slope":{"confidence_interval":{"confidence_level":0.95,"lower_bound":89.16835603416256,"upper_bound":90.00734963744547},"point_estimate":89.5497407621408,"standard_error":0.21664528874024538},"StdDev":{"confidence_interval":{"confidence_level":0.95,"lower_bound":0.9292932894102892,"upper_bound":2.5047962556645396},"point_estimate":1.8112457922105856,"standard_error":0.39949941389875626}}