{"Mean":{"confidence_interval":{"confidence_level":0.95,"lower_bound":92.44337765036039,"upper_bound":93.4015768598632},"point_estimate":92.90009306139623,"standard_error":0.24587678685946485},"Median":{"confidence_interval":{"confidence_level":0.95,"lower_bound":91.51745647069893,"upper_bound":92.11771601440385},"point_estimate":91.76425224679065,"standard_error":0.14712426781767957},"MedianAbsDev":{"confidence_interval":{"confidence_level":0.95,"lower_bound":0.6519656079187682,"upper_bound":1.7150139310035688},"point_estimate":0.9625630813095771,"standard_error":0.26614417720592504},"Slope":{"confidence_interval":{"confidence_level":0.95,"lower_bound":92.35599158356733,"upper_bound":93.69020744386343},"point_estimate":92.98792092793977,"standard_error":0.3437314463011104},"StdDev":{"confidence_interval":{"confidence_level":0.95,"lower_bound":1.885370888297922,"upper_bound":3.025235863652046},"point_estimate":2.474201412448487,"standard_error":0.29140494093168806}}