{"Mean":{"confidence_interval":{"confidence_level":0.95,"lower_bound":9.936157067107613,"upper_bound":9.96751266476249},"point_estimate":9.951377646877166,"standard_error":0.008021996842654014},"Median":{"confidence_interval":{"confidence_level":0.95,"lower_bound":9.922362432395477,"upper_bound":9.950826848572504},"point_estimate":9.934756742456246,"standard_error":0.008276267621270275},"MedianAbsDev":{"confidence_interval":{"confidence_level":0.95,"lower_bound":0.04465611581261775,"upper_bound":0.0851053336807218},"point_estimate":0.06014719874758477,"standard_error":0.01088288119416885},"Slope":{"confidence_interval":{"confidence_level":0.95,"lower_bound":9.922319429439993,"upper_bound":9.962712315725476},"point_estimate":9.941720267068586,"standard_error":0.01031730089492269},"StdDev":{"confidence_interval":{"confidence_level":0.95,"lower_bound":0.06461008922824493,"upper_bound":0.09476370826536847},"point_estimate":0.08049173879417827,"standard_error":0.007732790707338361}}