{"Mean":{"confidence_interval":{"confidence_level":0.95,"lower_bound":25.72634187109184,"upper_bound":25.83507212364852},"point_estimate":25.774181613573504,"standard_error":0.02798857168762321},"Median":{"confidence_interval":{"confidence_level":0.95,"lower_bound":25.692656072763523,"upper_bound":25.72698667787056},"point_estimate":25.705276301463478,"standard_error":0.009238897952093601},"MedianAbsDev":{"confidence_interval":{"confidence_level":0.95,"lower_bound":0.04843491105084323,"upper_bound":0.07968846259404334},"point_estimate":0.06161273696611953,"standard_error":0.008228340608112998},"Slope":{"confidence_interval":{"confidence_level":0.95,"lower_bound":25.740963787230676,"upper_bound":25.84038304795287},"point_estimate":25.78491408547461,"standard_error":0.025563970694369432},"StdDev":{"confidence_interval":{"confidence_level":0.95,"lower_bound":0.12415457644078529,"upper_bound":0.41774538255588667},"point_estimate":0.2812406213400868,"standard_error":0.07761460923880673}}