{"Mean":{"confidence_interval":{"confidence_level":0.95,"lower_bound":26.206982858357623,"upper_bound":26.36926661013127},"point_estimate":26.283836082919724,"standard_error":0.04141588752447881},"Median":{"confidence_interval":{"confidence_level":0.95,"lower_bound":26.174485472883234,"upper_bound":26.283885757520395},"point_estimate":26.23903826473103,"standard_error":0.027996144437480414},"MedianAbsDev":{"confidence_interval":{"confidence_level":0.95,"lower_bound":0.2518169046343987,"upper_bound":0.42486707727798495},"point_estimate":0.33948905390598644,"standard_error":0.042413311303334554},"Slope":{"confidence_interval":{"confidence_level":0.95,"lower_bound":26.215066127545995,"upper_bound":26.399460274999058},"point_estimate":26.304448030148563,"standard_error":0.04702295282382891},"StdDev":{"confidence_interval":{"confidence_level":0.95,"lower_bound":0.29788582138871683,"upper_bound":0.5456652750672266},"point_estimate":0.4179286705988907,"standard_error":0.06534903010163265}}