{"Mean":{"confidence_interval":{"confidence_level":0.95,"lower_bound":25.84772893145464,"upper_bound":26.153455689989503},"point_estimate":25.98225089695791,"standard_error":0.0786574172889638},"Median":{"confidence_interval":{"confidence_level":0.95,"lower_bound":25.765560794937763,"upper_bound":25.79773792381202},"point_estimate":25.777766176773497,"standard_error":0.00825872066046135},"MedianAbsDev":{"confidence_interval":{"confidence_level":0.95,"lower_bound":0.054548746099332975,"upper_bound":0.09724458435964736},"point_estimate":0.07116105998361799,"standard_error":0.011337417816704554},"Slope":{"confidence_interval":{"confidence_level":0.95,"lower_bound":25.824188523541128,"upper_bound":26.50324590129622},"point_estimate":26.106879747404648,"standard_error":0.17912069532675706},"StdDev":{"confidence_interval":{"confidence_level":0.95,"lower_bound":0.33353911460035873,"upper_bound":1.1608846911739898},"point_estimate":0.788532296941095,"standard_error":0.21271573553076312}}