{"Mean":{"confidence_interval":{"confidence_level":0.95,"lower_bound":1700.84404172052,"upper_bound":1707.6761076807365},"point_estimate":1703.901110540858,"standard_error":1.751140621730051},"Median":{"confidence_interval":{"confidence_level":0.95,"lower_bound":1698.5784918098047,"upper_bound":1701.0629628047818},"point_estimate":1699.7242737182496,"standard_error":0.6449895780693037},"MedianAbsDev":{"confidence_interval":{"confidence_level":0.95,"lower_bound":3.0968359244434507,"upper_bound":5.003785978944884},"point_estimate":3.7618180876502625,"standard_error":0.4939901069340335},"Slope":{"confidence_interval":{"confidence_level":0.95,"lower_bound":1701.3227199777893,"upper_bound":1709.871924886749},"point_estimate":1705.0953970862445,"standard_error":2.1916855549049448},"StdDev":{"confidence_interval":{"confidence_level":0.95,"lower_bound":8.440214513954231,"upper_bound":25.22441172641672},"point_estimate":17.654710447806213,"standard_error":4.306732584086411}}