{"Mean":{"confidence_interval":{"confidence_level":0.95,"lower_bound":24.60385640572548,"upper_bound":24.7248944265278},"point_estimate":24.65826787487521,"standard_error":0.031040170272138453},"Median":{"confidence_interval":{"confidence_level":0.95,"lower_bound":24.58858275291492,"upper_bound":24.641688191034294},"point_estimate":24.609718477659882,"standard_error":0.014003039005342591},"MedianAbsDev":{"confidence_interval":{"confidence_level":0.95,"lower_bound":0.08873211778626074,"upper_bound":0.19314660329537817},"point_estimate":0.14724051834339272,"standard_error":0.028194099885879877},"Slope":{"confidence_interval":{"confidence_level":0.95,"lower_bound":24.56024616009621,"upper_bound":24.72046871334256},"point_estimate":24.630228219030457,"standard_error":0.04117631522319242},"StdDev":{"confidence_interval":{"confidence_level":0.95,"lower_bound":0.13828382829993804,"upper_bound":0.44190109026811747},"point_estimate":0.31138338304808777,"standard_error":0.0757664300780061}}