{"Mean":{"confidence_interval":{"confidence_level":0.95,"lower_bound":25.151331228969887,"upper_bound":25.64537740609399},"point_estimate":25.369044489155552,"standard_error":0.12660280197706592},"Median":{"confidence_interval":{"confidence_level":0.95,"lower_bound":24.859040456431536,"upper_bound":25.199065725077137},"point_estimate":25.042650010777603,"standard_error":0.08519536904791308},"MedianAbsDev":{"confidence_interval":{"confidence_level":0.95,"lower_bound":0.3808888577387669,"upper_bound":0.7249528753493812},"point_estimate":0.5280761877021452,"standard_error":0.08716920052345556},"Slope":{"confidence_interval":{"confidence_level":0.95,"lower_bound":25.064741211108867,"upper_bound":25.47706799680274},"point_estimate":25.25850732134897,"standard_error":0.10527996682102152},"StdDev":{"confidence_interval":{"confidence_level":0.95,"lower_bound":0.6673818590805018,"upper_bound":1.9075188933138247},"point_estimate":1.2773364812310348,"standard_error":0.3700333125199193}}