{"Mean":{"confidence_interval":{"confidence_level":0.95,"lower_bound":4274.523584045638,"upper_bound":4320.134157317516},"point_estimate":4293.276073993318,"standard_error":11.906539558238679},"Median":{"confidence_interval":{"confidence_level":0.95,"lower_bound":4268.677209312249,"upper_bound":4273.99937310122},"point_estimate":4271.131218800221,"standard_error":1.6396700075105255},"MedianAbsDev":{"confidence_interval":{"confidence_level":0.95,"lower_bound":10.031236740367818,"upper_bound":19.795082793609556},"point_estimate":13.575954904416106,"standard_error":2.4879251230593082},"Slope":{"confidence_interval":{"confidence_level":0.95,"lower_bound":4273.659408402046,"upper_bound":4294.922027410818},"point_estimate":4283.046060134038,"standard_error":5.452615034722237},"StdDev":{"confidence_interval":{"confidence_level":0.95,"lower_bound":25.766131005223357,"upper_bound":190.31805187585707},"point_estimate":119.41698504272831,"standard_error":45.19311792626417}}