{"Mean":{"confidence_interval":{"confidence_level":0.95,"lower_bound":59.057583886044455,"upper_bound":59.24500401899835},"point_estimate":59.14439703479774,"standard_error":0.04808385631741435},"Median":{"confidence_interval":{"confidence_level":0.95,"lower_bound":58.98361417235589,"upper_bound":59.05273095456189},"point_estimate":59.00815244667882,"standard_error":0.016782015841445428},"MedianAbsDev":{"confidence_interval":{"confidence_level":0.95,"lower_bound":0.1009443352329226,"upper_bound":0.1819677244224014},"point_estimate":0.1416561959999714,"standard_error":0.021393672110939153},"Slope":{"confidence_interval":{"confidence_level":0.95,"lower_bound":59.06022002700931,"upper_bound":59.30055150071503},"point_estimate":59.17002009024959,"standard_error":0.06143382685150764},"StdDev":{"confidence_interval":{"confidence_level":0.95,"lower_bound":0.3042925390772055,"upper_bound":0.6278890022787764},"point_estimate":0.4827891105746806,"standard_error":0.08279422607922866}}