{"Mean":{"confidence_interval":{"confidence_level":0.95,"lower_bound":58.98868502089704,"upper_bound":59.48562521125244},"point_estimate":59.22754466862196,"standard_error":0.1274034837972097},"Median":{"confidence_interval":{"confidence_level":0.95,"lower_bound":58.68673011312624,"upper_bound":59.066343944869274},"point_estimate":58.83421475025069,"standard_error":0.09781919144976918},"MedianAbsDev":{"confidence_interval":{"confidence_level":0.95,"lower_bound":0.5906346937368185,"upper_bound":1.1133808477580804},"point_estimate":0.8347873033695459,"standard_error":0.1301202295398489},"Slope":{"confidence_interval":{"confidence_level":0.95,"lower_bound":58.804196871866864,"upper_bound":59.38510366699661},"point_estimate":59.06713911424054,"standard_error":0.1494443827343026},"StdDev":{"confidence_interval":{"confidence_level":0.95,"lower_bound":1.0039331015894586,"upper_bound":1.5077307385909664},"point_estimate":1.2780568521162456,"standard_error":0.12863803077964833}}