{"Mean":{"confidence_interval":{"confidence_level":0.95,"lower_bound":58.48812841805501,"upper_bound":58.86474488139783},"point_estimate":58.6637451228177,"standard_error":0.09637809944046317},"Median":{"confidence_interval":{"confidence_level":0.95,"lower_bound":58.23978063450878,"upper_bound":58.39237643237587},"point_estimate":58.300440874164764,"standard_error":0.03631081032715428},"MedianAbsDev":{"confidence_interval":{"confidence_level":0.95,"lower_bound":0.24200124900097472,"upper_bound":0.42365142424599306},"point_estimate":0.32833444992363586,"standard_error":0.04804633629355493},"Slope":{"confidence_interval":{"confidence_level":0.95,"lower_bound":58.53953937200938,"upper_bound":59.19510610504442},"point_estimate":58.844762436662116,"standard_error":0.1674316543654376},"StdDev":{"confidence_interval":{"confidence_level":0.95,"lower_bound":0.6540769634112751,"upper_bound":1.230368121165624},"point_estimate":0.9654325911547706,"standard_error":0.14724627125545675}}