{"Mean":{"confidence_interval":{"confidence_level":0.95,"lower_bound":1950.2496933906198,"upper_bound":1959.7423577588386},"point_estimate":1954.755901718055,"standard_error":2.4258779724787423},"Median":{"confidence_interval":{"confidence_level":0.95,"lower_bound":1946.2143732761263,"upper_bound":1953.314244704683},"point_estimate":1948.7362737098617,"standard_error":1.6954557959068282},"MedianAbsDev":{"confidence_interval":{"confidence_level":0.95,"lower_bound":9.942575321492075,"upper_bound":18.146647725553944},"point_estimate":12.307461659743456,"standard_error":2.1720532638130403},"Slope":{"confidence_interval":{"confidence_level":0.95,"lower_bound":1951.7481783406804,"upper_bound":1964.8820232135765},"point_estimate":1957.8766093421495,"standard_error":3.3583302801610593},"StdDev":{"confidence_interval":{"confidence_level":0.95,"lower_bound":17.696163457693018,"upper_bound":29.965524763222778},"point_estimate":24.327940612655098,"standard_error":3.12845026803855}}