{"Mean":{"confidence_interval":{"confidence_level":0.95,"lower_bound":278.7846264881133,"upper_bound":280.11614198311224},"point_estimate":279.38016067780956,"standard_error":0.34155094864033386},"Median":{"confidence_interval":{"confidence_level":0.95,"lower_bound":278.2862370160529,"upper_bound":278.64793515895497},"point_estimate":278.4752776949456,"standard_error":0.09644310754077116},"MedianAbsDev":{"confidence_interval":{"confidence_level":0.95,"lower_bound":0.6793346822968366,"upper_bound":1.2236301519719242},"point_estimate":0.9014785212638977,"standard_error":0.13643711049605298},"Slope":{"confidence_interval":{"confidence_level":0.95,"lower_bound":278.7902956309338,"upper_bound":280.16683961966106},"point_estimate":279.3900729452337,"standard_error":0.3543548153746569},"StdDev":{"confidence_interval":{"confidence_level":0.95,"lower_bound":1.6830490627567447,"upper_bound":4.88768332626816},"point_estimate":3.4406289484032717,"standard_error":0.8204347942499538}}