{"Mean":{"confidence_interval":{"confidence_level":0.95,"lower_bound":283.87741484716753,"upper_bound":286.79131944024186},"point_estimate":285.1196917905469,"standard_error":0.7529997589452108},"Median":{"confidence_interval":{"confidence_level":0.95,"lower_bound":283.3913998597071,"upper_bound":283.8481443649983},"point_estimate":283.64977789305124,"standard_error":0.13243062242079237},"MedianAbsDev":{"confidence_interval":{"confidence_level":0.95,"lower_bound":0.7180312521726495,"upper_bound":1.3455103103654613},"point_estimate":0.9001714683913828,"standard_error":0.16073390051879893},"Slope":{"confidence_interval":{"confidence_level":0.95,"lower_bound":284.0713783677269,"upper_bound":285.4790599607422},"point_estimate":284.6931457800381,"standard_error":0.3620069436941112},"StdDev":{"confidence_interval":{"confidence_level":0.95,"lower_bound":2.030234977347355,"upper_bound":11.856543728860053},"point_estimate":7.576028923670985,"standard_error":2.536673162352708}}