{"Mean":{"confidence_interval":{"confidence_level":0.95,"lower_bound":96.0989725188503,"upper_bound":97.61016994868439},"point_estimate":96.769236685158,"standard_error":0.3888261128545305},"Median":{"confidence_interval":{"confidence_level":0.95,"lower_bound":95.61498400438943,"upper_bound":95.99396454998619},"point_estimate":95.72087322241845,"standard_error":0.10694238671663361},"MedianAbsDev":{"confidence_interval":{"confidence_level":0.95,"lower_bound":0.8329901914124769,"upper_bound":1.419225335896761},"point_estimate":1.108765215986851,"standard_error":0.14146746036032254},"Slope":{"confidence_interval":{"confidence_level":0.95,"lower_bound":96.01569140948892,"upper_bound":98.05145454165103},"point_estimate":96.78989375362272,"standard_error":0.5493729112572252},"StdDev":{"confidence_interval":{"confidence_level":0.95,"lower_bound":1.7806554904796679,"upper_bound":5.501196205821756},"point_estimate":3.890603460737893,"standard_error":0.9430328976284698}}