{"Mean":{"confidence_interval":{"confidence_level":0.95,"lower_bound":9.5889052753946,"upper_bound":9.686909016718317},"point_estimate":9.633079374939559,"standard_error":0.025200228253577837},"Median":{"confidence_interval":{"confidence_level":0.95,"lower_bound":9.546456181431562,"upper_bound":9.578114967693187},"point_estimate":9.558860186196899,"standard_error":0.008927432771955629},"MedianAbsDev":{"confidence_interval":{"confidence_level":0.95,"lower_bound":0.042999319347375234,"upper_bound":0.08224267363028535},"point_estimate":0.05910621837332358,"standard_error":0.009704197372379477},"Slope":{"confidence_interval":{"confidence_level":0.95,"lower_bound":9.577320574967205,"upper_bound":9.670392931538792},"point_estimate":9.617447382608733,"standard_error":0.023930830298931834},"StdDev":{"confidence_interval":{"confidence_level":0.95,"lower_bound":0.11979791880281766,"upper_bound":0.35172716302771606},"point_estimate":0.25358812177752643,"standard_error":0.057313645765603376}}