{"Mean":{"confidence_interval":{"confidence_level":0.95,"lower_bound":3660.4229053982617,"upper_bound":3680.081708767862},"point_estimate":3669.4236725421924,"standard_error":5.007909620910498},"Median":{"confidence_interval":{"confidence_level":0.95,"lower_bound":3651.1806862426993,"upper_bound":3660.321828358209},"point_estimate":3656.2819237147596,"standard_error":2.288732921472887},"MedianAbsDev":{"confidence_interval":{"confidence_level":0.95,"lower_bound":14.655053807635344,"upper_bound":26.372908691210426},"point_estimate":21.285090480584582,"standard_error":3.014538651091274},"Slope":{"confidence_interval":{"confidence_level":0.95,"lower_bound":3675.3970644188284,"upper_bound":3697.6282065014598},"point_estimate":3686.4450357309065,"standard_error":5.672903432273512},"StdDev":{"confidence_interval":{"confidence_level":0.95,"lower_bound":31.744341450635876,"upper_bound":69.26589767427008},"point_estimate":50.22501877336353,"standard_error":10.063969573490072}}