{"Mean":{"confidence_interval":{"confidence_level":0.95,"lower_bound":3632.906487364528,"upper_bound":3644.0710589534747},"point_estimate":3638.1243686539556,"standard_error":2.846464266644584},"Median":{"confidence_interval":{"confidence_level":0.95,"lower_bound":3627.8338585434176,"upper_bound":3633.3622994652405},"point_estimate":3629.7532499119993,"standard_error":1.3907818279541044},"MedianAbsDev":{"confidence_interval":{"confidence_level":0.95,"lower_bound":7.87999204318347,"upper_bound":15.162518743820137},"point_estimate":10.456319247361076,"standard_error":1.989590382670534},"Slope":{"confidence_interval":{"confidence_level":0.95,"lower_bound":3632.9375861429025,"upper_bound":3651.126376629117},"point_estimate":3641.2220524452578,"standard_error":4.655757858970247},"StdDev":{"confidence_interval":{"confidence_level":0.95,"lower_bound":19.151710979287834,"upper_bound":37.062845373035046},"point_estimate":28.666435129712667,"standard_error":4.5859273036557635}}