{"Mean":{"confidence_interval":{"confidence_level":0.95,"lower_bound":3881.046090833624,"upper_bound":3957.993133939045},"point_estimate":3914.7521084848827,"standard_error":19.775533736586386},"Median":{"confidence_interval":{"confidence_level":0.95,"lower_bound":3861.7196296296297,"upper_bound":3868.9990693408245},"point_estimate":3864.4397675736964,"standard_error":1.6561878034349797},"MedianAbsDev":{"confidence_interval":{"confidence_level":0.95,"lower_bound":9.50824545967043,"upper_bound":16.52536009203274},"point_estimate":13.666093174745374,"standard_error":1.7667366595481426},"Slope":{"confidence_interval":{"confidence_level":0.95,"lower_bound":3891.753734914393,"upper_bound":4023.4183865524874},"point_estimate":3949.013039552356,"standard_error":33.837317871576126},"StdDev":{"confidence_interval":{"confidence_level":0.95,"lower_bound":75.69664579486118,"upper_bound":290.0509770451153},"point_estimate":198.89748211217156,"standard_error":54.17958089823816}}