{"Mean":{"confidence_interval":{"confidence_level":0.95,"lower_bound":3860.287131244051,"upper_bound":3891.7519223927725},"point_estimate":3873.5788916291654,"standard_error":8.188288016235864},"Median":{"confidence_interval":{"confidence_level":0.95,"lower_bound":3857.6200380067567,"upper_bound":3860.5885992005815},"point_estimate":3859.256834098399,"standard_error":0.7350553006238751},"MedianAbsDev":{"confidence_interval":{"confidence_level":0.95,"lower_bound":4.995415498312279,"upper_bound":8.375417496903179},"point_estimate":6.570664978162617,"standard_error":0.8521510518979348},"Slope":{"confidence_interval":{"confidence_level":0.95,"lower_bound":3863.1056051005858,"upper_bound":3896.9456668500625},"point_estimate":3876.4276503158712,"standard_error":8.899492959247723},"StdDev":{"confidence_interval":{"confidence_level":0.95,"lower_bound":17.885890758354325,"upper_bound":127.31389844660742},"point_estimate":82.29004755524169,"standard_error":29.136623173054044}}