{"Mean":{"confidence_interval":{"confidence_level":0.95,"lower_bound":250.77844052012415,"upper_bound":251.7967440143281},"point_estimate":251.25413519143396,"standard_error":0.26042340724418894},"Median":{"confidence_interval":{"confidence_level":0.95,"lower_bound":250.07501341767818,"upper_bound":250.54059630969826},"point_estimate":250.24554420423766,"standard_error":0.12450263255627304},"MedianAbsDev":{"confidence_interval":{"confidence_level":0.95,"lower_bound":0.6899824480929833,"upper_bound":1.410565693229372},"point_estimate":0.9648385045438718,"standard_error":0.17531214469100356},"Slope":{"confidence_interval":{"confidence_level":0.95,"lower_bound":251.39486299207235,"upper_bound":252.71742869270523},"point_estimate":252.02855390656336,"standard_error":0.3379048394795861},"StdDev":{"confidence_interval":{"confidence_level":0.95,"lower_bound":1.7556366806289396,"upper_bound":3.4410018323987837},"point_estimate":2.609072573135933,"standard_error":0.43703956645696}}