{"Mean":{"confidence_interval":{"confidence_level":0.95,"lower_bound":248.20859702494633,"upper_bound":251.7586882948882},"point_estimate":249.57543308274333,"standard_error":0.9407794861108317},"Median":{"confidence_interval":{"confidence_level":0.95,"lower_bound":247.67857892783914,"upper_bound":248.01072583768024},"point_estimate":247.789693366219,"standard_error":0.07635482957891285},"MedianAbsDev":{"confidence_interval":{"confidence_level":0.95,"lower_bound":0.5530231837525421,"upper_bound":0.9826027604267367},"point_estimate":0.7013825488724666,"standard_error":0.10952766671383958},"Slope":{"confidence_interval":{"confidence_level":0.95,"lower_bound":247.85613189066618,"upper_bound":248.98999369381136},"point_estimate":248.32828946998634,"standard_error":0.293340198080037},"StdDev":{"confidence_interval":{"confidence_level":0.95,"lower_bound":1.7670726481972447,"upper_bound":15.664133677658782},"point_estimate":9.46524017981018,"standard_error":4.281746447959348}}