{"Mean":{"confidence_interval":{"confidence_level":0.95,"lower_bound":67.66124762871257,"upper_bound":67.90526105378153},"point_estimate":67.77349008024808,"standard_error":0.06252167088032554},"Median":{"confidence_interval":{"confidence_level":0.95,"lower_bound":67.54931435240341,"upper_bound":67.68321063371843},"point_estimate":67.61505577279561,"standard_error":0.034713964042929125},"MedianAbsDev":{"confidence_interval":{"confidence_level":0.95,"lower_bound":0.17422730567924746,"upper_bound":0.31456133072355585},"point_estimate":0.22980280066257985,"standard_error":0.037419496183746716},"Slope":{"confidence_interval":{"confidence_level":0.95,"lower_bound":67.8037729327562,"upper_bound":68.27025245401934},"point_estimate":68.01361105486788,"standard_error":0.12037778758099477},"StdDev":{"confidence_interval":{"confidence_level":0.95,"lower_bound":0.3739881823667073,"upper_bound":0.8492570071430388},"point_estimate":0.6269575581774796,"standard_error":0.12215028722047763}}