{"Mean":{"confidence_interval":{"confidence_level":0.95,"lower_bound":53.402771022754244,"upper_bound":54.049448457312536},"point_estimate":53.704633035154096,"standard_error":0.16520194209589695},"Median":{"confidence_interval":{"confidence_level":0.95,"lower_bound":52.97856856795373,"upper_bound":53.6114198919892},"point_estimate":53.269164174609855,"standard_error":0.15402176990902863},"MedianAbsDev":{"confidence_interval":{"confidence_level":0.95,"lower_bound":0.678867609419652,"upper_bound":1.2187339765100047},"point_estimate":0.9165834300287347,"standard_error":0.12934949447070804},"Slope":{"confidence_interval":{"confidence_level":0.95,"lower_bound":53.822321401386795,"upper_bound":55.13841752006521},"point_estimate":54.43728720975024,"standard_error":0.3370211795289045},"StdDev":{"confidence_interval":{"confidence_level":0.95,"lower_bound":1.0621728919243627,"upper_bound":2.1886641770701605},"point_estimate":1.664243160628745,"standard_error":0.28728015104756277}}