{"Mean":{"confidence_interval":{"confidence_level":0.95,"lower_bound":58.30576565481967,"upper_bound":58.57973096333186},"point_estimate":58.43489995987109,"standard_error":0.06988462582608172},"Median":{"confidence_interval":{"confidence_level":0.95,"lower_bound":58.118012153885005,"upper_bound":58.29748015024299},"point_estimate":58.194076072878346,"standard_error":0.04635418582122036},"MedianAbsDev":{"confidence_interval":{"confidence_level":0.95,"lower_bound":0.21649918653638578,"upper_bound":0.41312877808506204},"point_estimate":0.2878114250316523,"standard_error":0.05108831368223734},"Slope":{"confidence_interval":{"confidence_level":0.95,"lower_bound":58.38428741405877,"upper_bound":58.876227937138154},"point_estimate":58.60662093062997,"standard_error":0.12681901052896383},"StdDev":{"confidence_interval":{"confidence_level":0.95,"lower_bound":0.48200325275133343,"upper_bound":0.8913739931536125},"point_estimate":0.7012418100468311,"standard_error":0.10471147032491147}}