{"Mean":{"confidence_interval":{"confidence_level":0.95,"lower_bound":91.60811037025691,"upper_bound":94.73639269717117},"point_estimate":92.91408258029865,"standard_error":0.8146972245785823},"Median":{"confidence_interval":{"confidence_level":0.95,"lower_bound":90.9559064870723,"upper_bound":91.2960055736182},"point_estimate":91.12236972180884,"standard_error":0.09390988783504797},"MedianAbsDev":{"confidence_interval":{"confidence_level":0.95,"lower_bound":0.6077958326206179,"upper_bound":1.0186390512662407},"point_estimate":0.7759367353838877,"standard_error":0.10774847338624197},"Slope":{"confidence_interval":{"confidence_level":0.95,"lower_bound":91.43342421768617,"upper_bound":93.31393533415319},"point_estimate":92.19127501945694,"standard_error":0.48794895325772636},"StdDev":{"confidence_interval":{"confidence_level":0.95,"lower_bound":2.091202335204991,"upper_bound":12.804473745632151},"point_estimate":8.16057173764978,"standard_error":2.895174728711281}}