{"Mean":{"confidence_interval":{"confidence_level":0.95,"lower_bound":58.633793575835305,"upper_bound":59.10684936628436},"point_estimate":58.853587284483794,"standard_error":0.12131739320763132},"Median":{"confidence_interval":{"confidence_level":0.95,"lower_bound":58.32103714308439,"upper_bound":58.559043187783345},"point_estimate":58.46436601108614,"standard_error":0.07025664327277462},"MedianAbsDev":{"confidence_interval":{"confidence_level":0.95,"lower_bound":0.2758983411725555,"upper_bound":0.4789954487685766},"point_estimate":0.38254346997087063,"standard_error":0.053274396453676674},"Slope":{"confidence_interval":{"confidence_level":0.95,"lower_bound":58.831504765155834,"upper_bound":59.709049270287146},"point_estimate":59.23755296830659,"standard_error":0.22444177959948444},"StdDev":{"confidence_interval":{"confidence_level":0.95,"lower_bound":0.7904808589708076,"upper_bound":1.6161953839462526},"point_estimate":1.2217432408229818,"standard_error":0.21339138190951515}}