{"Mean":{"confidence_interval":{"confidence_level":0.95,"lower_bound":57.92671826765697,"upper_bound":58.461480580980385},"point_estimate":58.149120759195185,"standard_error":0.1398073821902972},"Median":{"confidence_interval":{"confidence_level":0.95,"lower_bound":57.819100915525084,"upper_bound":57.98220597733545},"point_estimate":57.90658001795046,"standard_error":0.03762229403319667},"MedianAbsDev":{"confidence_interval":{"confidence_level":0.95,"lower_bound":0.2262167540850509,"upper_bound":0.36116197792625193},"point_estimate":0.2996577074321898,"standard_error":0.0344312505485605},"Slope":{"confidence_interval":{"confidence_level":0.95,"lower_bound":57.91432936358448,"upper_bound":58.19787736543852},"point_estimate":58.042596288028285,"standard_error":0.07294803466516751},"StdDev":{"confidence_interval":{"confidence_level":0.95,"lower_bound":0.3718915158273913,"upper_bound":2.2537795291613483},"point_estimate":1.4102737237751415,"standard_error":0.5271413245272278}}