{"Mean":{"confidence_interval":{"confidence_level":0.95,"lower_bound":61.247234483011496,"upper_bound":62.16003050703543},"point_estimate":61.63065150909219,"standard_error":0.23722003364817643},"Median":{"confidence_interval":{"confidence_level":0.95,"lower_bound":60.942356141858966,"upper_bound":61.07063915764415},"point_estimate":60.99747876142135,"standard_error":0.033288967474633904},"MedianAbsDev":{"confidence_interval":{"confidence_level":0.95,"lower_bound":0.25195856907662545,"upper_bound":0.4952764944423478},"point_estimate":0.3715651093252486,"standard_error":0.0629353706363094},"Slope":{"confidence_interval":{"confidence_level":0.95,"lower_bound":61.02499101427686,"upper_bound":61.38187491452091},"point_estimate":61.1826911080445,"standard_error":0.09195197919800253},"StdDev":{"confidence_interval":{"confidence_level":0.95,"lower_bound":0.8335315904004625,"upper_bound":3.7647979155066955},"point_estimate":2.387703406732331,"standard_error":0.8394173200131718}}