{"Mean":{"confidence_interval":{"confidence_level":0.95,"lower_bound":6.556918428788642,"upper_bound":6.595010332092985},"point_estimate":6.573937181816551,"standard_error":0.009790337164671545},"Median":{"confidence_interval":{"confidence_level":0.95,"lower_bound":6.537576182052971,"upper_bound":6.551702838498157},"point_estimate":6.546289078272181,"standard_error":0.003917061010236238},"MedianAbsDev":{"confidence_interval":{"confidence_level":0.95,"lower_bound":0.0189802543242733,"upper_bound":0.03624016381264858},"point_estimate":0.027632764993062664,"standard_error":0.004458603348326041},"Slope":{"confidence_interval":{"confidence_level":0.95,"lower_bound":6.572512613669788,"upper_bound":6.625130469408738},"point_estimate":6.595828292166473,"standard_error":0.013489029577421145},"StdDev":{"confidence_interval":{"confidence_level":0.95,"lower_bound":0.04767887858765574,"upper_bound":0.14004484159969446},"point_estimate":0.09833240192439006,"standard_error":0.02431565999142279}}