{"Mean":{"confidence_interval":{"confidence_level":0.95,"lower_bound":6.419721057329963,"upper_bound":6.491014713299933},"point_estimate":6.449391104309463,"standard_error":0.018761859706771643},"Median":{"confidence_interval":{"confidence_level":0.95,"lower_bound":6.415845831165744,"upper_bound":6.425344853920261},"point_estimate":6.419620182994853,"standard_error":0.0029318922542847276},"MedianAbsDev":{"confidence_interval":{"confidence_level":0.95,"lower_bound":0.016351658552394028,"upper_bound":0.02780777007147754},"point_estimate":0.02283548545924264,"standard_error":0.002914106056550017},"Slope":{"confidence_interval":{"confidence_level":0.95,"lower_bound":6.430923471177204,"upper_bound":6.469824551142967},"point_estimate":6.447336397959812,"standard_error":0.01000394758071223},"StdDev":{"confidence_interval":{"confidence_level":0.95,"lower_bound":0.032639702442958794,"upper_bound":0.29208855981749543},"point_estimate":0.18851633025526315,"standard_error":0.07032967322714449}}