{"Mean":{"confidence_interval":{"confidence_level":0.95,"lower_bound":1924.6887661926564,"upper_bound":1939.2091907073411},"point_estimate":1931.3849319420642,"standard_error":3.715069883865257},"Median":{"confidence_interval":{"confidence_level":0.95,"lower_bound":1916.1083229036296,"upper_bound":1925.7436974789916},"point_estimate":1919.3495760466349,"standard_error":2.4157832755981987},"MedianAbsDev":{"confidence_interval":{"confidence_level":0.95,"lower_bound":9.655084409313577,"upper_bound":20.125384042543264},"point_estimate":14.879220109615686,"standard_error":2.573525364017503},"Slope":{"confidence_interval":{"confidence_level":0.95,"lower_bound":1923.2970179483405,"upper_bound":1939.5889021915773},"point_estimate":1930.7977900885787,"standard_error":4.173322258961976},"StdDev":{"confidence_interval":{"confidence_level":0.95,"lower_bound":21.648318785857136,"upper_bound":50.827617962665734},"point_estimate":37.386079486363094,"standard_error":7.4711791979382545}}