{"Mean":{"confidence_interval":{"confidence_level":0.95,"lower_bound":614.0680293008683,"upper_bound":620.8803982825465},"point_estimate":616.803035571662,"standard_error":1.7903991844314946},"Median":{"confidence_interval":{"confidence_level":0.95,"lower_bound":612.1641842105263,"upper_bound":615.2909236111111},"point_estimate":613.4838884171195,"standard_error":0.7045101123879597},"MedianAbsDev":{"confidence_interval":{"confidence_level":0.95,"lower_bound":4.282461211419041,"upper_bound":8.454638846686807},"point_estimate":5.8962335025422785,"standard_error":1.0754902495567338},"Slope":{"confidence_interval":{"confidence_level":0.95,"lower_bound":615.5518753883147,"upper_bound":618.831279940247},"point_estimate":617.1347026359539,"standard_error":0.8376731165399056},"StdDev":{"confidence_interval":{"confidence_level":0.95,"lower_bound":6.606256415838177,"upper_bound":29.16469415306906},"point_estimate":17.98026157205708,"standard_error":7.527387615710283}}