{"Mean":{"confidence_interval":{"confidence_level":0.95,"lower_bound":613.5674527217585,"upper_bound":616.3069596292511},"point_estimate":614.8719123867766,"standard_error":0.6998864673375073},"Median":{"confidence_interval":{"confidence_level":0.95,"lower_bound":612.5004681261187,"upper_bound":614.8392158500759},"point_estimate":613.6039352097716,"standard_error":0.6931368013349727},"MedianAbsDev":{"confidence_interval":{"confidence_level":0.95,"lower_bound":3.385894231837267,"upper_bound":5.653801113063956},"point_estimate":4.24703498302904,"standard_error":0.5748136189137887},"Slope":{"confidence_interval":{"confidence_level":0.95,"lower_bound":613.761695990109,"upper_bound":617.3771251423138},"point_estimate":615.4599436382078,"standard_error":0.9208500450600752},"StdDev":{"confidence_interval":{"confidence_level":0.95,"lower_bound":5.302495482232267,"upper_bound":8.728536140913908},"point_estimate":7.041007021173546,"standard_error":0.8796679176973226}}