{"Mean":{"confidence_interval":{"confidence_level":0.95,"lower_bound":139.26938830407056,"upper_bound":140.1388758036274},"point_estimate":139.67096979701589,"standard_error":0.22264112049256332},"Median":{"confidence_interval":{"confidence_level":0.95,"lower_bound":138.9782948913813,"upper_bound":139.37310566258026},"point_estimate":139.11287089174124,"standard_error":0.09580292889727214},"MedianAbsDev":{"confidence_interval":{"confidence_level":0.95,"lower_bound":0.5706082934024221,"upper_bound":0.9592448095043443},"point_estimate":0.7251025021950028,"standard_error":0.0973801229211539},"Slope":{"confidence_interval":{"confidence_level":0.95,"lower_bound":139.36306778059662,"upper_bound":140.36914705357094},"point_estimate":139.83752113528524,"standard_error":0.2573272926367573},"StdDev":{"confidence_interval":{"confidence_level":0.95,"lower_bound":1.3673250648472264,"upper_bound":2.92351334890363},"point_estimate":2.226996097671526,"standard_error":0.3960890324071823}}