{"Mean":{"confidence_interval":{"confidence_level":0.95,"lower_bound":520.5290394508232,"upper_bound":530.9216391677606},"point_estimate":524.9990750178769,"standard_error":2.690523554294385},"Median":{"confidence_interval":{"confidence_level":0.95,"lower_bound":518.705922764759,"upper_bound":519.7183234758872},"point_estimate":519.2117023921398,"standard_error":0.26419044677062004},"MedianAbsDev":{"confidence_interval":{"confidence_level":0.95,"lower_bound":2.2011829008000836,"upper_bound":3.644401811867195},"point_estimate":3.031196325912661,"standard_error":0.3667574191040047},"Slope":{"confidence_interval":{"confidence_level":0.95,"lower_bound":521.0668912068357,"upper_bound":539.6743114860689},"point_estimate":529.0098652101165,"standard_error":4.818314521572239},"StdDev":{"confidence_interval":{"confidence_level":0.95,"lower_bound":9.96477369033778,"upper_bound":41.423853931853664},"point_estimate":27.0700768723942,"standard_error":8.503208843536381}}