{"Mean":{"confidence_interval":{"confidence_level":0.95,"lower_bound":474.0341262186024,"upper_bound":476.22581368088885},"point_estimate":475.03963315704846,"standard_error":0.5598588695594627},"Median":{"confidence_interval":{"confidence_level":0.95,"lower_bound":473.58411144578315,"upper_bound":474.74079316516816},"point_estimate":474.08910020739063,"standard_error":0.28901124333162176},"MedianAbsDev":{"confidence_interval":{"confidence_level":0.95,"lower_bound":1.542348179712824,"upper_bound":2.9164168679129086},"point_estimate":2.0252198670037362,"standard_error":0.3658113261125624},"Slope":{"confidence_interval":{"confidence_level":0.95,"lower_bound":474.3907119792321,"upper_bound":476.111503502269},"point_estimate":475.2058094698821,"standard_error":0.44119617443529124},"StdDev":{"confidence_interval":{"confidence_level":0.95,"lower_bound":3.2078284020733925,"upper_bound":7.9621917971482405},"point_estimate":5.627591121049369,"standard_error":1.2585447662257156}}