{"Mean":{"confidence_interval":{"confidence_level":0.95,"lower_bound":534.8261013030306,"upper_bound":561.0235722600655},"point_estimate":547.29589644253,"standard_error":6.686504400784272},"Median":{"confidence_interval":{"confidence_level":0.95,"lower_bound":512.6758230015628,"upper_bound":518.8357426156686},"point_estimate":516.4405475538654,"standard_error":1.7135410212794844},"MedianAbsDev":{"confidence_interval":{"confidence_level":0.95,"lower_bound":7.637443936929806,"upper_bound":17.622353424586233},"point_estimate":12.22006153859392,"standard_error":2.520343528336576},"Slope":{"confidence_interval":{"confidence_level":0.95,"lower_bound":516.1157110013675,"upper_bound":526.9380691282284},"point_estimate":520.8451584571206,"standard_error":2.7715535959108184},"StdDev":{"confidence_interval":{"confidence_level":0.95,"lower_bound":51.138551704928936,"upper_bound":80.12770817032501},"point_estimate":66.96494780741433,"standard_error":7.379810789096025}}