{"Mean":{"confidence_interval":{"confidence_level":0.95,"lower_bound":49.10533904022592,"upper_bound":49.3188568997537},"point_estimate":49.20342797157524,"standard_error":0.0546569439142351},"Median":{"confidence_interval":{"confidence_level":0.95,"lower_bound":49.011973000120335,"upper_bound":49.10818763890936},"point_estimate":49.03942033912396,"standard_error":0.0242866882163367},"MedianAbsDev":{"confidence_interval":{"confidence_level":0.95,"lower_bound":0.14314977922228933,"upper_bound":0.2470676285498432},"point_estimate":0.18669098439002504,"standard_error":0.027691028239979324},"Slope":{"confidence_interval":{"confidence_level":0.95,"lower_bound":49.0633354094862,"upper_bound":49.28971720514595},"point_estimate":49.16119463762242,"standard_error":0.0581798977349111},"StdDev":{"confidence_interval":{"confidence_level":0.95,"lower_bound":0.317806649394196,"upper_bound":0.7358768823629006},"point_estimate":0.5501296872983116,"standard_error":0.10629163382046573}}