{"Mean":{"confidence_interval":{"confidence_level":0.95,"lower_bound":903.3209139867403,"upper_bound":918.310123193709},"point_estimate":909.5682171277984,"standard_error":3.9085711210172747},"Median":{"confidence_interval":{"confidence_level":0.95,"lower_bound":901.2009230769231,"upper_bound":903.3291652892563},"point_estimate":902.2867600422833,"standard_error":0.6022830194937728},"MedianAbsDev":{"confidence_interval":{"confidence_level":0.95,"lower_bound":3.6933446889316826,"upper_bound":6.810239407990327},"point_estimate":4.8296998302175504,"standard_error":0.7914838437850845},"Slope":{"confidence_interval":{"confidence_level":0.95,"lower_bound":902.4931988681816,"upper_bound":907.760048969218},"point_estimate":904.9599108292919,"standard_error":1.3516993499067151},"StdDev":{"confidence_interval":{"confidence_level":0.95,"lower_bound":8.170270758372697,"upper_bound":61.827294155525564},"point_estimate":39.37300830536086,"standard_error":14.38780535177957}}