{"Mean":{"confidence_interval":{"confidence_level":0.95,"lower_bound":979.8280965178396,"upper_bound":985.6551406201135},"point_estimate":982.639384315495,"standard_error":1.4857232985062674},"Median":{"confidence_interval":{"confidence_level":0.95,"lower_bound":975.9463648382659,"upper_bound":980.0460835230506},"point_estimate":977.2275873680359,"standard_error":1.1620459067848534},"MedianAbsDev":{"confidence_interval":{"confidence_level":0.95,"lower_bound":7.597028502711454,"upper_bound":13.935647760606743},"point_estimate":11.040810898933023,"standard_error":1.5818517786669921},"Slope":{"confidence_interval":{"confidence_level":0.95,"lower_bound":976.3208024815015,"upper_bound":981.1303327614911},"point_estimate":978.5769854820411,"standard_error":1.2273957129850064},"StdDev":{"confidence_interval":{"confidence_level":0.95,"lower_bound":11.782045679259744,"upper_bound":17.88278043293409},"point_estimate":14.972817993834704,"standard_error":1.5627341833511}}