{"Mean":{"confidence_interval":{"confidence_level":0.95,"lower_bound":2248.151945921496,"upper_bound":2262.6318789600696},"point_estimate":2255.0856379798147,"standard_error":3.6939307270344712},"Median":{"confidence_interval":{"confidence_level":0.95,"lower_bound":2233.343721461187,"upper_bound":2257.7672447294276},"point_estimate":2235.3582019220557,"standard_error":5.968036199612949},"MedianAbsDev":{"confidence_interval":{"confidence_level":0.95,"lower_bound":8.818690257463873,"upper_bound":37.89167265580303},"point_estimate":14.241791400815815,"standard_error":7.190218735228118},"Slope":{"confidence_interval":{"confidence_level":0.95,"lower_bound":2259.5876812884526,"upper_bound":2281.049030273789},"point_estimate":2269.8065515498597,"standard_error":5.476993183071958},"StdDev":{"confidence_interval":{"confidence_level":0.95,"lower_bound":28.149609144452004,"upper_bound":45.12824507004143},"point_estimate":37.1697819470623,"standard_error":4.34190569399891}}