{"Mean":{"confidence_interval":{"confidence_level":0.95,"lower_bound":2299.8356699913397,"upper_bound":2495.600811778359},"point_estimate":2391.4599694848207,"standard_error":50.064322279503656},"Median":{"confidence_interval":{"confidence_level":0.95,"lower_bound":2175.381410541945,"upper_bound":2203.050037119525},"point_estimate":2179.2365474728763,"standard_error":6.341705836704144},"MedianAbsDev":{"confidence_interval":{"confidence_level":0.95,"lower_bound":14.457805689174759,"upper_bound":56.01992321232704},"point_estimate":22.204971236185294,"standard_error":9.516216346767896},"Slope":{"confidence_interval":{"confidence_level":0.95,"lower_bound":2216.3426866996133,"upper_bound":2290.606570280862},"point_estimate":2249.085759445073,"standard_error":18.97637522377632},"StdDev":{"confidence_interval":{"confidence_level":0.95,"lower_bound":335.20524253522166,"upper_bound":635.3425945230118},"point_estimate":502.9406533456129,"standard_error":76.65678592448593}}