{"Mean":{"confidence_interval":{"confidence_level":0.95,"lower_bound":74.81264337707087,"upper_bound":75.98428297746578},"point_estimate":75.32388156816077,"standard_error":0.301965006695195},"Median":{"confidence_interval":{"confidence_level":0.95,"lower_bound":74.38928621510027,"upper_bound":74.55544433407198},"point_estimate":74.48502358150157,"standard_error":0.043828786050238294},"MedianAbsDev":{"confidence_interval":{"confidence_level":0.95,"lower_bound":0.27410491383334756,"upper_bound":0.5210604884991368},"point_estimate":0.4003020176187636,"standard_error":0.06449406755215044},"Slope":{"confidence_interval":{"confidence_level":0.95,"lower_bound":74.93270518582894,"upper_bound":76.3972553537093},"point_estimate":75.59153649261957,"standard_error":0.3776563618760209},"StdDev":{"confidence_interval":{"confidence_level":0.95,"lower_bound":1.4071995018779326,"upper_bound":4.566506625963206},"point_estimate":3.035072784612591,"standard_error":0.8967782148647588}}