{"Mean":{"confidence_interval":{"confidence_level":0.95,"lower_bound":74.36285924351425,"upper_bound":74.99157274292985},"point_estimate":74.64259662623758,"standard_error":0.16201356883054543},"Median":{"confidence_interval":{"confidence_level":0.95,"lower_bound":74.12345592082016,"upper_bound":74.32751297781974},"point_estimate":74.21040693230877,"standard_error":0.04936062380283796},"MedianAbsDev":{"confidence_interval":{"confidence_level":0.95,"lower_bound":0.2515173373756344,"upper_bound":0.4787944647743545},"point_estimate":0.37468757166952327,"standard_error":0.05992047794866144},"Slope":{"confidence_interval":{"confidence_level":0.95,"lower_bound":74.35074826379861,"upper_bound":75.05871937051185},"point_estimate":74.65320645149397,"standard_error":0.1830678372463471},"StdDev":{"confidence_interval":{"confidence_level":0.95,"lower_bound":0.625839870816072,"upper_bound":2.3380904570070014},"point_estimate":1.634291908541101,"standard_error":0.41865684871671677}}