{"Mean":{"confidence_interval":{"confidence_level":0.95,"lower_bound":74.10853335038973,"upper_bound":74.87837802814471},"point_estimate":74.45173651203358,"standard_error":0.1973181140211637},"Median":{"confidence_interval":{"confidence_level":0.95,"lower_bound":73.87809269571142,"upper_bound":74.32787051021313},"point_estimate":74.06145873137447,"standard_error":0.12029408189777588},"MedianAbsDev":{"confidence_interval":{"confidence_level":0.95,"lower_bound":0.6991661024837117,"upper_bound":1.1843530843127021},"point_estimate":0.901902178469243,"standard_error":0.13375472396591315},"Slope":{"confidence_interval":{"confidence_level":0.95,"lower_bound":74.08561010112327,"upper_bound":75.00130102738585},"point_estimate":74.45296056677809,"standard_error":0.23893317794720642},"StdDev":{"confidence_interval":{"confidence_level":0.95,"lower_bound":0.968741860605144,"upper_bound":2.9598903526246123},"point_estimate":1.983504267333757,"standard_error":0.552275603975579}}