{"Mean":{"confidence_interval":{"confidence_level":0.95,"lower_bound":260.51583267717183,"upper_bound":263.1383461237752},"point_estimate":261.8130931046999,"standard_error":0.6723568591545248},"Median":{"confidence_interval":{"confidence_level":0.95,"lower_bound":255.83863113897596,"upper_bound":265.89589455982235},"point_estimate":265.1799818673551,"standard_error":3.097955524859716},"MedianAbsDev":{"confidence_interval":{"confidence_level":0.95,"lower_bound":2.203741339826898,"upper_bound":12.415385536704246},"point_estimate":10.328604813574344,"standard_error":2.9076523377869417},"Slope":{"confidence_interval":{"confidence_level":0.95,"lower_bound":260.02871911071946,"upper_bound":262.9154593811871},"point_estimate":261.4880265484088,"standard_error":0.7373126057396442},"StdDev":{"confidence_interval":{"confidence_level":0.95,"lower_bound":5.857953434605688,"upper_bound":7.687117880074172},"point_estimate":6.769053071655847,"standard_error":0.47138266182578575}}