{"Mean":{"confidence_interval":{"confidence_level":0.95,"lower_bound":253.96262205980716,"upper_bound":254.7225015273256},"point_estimate":254.31615800890597,"standard_error":0.19489298937982016},"Median":{"confidence_interval":{"confidence_level":0.95,"lower_bound":253.66265551265553,"upper_bound":253.94051222651223},"point_estimate":253.81724141594424,"standard_error":0.07575777631819756},"MedianAbsDev":{"confidence_interval":{"confidence_level":0.95,"lower_bound":0.5147116729141316,"upper_bound":1.1125469454993215},"point_estimate":0.7250167594661268,"standard_error":0.1580459687688765},"Slope":{"confidence_interval":{"confidence_level":0.95,"lower_bound":253.9109282500214,"upper_bound":254.66897731337156},"point_estimate":254.26193144678382,"standard_error":0.19421046171414524},"StdDev":{"confidence_interval":{"confidence_level":0.95,"lower_bound":1.1979828724395285,"upper_bound":2.6731988663778767},"point_estimate":1.9594113193968297,"standard_error":0.3823218181941159}}