{"Mean":{"confidence_interval":{"confidence_level":0.95,"lower_bound":97.20004530361014,"upper_bound":97.91169938289937},"point_estimate":97.5556527125647,"standard_error":0.18232468183728265},"Median":{"confidence_interval":{"confidence_level":0.95,"lower_bound":96.01253095063389,"upper_bound":98.69216164310208},"point_estimate":98.42387130698494,"standard_error":1.0219798716777753},"MedianAbsDev":{"confidence_interval":{"confidence_level":0.95,"lower_bound":0.9562258490448918,"upper_bound":3.516587069371107},"point_estimate":3.0093382947556924,"standard_error":0.7629478619553731},"Slope":{"confidence_interval":{"confidence_level":0.95,"lower_bound":97.124913780023,"upper_bound":98.02413929687214},"point_estimate":97.56866487488904,"standard_error":0.23011087430606803},"StdDev":{"confidence_interval":{"confidence_level":0.95,"lower_bound":1.6597948831879237,"upper_bound":2.000771073452111},"point_estimate":1.8304250181371062,"standard_error":0.08730945132603722}}