{"Mean":{"confidence_interval":{"confidence_level":0.95,"lower_bound":98.66723443465507,"upper_bound":99.15953339999902},"point_estimate":98.88503587458625,"standard_error":0.1265918152617532},"Median":{"confidence_interval":{"confidence_level":0.95,"lower_bound":98.60300935752937,"upper_bound":98.79227724433895},"point_estimate":98.70163241688812,"standard_error":0.056072177837087275},"MedianAbsDev":{"confidence_interval":{"confidence_level":0.95,"lower_bound":0.3135480837634286,"upper_bound":0.5146903525834692},"point_estimate":0.4191822733015923,"standard_error":0.05133647281485049},"Slope":{"confidence_interval":{"confidence_level":0.95,"lower_bound":98.72070278352327,"upper_bound":99.10296876338701},"point_estimate":98.89297540149778,"standard_error":0.09815425541078204},"StdDev":{"confidence_interval":{"confidence_level":0.95,"lower_bound":0.6125192267582085,"upper_bound":1.881872711622998},"point_estimate":1.2672216623115262,"standard_error":0.343441525914719}}