{"Mean":{"confidence_interval":{"confidence_level":0.95,"lower_bound":90.48501530896284,"upper_bound":91.42223527035969},"point_estimate":90.92356696532029,"standard_error":0.23941890098116653},"Median":{"confidence_interval":{"confidence_level":0.95,"lower_bound":89.75417976819205,"upper_bound":90.70190483570829},"point_estimate":90.37118020575755,"standard_error":0.2548208857205665},"MedianAbsDev":{"confidence_interval":{"confidence_level":0.95,"lower_bound":1.004647197088299,"upper_bound":2.142237571257964},"point_estimate":1.6305707406754286,"standard_error":0.2972601143990406},"Slope":{"confidence_interval":{"confidence_level":0.95,"lower_bound":90.60579652852262,"upper_bound":91.75983749910773},"point_estimate":91.15223235709658,"standard_error":0.2951686513382656},"StdDev":{"confidence_interval":{"confidence_level":0.95,"lower_bound":1.5885811833748966,"upper_bound":3.209953241425284},"point_estimate":2.405539808085718,"standard_error":0.4221802275876255}}