{"Mean":{"confidence_interval":{"confidence_level":0.95,"lower_bound":53.57206419126243,"upper_bound":54.84434064607218},"point_estimate":54.14510250301152,"standard_error":0.32693880031567535},"Median":{"confidence_interval":{"confidence_level":0.95,"lower_bound":53.04931698500593,"upper_bound":53.24107937531947},"point_estimate":53.10687603414392,"standard_error":0.04421098554889631},"MedianAbsDev":{"confidence_interval":{"confidence_level":0.95,"lower_bound":0.21212320634580528,"upper_bound":0.4059002014451737},"point_estimate":0.27422336891443866,"standard_error":0.04761560526946887},"Slope":{"confidence_interval":{"confidence_level":0.95,"lower_bound":53.732802742955336,"upper_bound":55.48732928796074},"point_estimate":54.50465005532125,"standard_error":0.452418175835694},"StdDev":{"confidence_interval":{"confidence_level":0.95,"lower_bound":1.715545552443676,"upper_bound":4.535916390694937},"point_estimate":3.299336535260261,"standard_error":0.7151762646966051}}