{"Mean":{"confidence_interval":{"confidence_level":0.95,"lower_bound":26.423201071669933,"upper_bound":26.500233922617472},"point_estimate":26.460131807726817,"standard_error":0.019682209669578735},"Median":{"confidence_interval":{"confidence_level":0.95,"lower_bound":26.39625792486725,"upper_bound":26.46441953873586},"point_estimate":26.43399204897701,"standard_error":0.015488883119994235},"MedianAbsDev":{"confidence_interval":{"confidence_level":0.95,"lower_bound":0.08855581940661506,"upper_bound":0.13885802748100143},"point_estimate":0.11183676959833302,"standard_error":0.01247184324589084},"Slope":{"confidence_interval":{"confidence_level":0.95,"lower_bound":26.457586255853453,"upper_bound":26.563842772951787},"point_estimate":26.5073760920521,"standard_error":0.027247204794321543},"StdDev":{"confidence_interval":{"confidence_level":0.95,"lower_bound":0.14241529004196551,"upper_bound":0.2504057881372902},"point_estimate":0.19743794825513145,"standard_error":0.027880892436259543}}