{"Mean":{"confidence_interval":{"confidence_level":0.95,"lower_bound":26.554058389576177,"upper_bound":26.666629137277365},"point_estimate":26.60574541213226,"standard_error":0.02875098565836402},"Median":{"confidence_interval":{"confidence_level":0.95,"lower_bound":26.51253261044608,"upper_bound":26.54284027207963},"point_estimate":26.530460119085383,"standard_error":0.008930468960743763},"MedianAbsDev":{"confidence_interval":{"confidence_level":0.95,"lower_bound":0.057424580479782536,"upper_bound":0.1298539325421109},"point_estimate":0.0789345728987535,"standard_error":0.018297792277244214},"Slope":{"confidence_interval":{"confidence_level":0.95,"lower_bound":26.539224028068517,"upper_bound":26.632795597777974},"point_estimate":26.582243628024884,"standard_error":0.023886848847932875},"StdDev":{"confidence_interval":{"confidence_level":0.95,"lower_bound":0.17528780767902424,"upper_bound":0.39455317550975305},"point_estimate":0.28805366587276293,"standard_error":0.05701345074238165}}