{"Mean":{"confidence_interval":{"confidence_level":0.95,"lower_bound":25.661940023604064,"upper_bound":25.94731040094211},"point_estimate":25.795833019861707,"standard_error":0.0729620450695744},"Median":{"confidence_interval":{"confidence_level":0.95,"lower_bound":25.52841604872234,"upper_bound":25.751088096399616},"point_estimate":25.61964001190971,"standard_error":0.05550981989378006},"MedianAbsDev":{"confidence_interval":{"confidence_level":0.95,"lower_bound":0.3384086226400524,"upper_bound":0.6049750064773911},"point_estimate":0.48742137535312535,"standard_error":0.06900217954289216},"Slope":{"confidence_interval":{"confidence_level":0.95,"lower_bound":25.63802465241097,"upper_bound":26.04101854239179},"point_estimate":25.81341955050461,"standard_error":0.10428199666205944},"StdDev":{"confidence_interval":{"confidence_level":0.95,"lower_bound":0.48487254196911717,"upper_bound":0.9598644704268301},"point_estimate":0.7342048947020726,"standard_error":0.12203258252816751}}