{"Mean":{"confidence_interval":{"confidence_level":0.95,"lower_bound":77.63579009586631,"upper_bound":78.19910489402268},"point_estimate":77.89854182476323,"standard_error":0.1443189236496542},"Median":{"confidence_interval":{"confidence_level":0.95,"lower_bound":77.26881327447963,"upper_bound":77.86809042682432},"point_estimate":77.58925269691265,"standard_error":0.14281993034486878},"MedianAbsDev":{"confidence_interval":{"confidence_level":0.95,"lower_bound":0.6502034639816109,"upper_bound":1.070933422308901},"point_estimate":0.8170993770021748,"standard_error":0.10549048444942838},"Slope":{"confidence_interval":{"confidence_level":0.95,"lower_bound":77.74514318374453,"upper_bound":78.26060926144675},"point_estimate":77.98119050103666,"standard_error":0.13191420666178258},"StdDev":{"confidence_interval":{"confidence_level":0.95,"lower_bound":0.9627230685278605,"upper_bound":1.870460377161633},"point_estimate":1.452471408227821,"standard_error":0.23252138883781048}}