{"Mean":{"confidence_interval":{"confidence_level":0.95,"lower_bound":79.4283389426031,"upper_bound":79.74516223031799},"point_estimate":79.574523168572,"standard_error":0.0810850773236324},"Median":{"confidence_interval":{"confidence_level":0.95,"lower_bound":79.28345827287872,"upper_bound":79.51336450104787},"point_estimate":79.37647458091195,"standard_error":0.06271016748021764},"MedianAbsDev":{"confidence_interval":{"confidence_level":0.95,"lower_bound":0.26379375434406804,"upper_bound":0.42991550820532276},"point_estimate":0.318586482921597,"standard_error":0.04545673639832688},"Slope":{"confidence_interval":{"confidence_level":0.95,"lower_bound":79.39294970121507,"upper_bound":79.75871968911434},"point_estimate":79.55501955428927,"standard_error":0.09397489731278631},"StdDev":{"confidence_interval":{"confidence_level":0.95,"lower_bound":0.48883897565696366,"upper_bound":1.1270337817107772},"point_estimate":0.8221239056318589,"standard_error":0.16548106861433262}}