{"Mean":{"confidence_interval":{"confidence_level":0.95,"lower_bound":2028.4462231455798,"upper_bound":2055.086030781464},"point_estimate":2039.5125518847085,"standard_error":6.9451291954484065},"Median":{"confidence_interval":{"confidence_level":0.95,"lower_bound":2023.7776066621036,"upper_bound":2028.1437970568104},"point_estimate":2025.8320421877916,"standard_error":1.1037482218339754},"MedianAbsDev":{"confidence_interval":{"confidence_level":0.95,"lower_bound":6.22053012216286,"upper_bound":10.056956192276433},"point_estimate":8.10655354069081,"standard_error":0.998335357469079},"Slope":{"confidence_interval":{"confidence_level":0.95,"lower_bound":2029.9433315859114,"upper_bound":2085.7709206034615},"point_estimate":2051.161391297118,"standard_error":15.08162000661049},"StdDev":{"confidence_interval":{"confidence_level":0.95,"lower_bound":22.414299114863834,"upper_bound":111.29570648938034},"point_estimate":69.9659052106515,"standard_error":26.100183994347823}}