{"Mean":{"confidence_interval":{"confidence_level":0.95,"lower_bound":104.3761235161578,"upper_bound":105.29061042182106},"point_estimate":104.77591086816305,"standard_error":0.23622877440659273},"Median":{"confidence_interval":{"confidence_level":0.95,"lower_bound":104.0616145237742,"upper_bound":104.29955697350913},"point_estimate":104.18719241670443,"standard_error":0.06636577873532301},"MedianAbsDev":{"confidence_interval":{"confidence_level":0.95,"lower_bound":0.2856375835512441,"upper_bound":0.5318113014428086},"point_estimate":0.3882746267721016,"standard_error":0.062101859663528956},"Slope":{"confidence_interval":{"confidence_level":0.95,"lower_bound":104.42838497540157,"upper_bound":105.12595036793896},"point_estimate":104.75621183960814,"standard_error":0.17881373836506687},"StdDev":{"confidence_interval":{"confidence_level":0.95,"lower_bound":0.8899574329077194,"upper_bound":3.5011254177711244},"point_estimate":2.371963361429203,"standard_error":0.6852223804596177}}