{"Mean":{"confidence_interval":{"confidence_level":0.95,"lower_bound":52.8990805866114,"upper_bound":53.370234830401245},"point_estimate":53.113741676171905,"standard_error":0.12063178382339045},"Median":{"confidence_interval":{"confidence_level":0.95,"lower_bound":52.604930757304246,"upper_bound":52.90117609651958},"point_estimate":52.668342555773314,"standard_error":0.07174929321881306},"MedianAbsDev":{"confidence_interval":{"confidence_level":0.95,"lower_bound":0.3433884411079515,"upper_bound":0.6643793792959485},"point_estimate":0.44668295143750947,"standard_error":0.0751145739018064},"Slope":{"confidence_interval":{"confidence_level":0.95,"lower_bound":52.845682980123826,"upper_bound":53.78734369859553},"point_estimate":53.25665531017284,"standard_error":0.24344367900430738},"StdDev":{"confidence_interval":{"confidence_level":0.95,"lower_bound":0.7308244549393881,"upper_bound":1.7083265160220185},"point_estimate":1.2116321844059357,"standard_error":0.26871987735254355}}