{"Mean":{"confidence_interval":{"confidence_level":0.95,"lower_bound":29.63509414010108,"upper_bound":30.072172224574953},"point_estimate":29.840605542077093,"standard_error":0.11178392405949321},"Median":{"confidence_interval":{"confidence_level":0.95,"lower_bound":29.36473553015802,"upper_bound":29.438929181526657},"point_estimate":29.39034404715523,"standard_error":0.019992993349051205},"MedianAbsDev":{"confidence_interval":{"confidence_level":0.95,"lower_bound":0.11511721079725204,"upper_bound":0.22447640149318226},"point_estimate":0.15654992114319016,"standard_error":0.027305098743533592},"Slope":{"confidence_interval":{"confidence_level":0.95,"lower_bound":29.820566601442437,"upper_bound":30.627691092294352},"point_estimate":30.205415280618297,"standard_error":0.20601864167247422},"StdDev":{"confidence_interval":{"confidence_level":0.95,"lower_bound":0.7711942610999689,"upper_bound":1.4046625245416866},"point_estimate":1.121835045317593,"standard_error":0.16174686297382546}}