{"Mean":{"confidence_interval":{"confidence_level":0.95,"lower_bound":31.46190721156494,"upper_bound":31.5610703400203},"point_estimate":31.50455812536877,"standard_error":0.025674150187068367},"Median":{"confidence_interval":{"confidence_level":0.95,"lower_bound":31.42398086021585,"upper_bound":31.479573671126193},"point_estimate":31.447277881278115,"standard_error":0.013482213036723348},"MedianAbsDev":{"confidence_interval":{"confidence_level":0.95,"lower_bound":0.07431752203385182,"upper_bound":0.1256252391292057},"point_estimate":0.09480642809267573,"standard_error":0.012552492252966162},"Slope":{"confidence_interval":{"confidence_level":0.95,"lower_bound":31.441583855725245,"upper_bound":31.543727369558972},"point_estimate":31.488706690887767,"standard_error":0.026189552806572237},"StdDev":{"confidence_interval":{"confidence_level":0.95,"lower_bound":0.12117206001840769,"upper_bound":0.39635613589167856},"point_estimate":0.2577618269939563,"standard_error":0.08479321951169204}}