{"Mean":{"confidence_interval":{"confidence_level":0.95,"lower_bound":251.8247304501224,"upper_bound":255.01103499554944},"point_estimate":252.99843061739884,"standard_error":0.9019536612329582},"Median":{"confidence_interval":{"confidence_level":0.95,"lower_bound":251.36822942774978,"upper_bound":251.7475275581626},"point_estimate":251.57962732721245,"standard_error":0.08673080702612097},"MedianAbsDev":{"confidence_interval":{"confidence_level":0.95,"lower_bound":0.7333770487554657,"upper_bound":1.3273982132782958},"point_estimate":1.0279815041704412,"standard_error":0.1457389908216735},"Slope":{"confidence_interval":{"confidence_level":0.95,"lower_bound":251.53707727159434,"upper_bound":252.4292787843562},"point_estimate":251.95478541221638,"standard_error":0.22857527468092742},"StdDev":{"confidence_interval":{"confidence_level":0.95,"lower_bound":1.5180545874073903,"upper_bound":15.393004951472687},"point_estimate":9.11001632024482,"standard_error":4.777329258339284}}