{"Mean":{"confidence_interval":{"confidence_level":0.95,"lower_bound":256.82784451006466,"upper_bound":259.03192373372065},"point_estimate":257.87458976003313,"standard_error":0.5640781147946896},"Median":{"confidence_interval":{"confidence_level":0.95,"lower_bound":254.83815773390205,"upper_bound":257.0649130702544},"point_estimate":255.66766283476795,"standard_error":0.5649871846683331},"MedianAbsDev":{"confidence_interval":{"confidence_level":0.95,"lower_bound":1.7693323442244333,"upper_bound":4.299834538654899},"point_estimate":2.837301597288939,"standard_error":0.634547849489237},"Slope":{"confidence_interval":{"confidence_level":0.95,"lower_bound":256.6600313175811,"upper_bound":259.1059448528838},"point_estimate":257.8102893675304,"standard_error":0.6262274780260362},"StdDev":{"confidence_interval":{"confidence_level":0.95,"lower_bound":4.1367703449343285,"upper_bound":7.133312854823272},"point_estimate":5.659527405409994,"standard_error":0.7738425683864866}}