{"Mean":{"confidence_interval":{"confidence_level":0.95,"lower_bound":33.620285156737815,"upper_bound":33.88672936296406},"point_estimate":33.72707986538156,"standard_error":0.06986666902620924},"Median":{"confidence_interval":{"confidence_level":0.95,"lower_bound":33.54094005273552,"upper_bound":33.61840783612056},"point_estimate":33.56896086066399,"standard_error":0.018486733406022388},"MedianAbsDev":{"confidence_interval":{"confidence_level":0.95,"lower_bound":0.10732459403422978,"upper_bound":0.18400100792811414},"point_estimate":0.13892331028395258,"standard_error":0.020026350035980495},"Slope":{"confidence_interval":{"confidence_level":0.95,"lower_bound":33.68791383064391,"upper_bound":33.93526893257992},"point_estimate":33.805319083400796,"standard_error":0.06319461338707229},"StdDev":{"confidence_interval":{"confidence_level":0.95,"lower_bound":0.22395493429649566,"upper_bound":1.1399300124048233},"point_estimate":0.7027240738069019,"standard_error":0.291453419557943}}