{"Mean":{"confidence_interval":{"confidence_level":0.95,"lower_bound":86.31204978667283,"upper_bound":86.97017014494881},"point_estimate":86.60639580551731,"standard_error":0.16898719483255664},"Median":{"confidence_interval":{"confidence_level":0.95,"lower_bound":86.07341481599019,"upper_bound":86.30576436894614},"point_estimate":86.20343444482332,"standard_error":0.04837378263264318},"MedianAbsDev":{"confidence_interval":{"confidence_level":0.95,"lower_bound":0.4072175395520392,"upper_bound":0.724385766452934},"point_estimate":0.5697981295764702,"standard_error":0.08284769401997742},"Slope":{"confidence_interval":{"confidence_level":0.95,"lower_bound":86.47620066010688,"upper_bound":87.55450362790909},"point_estimate":86.91903832165612,"standard_error":0.28241018304450466},"StdDev":{"confidence_interval":{"confidence_level":0.95,"lower_bound":0.8295220588584421,"upper_bound":2.4202252029439015},"point_estimate":1.6968331452205838,"standard_error":0.40621066587037247}}