{"Mean":{"confidence_interval":{"confidence_level":0.95,"lower_bound":49.72142110634989,"upper_bound":49.9953513768371},"point_estimate":49.84696745546008,"standard_error":0.0701009214363984},"Median":{"confidence_interval":{"confidence_level":0.95,"lower_bound":49.59469019748068,"upper_bound":49.70934312626822},"point_estimate":49.639368177346725,"standard_error":0.030877463419487383},"MedianAbsDev":{"confidence_interval":{"confidence_level":0.95,"lower_bound":0.17728719331565018,"upper_bound":0.3112713185603738},"point_estimate":0.23406760642716443,"standard_error":0.035739209818536254},"Slope":{"confidence_interval":{"confidence_level":0.95,"lower_bound":49.74420521937832,"upper_bound":49.92346443947163},"point_estimate":49.82864538262533,"standard_error":0.04581315369089711},"StdDev":{"confidence_interval":{"confidence_level":0.95,"lower_bound":0.42395233526965115,"upper_bound":0.971690022769316},"point_estimate":0.7038202258083566,"standard_error":0.14272183399321745}}