{"Mean":{"confidence_interval":{"confidence_level":0.95,"lower_bound":48.966187859360325,"upper_bound":49.610278962503386},"point_estimate":49.23340247234605,"standard_error":0.168047874862808},"Median":{"confidence_interval":{"confidence_level":0.95,"lower_bound":48.7541267001624,"upper_bound":48.88023569536206},"point_estimate":48.82266026779673,"standard_error":0.029258597717592337},"MedianAbsDev":{"confidence_interval":{"confidence_level":0.95,"lower_bound":0.18711167603831072,"upper_bound":0.33641862543106293},"point_estimate":0.2564798222925498,"standard_error":0.037573597411665535},"Slope":{"confidence_interval":{"confidence_level":0.95,"lower_bound":49.00217497088694,"upper_bound":49.75948131870634},"point_estimate":49.31385206974258,"standard_error":0.19691234080673117},"StdDev":{"confidence_interval":{"confidence_level":0.95,"lower_bound":0.6252510827412491,"upper_bound":2.6837870084990594},"point_estimate":1.6913795834423302,"standard_error":0.6363494300499695}}