{"Mean":{"confidence_interval":{"confidence_level":0.95,"lower_bound":37.78757297404356,"upper_bound":38.19835767712078},"point_estimate":37.971203307178236,"standard_error":0.10577257746050268},"Median":{"confidence_interval":{"confidence_level":0.95,"lower_bound":37.60617696946853,"upper_bound":37.668599388916014},"point_estimate":37.628817578637154,"standard_error":0.01784285753840184},"MedianAbsDev":{"confidence_interval":{"confidence_level":0.95,"lower_bound":0.09274425548473586,"upper_bound":0.20103560585819388},"point_estimate":0.13934777085505506,"standard_error":0.027322743775975673},"Slope":{"confidence_interval":{"confidence_level":0.95,"lower_bound":37.7892901311925,"upper_bound":38.41561724951041},"point_estimate":38.05996337141284,"standard_error":0.16161855098557823},"StdDev":{"confidence_interval":{"confidence_level":0.95,"lower_bound":0.5239827674901782,"upper_bound":1.5286476496287922},"point_estimate":1.0628218508904,"standard_error":0.2627685736437331}}