{"Mean":{"confidence_interval":{"confidence_level":0.95,"lower_bound":34.481579979872876,"upper_bound":34.6559171136519},"point_estimate":34.565263340334184,"standard_error":0.04462917274290726},"Median":{"confidence_interval":{"confidence_level":0.95,"lower_bound":34.36077719953323,"upper_bound":34.486570296782844},"point_estimate":34.40235923631415,"standard_error":0.03277362187572943},"MedianAbsDev":{"confidence_interval":{"confidence_level":0.95,"lower_bound":0.1605730669981278,"upper_bound":0.3335961846366553},"point_estimate":0.22061721197844583,"standard_error":0.04375127497210862},"Slope":{"confidence_interval":{"confidence_level":0.95,"lower_bound":34.55391753432479,"upper_bound":34.8051285654948},"point_estimate":34.67580698056368,"standard_error":0.06418013090095373},"StdDev":{"confidence_interval":{"confidence_level":0.95,"lower_bound":0.340455145432119,"upper_bound":0.5442888445953622},"point_estimate":0.4476559468455975,"standard_error":0.05208461136658657}}