{"Mean":{"confidence_interval":{"confidence_level":0.95,"lower_bound":296.6926913462188,"upper_bound":299.9622169034339},"point_estimate":298.2725621915448,"standard_error":0.8361925423844497},"Median":{"confidence_interval":{"confidence_level":0.95,"lower_bound":293.76722838012165,"upper_bound":294.12948717948717},"point_estimate":293.8855414079764,"standard_error":0.12645191970704675},"MedianAbsDev":{"confidence_interval":{"confidence_level":0.95,"lower_bound":0.6153521939719961,"upper_bound":1.5648953386116382},"point_estimate":1.0037924071550313,"standard_error":0.24109127927032023},"Slope":{"confidence_interval":{"confidence_level":0.95,"lower_bound":296.1242382148041,"upper_bound":300.1919641480688},"point_estimate":298.0464063395099,"standard_error":1.039998538889317},"StdDev":{"confidence_interval":{"confidence_level":0.95,"lower_bound":7.0383739985278275,"upper_bound":9.391336486060224},"point_estimate":8.400619921732657,"standard_error":0.6011103629256597}}