{"Mean":{"confidence_interval":{"confidence_level":0.95,"lower_bound":1438.55794790129,"upper_bound":1449.4369771036359},"point_estimate":1443.6969410696456,"standard_error":2.771438059699586},"Median":{"confidence_interval":{"confidence_level":0.95,"lower_bound":1433.6821064263856,"upper_bound":1442.931461601982},"point_estimate":1437.545450156314,"standard_error":2.7048632494261873},"MedianAbsDev":{"confidence_interval":{"confidence_level":0.95,"lower_bound":14.701133417476749,"upper_bound":24.357788220057397},"point_estimate":19.113275237296243,"standard_error":2.508548443524772},"Slope":{"confidence_interval":{"confidence_level":0.95,"lower_bound":1433.5783219084415,"upper_bound":1443.8042826806657},"point_estimate":1438.2563434330664,"standard_error":2.6236084221154217},"StdDev":{"confidence_interval":{"confidence_level":0.95,"lower_bound":19.77383183342134,"upper_bound":35.488523729837645},"point_estimate":27.831266572833655,"standard_error":4.053016156267996}}