{"Mean":{"confidence_interval":{"confidence_level":0.95,"lower_bound":1430.2069105769876,"upper_bound":1456.140891215872},"point_estimate":1441.6343069810098,"standard_error":6.704842588009393},"Median":{"confidence_interval":{"confidence_level":0.95,"lower_bound":1420.973664769853,"upper_bound":1426.8649008385464},"point_estimate":1424.2382403833356,"standard_error":1.4679424225355364},"MedianAbsDev":{"confidence_interval":{"confidence_level":0.95,"lower_bound":7.303829661212563,"upper_bound":15.934884653977834},"point_estimate":9.362208133492567,"standard_error":2.1520075495459343},"Slope":{"confidence_interval":{"confidence_level":0.95,"lower_bound":1430.4944310025096,"upper_bound":1466.8816150131684},"point_estimate":1446.0525851815967,"standard_error":9.386789974980276},"StdDev":{"confidence_interval":{"confidence_level":0.95,"lower_bound":24.07528529940188,"upper_bound":98.34843287036823},"point_estimate":67.61491531891423,"standard_error":18.43975972450046}}