{"Mean":{"confidence_interval":{"confidence_level":0.95,"lower_bound":71.57380958883918,"upper_bound":72.05535485728237},"point_estimate":71.80271472710375,"standard_error":0.12316226415713964},"Median":{"confidence_interval":{"confidence_level":0.95,"lower_bound":71.21649056966898,"upper_bound":71.52876013753146},"point_estimate":71.3543164954873,"standard_error":0.07576152584836893},"MedianAbsDev":{"confidence_interval":{"confidence_level":0.95,"lower_bound":0.36593603356323673,"upper_bound":0.7587909537901066},"point_estimate":0.563891173209413,"standard_error":0.10080165204777101},"Slope":{"confidence_interval":{"confidence_level":0.95,"lower_bound":71.56654914198685,"upper_bound":72.05590499994658},"point_estimate":71.78820884025383,"standard_error":0.12541883463439288},"StdDev":{"confidence_interval":{"confidence_level":0.95,"lower_bound":0.88308288487524,"upper_bound":1.5316538984083479},"point_estimate":1.2356066359441367,"standard_error":0.16555349742135853}}