{"Mean":{"confidence_interval":{"confidence_level":0.95,"lower_bound":52.98397192831844,"upper_bound":53.308520883966764},"point_estimate":53.11667157065406,"standard_error":0.08480215337639398},"Median":{"confidence_interval":{"confidence_level":0.95,"lower_bound":52.93837640240168,"upper_bound":53.005679582125865},"point_estimate":52.96603420840367,"standard_error":0.016748271401629926},"MedianAbsDev":{"confidence_interval":{"confidence_level":0.95,"lower_bound":0.10614792502586488,"upper_bound":0.1878439645072703},"point_estimate":0.13999567806837943,"standard_error":0.020034125182827125},"Slope":{"confidence_interval":{"confidence_level":0.95,"lower_bound":53.01571361890376,"upper_bound":53.257032146831754},"point_estimate":53.122328937892995,"standard_error":0.06187174825426733},"StdDev":{"confidence_interval":{"confidence_level":0.95,"lower_bound":0.17103932326178578,"upper_bound":1.373549757297156},"point_estimate":0.8505754534984137,"standard_error":0.3334125677248374}}