{"Mean":{"confidence_interval":{"confidence_level":0.95,"lower_bound":283.60082206801536,"upper_bound":285.4480833683708},"point_estimate":284.462589537285,"standard_error":0.4718109936750029},"Median":{"confidence_interval":{"confidence_level":0.95,"lower_bound":282.9116728109394,"upper_bound":283.92245939152946},"point_estimate":283.24118812513984,"standard_error":0.24551506238528503},"MedianAbsDev":{"confidence_interval":{"confidence_level":0.95,"lower_bound":1.765198242924725,"upper_bound":3.032573111907103},"point_estimate":2.4271355359530196,"standard_error":0.3305742933329713},"Slope":{"confidence_interval":{"confidence_level":0.95,"lower_bound":283.768630757482,"upper_bound":285.52870051626655},"point_estimate":284.57471875963046,"standard_error":0.45066735351529463},"StdDev":{"confidence_interval":{"confidence_level":0.95,"lower_bound":3.094337586624589,"upper_bound":6.073703123987882},"point_estimate":4.7141799867537975,"standard_error":0.76181233087558}}