{"Mean":{"confidence_interval":{"confidence_level":0.95,"lower_bound":219.30371173121995,"upper_bound":226.6985216139831},"point_estimate":222.69124681400692,"standard_error":1.897284080257715},"Median":{"confidence_interval":{"confidence_level":0.95,"lower_bound":214.64941700428372,"upper_bound":216.81506183837627},"point_estimate":215.56072538642474,"standard_error":0.5096356133808051},"MedianAbsDev":{"confidence_interval":{"confidence_level":0.95,"lower_bound":1.3673532348616622,"upper_bound":4.012589559583707},"point_estimate":2.57834681732443,"standard_error":0.6618376119798292},"Slope":{"confidence_interval":{"confidence_level":0.95,"lower_bound":216.5414779314072,"upper_bound":220.20286303620998},"point_estimate":218.14534197955183,"standard_error":0.9339848958365852},"StdDev":{"confidence_interval":{"confidence_level":0.95,"lower_bound":10.918509522967867,"upper_bound":25.924939604726465},"point_estimate":19.07920752492975,"standard_error":3.8528465488178316}}