{"Mean":{"confidence_interval":{"confidence_level":0.95,"lower_bound":214.8374708536562,"upper_bound":215.691949325726},"point_estimate":215.2276227477592,"standard_error":0.21867066672528296},"Median":{"confidence_interval":{"confidence_level":0.95,"lower_bound":214.41332120416766,"upper_bound":214.69622394957042},"point_estimate":214.5435475079504,"standard_error":0.07504166302552703},"MedianAbsDev":{"confidence_interval":{"confidence_level":0.95,"lower_bound":0.5697218578250041,"upper_bound":1.0306980213996177},"point_estimate":0.7543527807703435,"standard_error":0.12594840810923444},"Slope":{"confidence_interval":{"confidence_level":0.95,"lower_bound":215.30079403611373,"upper_bound":216.3196107119716},"point_estimate":215.7998806175717,"standard_error":0.26124170595242563},"StdDev":{"confidence_interval":{"confidence_level":0.95,"lower_bound":1.3680817687626752,"upper_bound":3.0806723973905905},"point_estimate":2.2003113854125016,"standard_error":0.47359808856716806}}