{"Mean":{"confidence_interval":{"confidence_level":0.95,"lower_bound":8.317105782492039,"upper_bound":8.440547383438135},"point_estimate":8.371113853992767,"standard_error":0.03184912964723137},"Median":{"confidence_interval":{"confidence_level":0.95,"lower_bound":8.262905200176299,"upper_bound":8.32760855038544},"point_estimate":8.29784325285486,"standard_error":0.017855122461826918},"MedianAbsDev":{"confidence_interval":{"confidence_level":0.95,"lower_bound":0.05818368750599776,"upper_bound":0.12637307220541275},"point_estimate":0.09683090961741055,"standard_error":0.01658787694151751},"Slope":{"confidence_interval":{"confidence_level":0.95,"lower_bound":8.29122213219638,"upper_bound":8.3846579985185},"point_estimate":8.33180981877193,"standard_error":0.02398042293057727},"StdDev":{"confidence_interval":{"confidence_level":0.95,"lower_bound":0.111706109661543,"upper_bound":0.4688425040279539},"point_estimate":0.32048717498342516,"standard_error":0.09000154275136278}}