{"Mean":{"confidence_interval":{"confidence_level":0.95,"lower_bound":8.265048205932795,"upper_bound":8.327898791444806},"point_estimate":8.29321068672339,"standard_error":0.01616354089529281},"Median":{"confidence_interval":{"confidence_level":0.95,"lower_bound":8.24110310479839,"upper_bound":8.251737252959806},"point_estimate":8.24720288277611,"standard_error":0.0029225919033801485},"MedianAbsDev":{"confidence_interval":{"confidence_level":0.95,"lower_bound":0.014437223097552252,"upper_bound":0.03026150972610842},"point_estimate":0.020554039788756986,"standard_error":0.004057875729361961},"Slope":{"confidence_interval":{"confidence_level":0.95,"lower_bound":8.272691601150791,"upper_bound":8.383465981691346},"point_estimate":8.32131872788773,"standard_error":0.028579392536541848},"StdDev":{"confidence_interval":{"confidence_level":0.95,"lower_bound":0.07539860748132446,"upper_bound":0.2299221462432562},"point_estimate":0.16244137076057347,"standard_error":0.03898717542479081}}