{"Mean":{"confidence_interval":{"confidence_level":0.95,"lower_bound":8.298665806998109,"upper_bound":8.384739072050069},"point_estimate":8.335575199470291,"standard_error":0.02224276038449767},"Median":{"confidence_interval":{"confidence_level":0.95,"lower_bound":8.271451574242489,"upper_bound":8.289291447112952},"point_estimate":8.281506475808747,"standard_error":0.0040407749244103786},"MedianAbsDev":{"confidence_interval":{"confidence_level":0.95,"lower_bound":0.02326318633469432,"upper_bound":0.04665194781812729},"point_estimate":0.03171240116263504,"standard_error":0.005997766616197702},"Slope":{"confidence_interval":{"confidence_level":0.95,"lower_bound":8.283311127489096,"upper_bound":8.317216038062515},"point_estimate":8.298693748622592,"standard_error":0.0086415938484441},"StdDev":{"confidence_interval":{"confidence_level":0.95,"lower_bound":0.08450766541994266,"upper_bound":0.3452149070454786},"point_estimate":0.22399985331048253,"standard_error":0.07160789780927744}}