{"Mean":{"confidence_interval":{"confidence_level":0.95,"lower_bound":64.5958195508735,"upper_bound":65.66922125009525},"point_estimate":65.01199221170637,"standard_error":0.28608432653166893},"Median":{"confidence_interval":{"confidence_level":0.95,"lower_bound":64.45588501587747,"upper_bound":64.55693866468577},"point_estimate":64.5044169105939,"standard_error":0.02649435289345199},"MedianAbsDev":{"confidence_interval":{"confidence_level":0.95,"lower_bound":0.16152043282622422,"upper_bound":0.290516724398951},"point_estimate":0.2208495693056003,"standard_error":0.03515483546467166},"Slope":{"confidence_interval":{"confidence_level":0.95,"lower_bound":64.58240107988541,"upper_bound":64.83899089057306},"point_estimate":64.69992255939422,"standard_error":0.06572607482154083},"StdDev":{"confidence_interval":{"confidence_level":0.95,"lower_bound":0.511381500517277,"upper_bound":4.741709650687796},"point_estimate":2.8687063999647613,"standard_error":1.2946380058754359}}