{"Mean":{"confidence_interval":{"confidence_level":0.95,"lower_bound":65.14531388315746,"upper_bound":65.78547339074015},"point_estimate":65.4171684493576,"standard_error":0.16562740265818113},"Median":{"confidence_interval":{"confidence_level":0.95,"lower_bound":64.9982211216281,"upper_bound":65.09482325044144},"point_estimate":65.0442147738865,"standard_error":0.027302569736816926},"MedianAbsDev":{"confidence_interval":{"confidence_level":0.95,"lower_bound":0.14951981549120857,"upper_bound":0.26361063736989904},"point_estimate":0.19294617873415978,"standard_error":0.030136423134518996},"Slope":{"confidence_interval":{"confidence_level":0.95,"lower_bound":65.21856671549348,"upper_bound":66.64639971595211},"point_estimate":65.8155856897843,"standard_error":0.3739431315374771},"StdDev":{"confidence_interval":{"confidence_level":0.95,"lower_bound":0.561652201502034,"upper_bound":2.606126391529788},"point_estimate":1.6693925909982428,"standard_error":0.5640597589664066}}