{"Mean":{"confidence_interval":{"confidence_level":0.95,"lower_bound":82.32857075790517,"upper_bound":82.57371117803973},"point_estimate":82.44168551315828,"standard_error":0.06266442705076132},"Median":{"confidence_interval":{"confidence_level":0.95,"lower_bound":82.25532427662111,"upper_bound":82.3756830601093},"point_estimate":82.312474759722,"standard_error":0.033370202075550026},"MedianAbsDev":{"confidence_interval":{"confidence_level":0.95,"lower_bound":0.17823937277975868,"upper_bound":0.2884526044473589},"point_estimate":0.23643578914563448,"standard_error":0.02814133999743425},"Slope":{"confidence_interval":{"confidence_level":0.95,"lower_bound":82.38958455283485,"upper_bound":82.80966718225643},"point_estimate":82.57148571484933,"standard_error":0.10849520908487137},"StdDev":{"confidence_interval":{"confidence_level":0.95,"lower_bound":0.3805669524355389,"upper_bound":0.840153673431241},"point_estimate":0.6295580247747811,"standard_error":0.11737231741019116}}