{"Mean":{"confidence_interval":{"confidence_level":0.95,"lower_bound":83.64441733658346,"upper_bound":84.68628329574999},"point_estimate":84.12644924201558,"standard_error":0.2661167497322845},"Median":{"confidence_interval":{"confidence_level":0.95,"lower_bound":82.94305608980324,"upper_bound":83.42347303972753},"point_estimate":83.1651164866769,"standard_error":0.12525377562125514},"MedianAbsDev":{"confidence_interval":{"confidence_level":0.95,"lower_bound":0.5455316009579203,"upper_bound":1.1388887450991234},"point_estimate":0.8088420615240576,"standard_error":0.15444016018874654},"Slope":{"confidence_interval":{"confidence_level":0.95,"lower_bound":83.93988282821077,"upper_bound":85.8809173397545},"point_estimate":84.82132737119177,"standard_error":0.4991257990557153},"StdDev":{"confidence_interval":{"confidence_level":0.95,"lower_bound":1.6880878194329803,"upper_bound":3.5999264925336316},"point_estimate":2.674361310838229,"standard_error":0.4948669550473463}}