{"Mean":{"confidence_interval":{"confidence_level":0.95,"lower_bound":84.42840875321444,"upper_bound":85.35363034461045},"point_estimate":84.81054701893487,"standard_error":0.24052981149363128},"Median":{"confidence_interval":{"confidence_level":0.95,"lower_bound":84.20146567269504,"upper_bound":84.80159355039035},"point_estimate":84.38503231540625,"standard_error":0.13489888637894887},"MedianAbsDev":{"confidence_interval":{"confidence_level":0.95,"lower_bound":0.7101134724192976,"upper_bound":1.2718645575897207},"point_estimate":0.9378266305513392,"standard_error":0.14863834045073676},"Slope":{"confidence_interval":{"confidence_level":0.95,"lower_bound":84.51011713929432,"upper_bound":84.90730606899471},"point_estimate":84.70247924083215,"standard_error":0.10137753345163521},"StdDev":{"confidence_interval":{"confidence_level":0.95,"lower_bound":1.0018712627984778,"upper_bound":3.8599661515861046},"point_estimate":2.42060843605279,"standard_error":0.9358469216947074}}