{"Mean":{"confidence_interval":{"confidence_level":0.95,"lower_bound":57.50797587532344,"upper_bound":57.76269140924581},"point_estimate":57.628533174993166,"standard_error":0.06500842676673504},"Median":{"confidence_interval":{"confidence_level":0.95,"lower_bound":57.35444621956488,"upper_bound":57.534329841305066},"point_estimate":57.45160377993667,"standard_error":0.03693289960415843},"MedianAbsDev":{"confidence_interval":{"confidence_level":0.95,"lower_bound":0.30041643663901,"upper_bound":0.5379789442897317},"point_estimate":0.4316442355247144,"standard_error":0.05896505660031296},"Slope":{"confidence_interval":{"confidence_level":0.95,"lower_bound":57.594570323812675,"upper_bound":57.92139531661048},"point_estimate":57.75079434364774,"standard_error":0.0833280810156664},"StdDev":{"confidence_interval":{"confidence_level":0.95,"lower_bound":0.4799342089817937,"upper_bound":0.833034092325498},"point_estimate":0.6535880924566099,"standard_error":0.09235818587197497}}