{"Mean":{"confidence_interval":{"confidence_level":0.95,"lower_bound":42.701577282359736,"upper_bound":43.92159670038103},"point_estimate":43.245351157018106,"standard_error":0.31287668214200137},"Median":{"confidence_interval":{"confidence_level":0.95,"lower_bound":41.95407697305218,"upper_bound":42.38480229732715},"point_estimate":42.10540488950356,"standard_error":0.11565997868888676},"MedianAbsDev":{"confidence_interval":{"confidence_level":0.95,"lower_bound":0.42466338118633495,"upper_bound":0.9922364611042132},"point_estimate":0.6571498001818111,"standard_error":0.1548647495051918},"Slope":{"confidence_interval":{"confidence_level":0.95,"lower_bound":42.6465907725742,"upper_bound":43.456887771351155},"point_estimate":43.00967156078186,"standard_error":0.20708253403076285},"StdDev":{"confidence_interval":{"confidence_level":0.95,"lower_bound":1.6860151112533714,"upper_bound":4.592708643908263},"point_estimate":3.1470023976777957,"standard_error":0.8108704717493366}}