{"Mean":{"confidence_interval":{"confidence_level":0.95,"lower_bound":42.082443936891906,"upper_bound":42.24608498728973},"point_estimate":42.158715960515046,"standard_error":0.04179464716087735},"Median":{"confidence_interval":{"confidence_level":0.95,"lower_bound":42.01325593575948,"upper_bound":42.13135942473852},"point_estimate":42.049432150637884,"standard_error":0.03265024999661234},"MedianAbsDev":{"confidence_interval":{"confidence_level":0.95,"lower_bound":0.15349241585266793,"upper_bound":0.274930211682915},"point_estimate":0.21804851675031395,"standard_error":0.03240857389899765},"Slope":{"confidence_interval":{"confidence_level":0.95,"lower_bound":42.047548053939536,"upper_bound":42.19423183083992},"point_estimate":42.1150660502396,"standard_error":0.037520511140116175},"StdDev":{"confidence_interval":{"confidence_level":0.95,"lower_bound":0.2698002682208179,"upper_bound":0.550449197598424},"point_estimate":0.4188472216717106,"standard_error":0.0718682687418065}}