{"Mean":{"confidence_interval":{"confidence_level":0.95,"lower_bound":472.2496562804286,"upper_bound":474.6723195361789},"point_estimate":473.4163164851501,"standard_error":0.6169813427977823},"Median":{"confidence_interval":{"confidence_level":0.95,"lower_bound":470.9360224513399,"upper_bound":473.80336432999525},"point_estimate":472.7194676160493,"standard_error":0.726136182112962},"MedianAbsDev":{"confidence_interval":{"confidence_level":0.95,"lower_bound":3.7652296839088892,"upper_bound":6.22572859545092},"point_estimate":5.139607537824579,"standard_error":0.6557809679196671},"Slope":{"confidence_interval":{"confidence_level":0.95,"lower_bound":472.836512512525,"upper_bound":475.37844555793924},"point_estimate":474.04913121470366,"standard_error":0.6489572392584777},"StdDev":{"confidence_interval":{"confidence_level":0.95,"lower_bound":4.70623989735164,"upper_bound":7.848608037416976},"point_estimate":6.208395178417303,"standard_error":0.8282389013711389}}