{"Mean":{"confidence_interval":{"confidence_level":0.95,"lower_bound":24.564336860192114,"upper_bound":24.709583512739894},"point_estimate":24.632524217171387,"standard_error":0.03714981183763569},"Median":{"confidence_interval":{"confidence_level":0.95,"lower_bound":24.485364010385403,"upper_bound":24.564416290639823},"point_estimate":24.531747091275033,"standard_error":0.025273408645516925},"MedianAbsDev":{"confidence_interval":{"confidence_level":0.95,"lower_bound":0.10538382811957211,"upper_bound":0.18293986381751023},"point_estimate":0.13098899887640014,"standard_error":0.020128317475613427},"Slope":{"confidence_interval":{"confidence_level":0.95,"lower_bound":24.646464485717733,"upper_bound":24.84362541942632},"point_estimate":24.740216919328013,"standard_error":0.050428892054157536},"StdDev":{"confidence_interval":{"confidence_level":0.95,"lower_bound":0.2589642566183031,"upper_bound":0.4675748402303508},"point_estimate":0.37352307776735727,"standard_error":0.05324986718938561}}