{"Mean":{"confidence_interval":{"confidence_level":0.95,"lower_bound":2175.9665309859397,"upper_bound":2185.075876412787},"point_estimate":2180.260689435663,"standard_error":2.3308802669721818},"Median":{"confidence_interval":{"confidence_level":0.95,"lower_bound":2170.6805925781537,"upper_bound":2176.6481808103204},"point_estimate":2172.0935469488095,"standard_error":1.8893849714562185},"MedianAbsDev":{"confidence_interval":{"confidence_level":0.95,"lower_bound":8.619348576624219,"upper_bound":15.688588251387326},"point_estimate":10.703008239861562,"standard_error":1.9375616457929157},"Slope":{"confidence_interval":{"confidence_level":0.95,"lower_bound":2177.8372981904054,"upper_bound":2192.7772940461527},"point_estimate":2184.4677654208813,"standard_error":3.8565767328933935},"StdDev":{"confidence_interval":{"confidence_level":0.95,"lower_bound":16.626938034848227,"upper_bound":29.415282367748944},"point_estimate":23.462051653135802,"standard_error":3.2714986902570065}}