{"Mean":{"confidence_interval":{"confidence_level":0.95,"lower_bound":2125.780786880808,"upper_bound":2135.1063477586063},"point_estimate":2130.103687727342,"standard_error":2.386809496600216},"Median":{"confidence_interval":{"confidence_level":0.95,"lower_bound":2120.464158376343,"upper_bound":2125.581791888517},"point_estimate":2121.937680718829,"standard_error":1.527181381495886},"MedianAbsDev":{"confidence_interval":{"confidence_level":0.95,"lower_bound":6.427519071605657,"upper_bound":11.865796495380327},"point_estimate":8.776319456656838,"standard_error":1.4026195289251555},"Slope":{"confidence_interval":{"confidence_level":0.95,"lower_bound":2127.5720768705296,"upper_bound":2140.4360568402444},"point_estimate":2133.559743087787,"standard_error":3.3006626078320727},"StdDev":{"confidence_interval":{"confidence_level":0.95,"lower_bound":15.602186693827523,"upper_bound":31.778954247219282},"point_estimate":23.981540158438715,"standard_error":4.188208870416951}}