{"Mean":{"confidence_interval":{"confidence_level":0.95,"lower_bound":3385.829661133713,"upper_bound":3401.9231752838637},"point_estimate":3392.7663824148644,"standard_error":4.162131196567173},"Median":{"confidence_interval":{"confidence_level":0.95,"lower_bound":3380.5906067251462,"upper_bound":3386.654265873016},"point_estimate":3383.127319740791,"standard_error":1.5170236443428045},"MedianAbsDev":{"confidence_interval":{"confidence_level":0.95,"lower_bound":9.091965765120436,"upper_bound":15.766159267667263},"point_estimate":11.710209610774799,"standard_error":1.6244057978487276},"Slope":{"confidence_interval":{"confidence_level":0.95,"lower_bound":3383.230696815129,"upper_bound":3394.780798622017},"point_estimate":3388.370576726516,"standard_error":2.9570472264907193},"StdDev":{"confidence_interval":{"confidence_level":0.95,"lower_bound":19.011647970354357,"upper_bound":64.35457275433474},"point_estimate":41.95776023932753,"standard_error":13.324264461883063}}