{"Mean":{"confidence_interval":{"confidence_level":0.95,"lower_bound":43.810894572277746,"upper_bound":44.22284087924487},"point_estimate":43.99968041482238,"standard_error":0.10566221357864321},"Median":{"confidence_interval":{"confidence_level":0.95,"lower_bound":43.684026617837524,"upper_bound":43.76462566805115},"point_estimate":43.73779198704908,"standard_error":0.019054953361665367},"MedianAbsDev":{"confidence_interval":{"confidence_level":0.95,"lower_bound":0.1613841400364382,"upper_bound":0.33764397063294654},"point_estimate":0.23073497878311067,"standard_error":0.041243430768511995},"Slope":{"confidence_interval":{"confidence_level":0.95,"lower_bound":43.83998619102723,"upper_bound":44.28200520712538},"point_estimate":44.03255845534267,"standard_error":0.11341353588925085},"StdDev":{"confidence_interval":{"confidence_level":0.95,"lower_bound":0.6274553101797014,"upper_bound":1.410999423632548},"point_estimate":1.0634896544749113,"standard_error":0.20067953819306686}}