{"Mean":{"confidence_interval":{"confidence_level":0.95,"lower_bound":43.99327244409182,"upper_bound":44.389013033094464},"point_estimate":44.17706136504411,"standard_error":0.10141497594559191},"Median":{"confidence_interval":{"confidence_level":0.95,"lower_bound":43.868087821177895,"upper_bound":44.08158489760451},"point_estimate":43.990922515884236,"standard_error":0.0420760694881969},"MedianAbsDev":{"confidence_interval":{"confidence_level":0.95,"lower_bound":0.34902642461233974,"upper_bound":0.7396540563152059},"point_estimate":0.5057142954043098,"standard_error":0.09518672325901233},"Slope":{"confidence_interval":{"confidence_level":0.95,"lower_bound":44.05166475073429,"upper_bound":44.31301502681451},"point_estimate":44.174479097302466,"standard_error":0.06683452752024574},"StdDev":{"confidence_interval":{"confidence_level":0.95,"lower_bound":0.6329581802460071,"upper_bound":1.3801526962036983},"point_estimate":1.0173991305681525,"standard_error":0.19549271060537352}}