{"Mean":{"confidence_interval":{"confidence_level":0.95,"lower_bound":4481.07098958352,"upper_bound":4496.008546487533},"point_estimate":4488.129323887831,"standard_error":3.829678254075981},"Median":{"confidence_interval":{"confidence_level":0.95,"lower_bound":4475.500177000419,"upper_bound":4486.715376979233},"point_estimate":4481.09840333717,"standard_error":3.358102119847948},"MedianAbsDev":{"confidence_interval":{"confidence_level":0.95,"lower_bound":18.857787685908832,"upper_bound":29.431863057503808},"point_estimate":25.059419187041442,"standard_error":2.7485571313466406},"Slope":{"confidence_interval":{"confidence_level":0.95,"lower_bound":4487.065592060696,"upper_bound":4504.814063729284},"point_estimate":4495.715921410051,"standard_error":4.512335212080988},"StdDev":{"confidence_interval":{"confidence_level":0.95,"lower_bound":26.833492496045896,"upper_bound":48.91242315092986},"point_estimate":38.42178441347583,"standard_error":5.686494436156162}}