{"Mean":{"confidence_interval":{"confidence_level":0.95,"lower_bound":1189.0046655837027,"upper_bound":1193.4080698795635},"point_estimate":1191.069817931442,"standard_error":1.1227385736120223},"Median":{"confidence_interval":{"confidence_level":0.95,"lower_bound":1187.6547174193004,"upper_bound":1190.733351588783},"point_estimate":1188.5653730004128,"standard_error":0.8511138194855894},"MedianAbsDev":{"confidence_interval":{"confidence_level":0.95,"lower_bound":4.798114146288222,"upper_bound":9.174045799356652},"point_estimate":6.766858997933417,"standard_error":1.1067858508709782},"Slope":{"confidence_interval":{"confidence_level":0.95,"lower_bound":1189.7251370770027,"upper_bound":1194.7273544310917},"point_estimate":1192.0745472409194,"standard_error":1.2779537386179656},"StdDev":{"confidence_interval":{"confidence_level":0.95,"lower_bound":7.636274500800627,"upper_bound":14.69264682177209},"point_estimate":11.29481107016023,"standard_error":1.8201237143376159}}