{"Mean":{"confidence_interval":{"confidence_level":0.95,"lower_bound":1180.683048016824,"upper_bound":1190.1105790328393},"point_estimate":1184.890308600469,"standard_error":2.4249092469688556},"Median":{"confidence_interval":{"confidence_level":0.95,"lower_bound":1182.134012974977,"upper_bound":1184.1395891257337},"point_estimate":1183.330088535962,"standard_error":0.500594503166704},"MedianAbsDev":{"confidence_interval":{"confidence_level":0.95,"lower_bound":2.8777988491154853,"upper_bound":5.935892022862474},"point_estimate":3.927085106622123,"standard_error":0.8134729744083633},"Slope":{"confidence_interval":{"confidence_level":0.95,"lower_bound":1183.660977176436,"upper_bound":1187.3799027472176},"point_estimate":1185.3309741035962,"standard_error":0.9497054022901537},"StdDev":{"confidence_interval":{"confidence_level":0.95,"lower_bound":10.521822812559487,"upper_bound":35.26423777865346},"point_estimate":24.401969676401478,"standard_error":6.432369144684122}}