{"Mean":{"confidence_interval":{"confidence_level":0.95,"lower_bound":1210.6822070102567,"upper_bound":1227.5161543195932},"point_estimate":1218.5031309168342,"standard_error":4.308731091817037},"Median":{"confidence_interval":{"confidence_level":0.95,"lower_bound":1196.6085365853658,"upper_bound":1213.6268292682928},"point_estimate":1201.0962195121951,"standard_error":4.490968014077799},"MedianAbsDev":{"confidence_interval":{"confidence_level":0.95,"lower_bound":13.289624213535859,"upper_bound":32.12217169890596},"point_estimate":20.84488320428034,"standard_error":4.760862817432955},"Slope":{"confidence_interval":{"confidence_level":0.95,"lower_bound":1207.1937885340355,"upper_bound":1227.7313323477554},"point_estimate":1216.1658760123555,"standard_error":5.278369668135109},"StdDev":{"confidence_interval":{"confidence_level":0.95,"lower_bound":28.587066538533506,"upper_bound":58.36148067566115},"point_estimate":43.20119204773557,"standard_error":7.920042420691394}}