{"Mean":{"confidence_interval":{"confidence_level":0.95,"lower_bound":127.83328255423325,"upper_bound":128.2376563045895},"point_estimate":128.02027381474852,"standard_error":0.10348828325647587},"Median":{"confidence_interval":{"confidence_level":0.95,"lower_bound":127.61189358026003,"upper_bound":127.82925750597121},"point_estimate":127.71514868028736,"standard_error":0.055621864941458904},"MedianAbsDev":{"confidence_interval":{"confidence_level":0.95,"lower_bound":0.2949594220513407,"upper_bound":0.4836336876971236},"point_estimate":0.3847507807333055,"standard_error":0.04650944385274946},"Slope":{"confidence_interval":{"confidence_level":0.95,"lower_bound":127.76069751817532,"upper_bound":128.1996258657509},"point_estimate":127.95842308237907,"standard_error":0.11254273855016747},"StdDev":{"confidence_interval":{"confidence_level":0.95,"lower_bound":0.6531557818854481,"upper_bound":1.3742408994524498},"point_estimate":1.0396386604620724,"standard_error":0.18454334487935758}}