{"Mean":{"confidence_interval":{"confidence_level":0.95,"lower_bound":64.3681253928011,"upper_bound":66.52403597620702},"point_estimate":65.29750474663274,"standard_error":0.5546016342968102},"Median":{"confidence_interval":{"confidence_level":0.95,"lower_bound":63.619643328222125,"upper_bound":63.748654549197624},"point_estimate":63.686314073253854,"standard_error":0.03639432777069413},"MedianAbsDev":{"confidence_interval":{"confidence_level":0.95,"lower_bound":0.17534665348975645,"upper_bound":0.3196755215846192},"point_estimate":0.2514744064167036,"standard_error":0.03755123692717102},"Slope":{"confidence_interval":{"confidence_level":0.95,"lower_bound":63.78268533554456,"upper_bound":64.14612850357497},"point_estimate":63.9483535297061,"standard_error":0.09332826749995628},"StdDev":{"confidence_interval":{"confidence_level":0.95,"lower_bound":2.4914440147530295,"upper_bound":8.520433319972804},"point_estimate":5.5830012177311765,"standard_error":1.7731926389658743}}