{"Mean":{"confidence_interval":{"confidence_level":0.95,"lower_bound":64.4350489542344,"upper_bound":64.63332820413443},"point_estimate":64.52705994942565,"standard_error":0.05057319923892161},"Median":{"confidence_interval":{"confidence_level":0.95,"lower_bound":64.33432239016481,"upper_bound":64.4166319002621},"point_estimate":64.37355036287076,"standard_error":0.021137379440550493},"MedianAbsDev":{"confidence_interval":{"confidence_level":0.95,"lower_bound":0.1068207124414584,"upper_bound":0.2084656131228404},"point_estimate":0.1560260435432849,"standard_error":0.02683417845830449},"Slope":{"confidence_interval":{"confidence_level":0.95,"lower_bound":64.4138735396081,"upper_bound":64.6618870256095},"point_estimate":64.52633074647184,"standard_error":0.06362689640329973},"StdDev":{"confidence_interval":{"confidence_level":0.95,"lower_bound":0.31377040018418034,"upper_bound":0.685645717962123},"point_estimate":0.5082896755247395,"standard_error":0.09584851011323643}}