{"Mean":{"confidence_interval":{"confidence_level":0.95,"lower_bound":66.46984374034292,"upper_bound":67.24957863638254},"point_estimate":66.81991485438941,"standard_error":0.20067910997610333},"Median":{"confidence_interval":{"confidence_level":0.95,"lower_bound":66.18109297923937,"upper_bound":66.32025524248036},"point_estimate":66.21215509164085,"standard_error":0.032276104244111155},"MedianAbsDev":{"confidence_interval":{"confidence_level":0.95,"lower_bound":0.1542873242430832,"upper_bound":0.2915707771395159},"point_estimate":0.2364951717639905,"standard_error":0.03568394463589197},"Slope":{"confidence_interval":{"confidence_level":0.95,"lower_bound":66.48757830400629,"upper_bound":67.68386497436673},"point_estimate":67.01290890068042,"standard_error":0.3077741845974894},"StdDev":{"confidence_interval":{"confidence_level":0.95,"lower_bound":0.9836375947440597,"upper_bound":2.8198393426110746},"point_estimate":2.0178985189978333,"standard_error":0.47247011057284527}}