{"Mean":{"confidence_interval":{"confidence_level":0.95,"lower_bound":33.00133218678922,"upper_bound":33.19050009569111},"point_estimate":33.0834582513786,"standard_error":0.04860063624397066},"Median":{"confidence_interval":{"confidence_level":0.95,"lower_bound":32.96039595093676,"upper_bound":33.0389465337537},"point_estimate":32.994580620127806,"standard_error":0.022061393789730172},"MedianAbsDev":{"confidence_interval":{"confidence_level":0.95,"lower_bound":0.13494383167193608,"upper_bound":0.2511389328606182},"point_estimate":0.18335646254866161,"standard_error":0.029622454627175044},"Slope":{"confidence_interval":{"confidence_level":0.95,"lower_bound":33.00688741038653,"upper_bound":33.11168285083548},"point_estimate":33.056709976845774,"standard_error":0.02682128675754851},"StdDev":{"confidence_interval":{"confidence_level":0.95,"lower_bound":0.21707143489393074,"upper_bound":0.7451579561501019},"point_estimate":0.48774725699907356,"standard_error":0.14854403169468214}}