{"Mean":{"confidence_interval":{"confidence_level":0.95,"lower_bound":28.661711999182945,"upper_bound":28.80689550032682},"point_estimate":28.72917983209406,"standard_error":0.037250554480158904},"Median":{"confidence_interval":{"confidence_level":0.95,"lower_bound":28.577483146251772,"upper_bound":28.615095461845},"point_estimate":28.59886231672798,"standard_error":0.010991084685860648},"MedianAbsDev":{"confidence_interval":{"confidence_level":0.95,"lower_bound":0.06371629052365925,"upper_bound":0.13684205894358756},"point_estimate":0.10067937209774953,"standard_error":0.019777051515120225},"Slope":{"confidence_interval":{"confidence_level":0.95,"lower_bound":28.751072251274252,"upper_bound":28.98186345980918},"point_estimate":28.861791197359885,"standard_error":0.05913901711809644},"StdDev":{"confidence_interval":{"confidence_level":0.95,"lower_bound":0.23863570426162525,"upper_bound":0.49318212457580823},"point_estimate":0.3744327775507123,"standard_error":0.06521710135958113}}