{"Mean":{"confidence_interval":{"confidence_level":0.95,"lower_bound":1944.7999821724509,"upper_bound":1950.2328883618563},"point_estimate":1947.3448062918778,"standard_error":1.3881161529308095},"Median":{"confidence_interval":{"confidence_level":0.95,"lower_bound":1941.5001002365582,"upper_bound":1945.265817691197},"point_estimate":1943.1731253405096,"standard_error":0.9566670332315113},"MedianAbsDev":{"confidence_interval":{"confidence_level":0.95,"lower_bound":4.160743456864771,"upper_bound":7.84669770479407},"point_estimate":5.020192723013822,"standard_error":0.9584192012326115},"Slope":{"confidence_interval":{"confidence_level":0.95,"lower_bound":1944.110080038048,"upper_bound":1952.1613934077225},"point_estimate":1947.740884966132,"standard_error":2.062952052010938},"StdDev":{"confidence_interval":{"confidence_level":0.95,"lower_bound":9.509427927502204,"upper_bound":17.74498039750682},"point_estimate":13.96687133689753,"standard_error":2.1065014092880956}}