{"Mean":{"confidence_interval":{"confidence_level":0.95,"lower_bound":1948.1786871872682,"upper_bound":1960.074443117946},"point_estimate":1953.8062238516418,"standard_error":3.039857457943457},"Median":{"confidence_interval":{"confidence_level":0.95,"lower_bound":1942.0165472853732,"upper_bound":1951.2783073607427},"point_estimate":1945.8732741617357,"standard_error":2.002911641541636},"MedianAbsDev":{"confidence_interval":{"confidence_level":0.95,"lower_bound":15.481812486937535,"upper_bound":25.005712531922807},"point_estimate":19.94889764057659,"standard_error":2.5752678299029226},"Slope":{"confidence_interval":{"confidence_level":0.95,"lower_bound":1953.2360894899712,"upper_bound":1964.1900712743109},"point_estimate":1958.2888060196995,"standard_error":2.795339146535578},"StdDev":{"confidence_interval":{"confidence_level":0.95,"lower_bound":21.727796765173096,"upper_bound":37.97554726628619},"point_estimate":30.565429943109827,"standard_error":4.145588034795017}}