{"Mean":{"confidence_interval":{"confidence_level":0.95,"lower_bound":72.8915014356914,"upper_bound":74.50360017044925},"point_estimate":73.58482852899824,"standard_error":0.4171518531711643},"Median":{"confidence_interval":{"confidence_level":0.95,"lower_bound":72.55126491359546,"upper_bound":72.76400790868055},"point_estimate":72.63314764950894,"standard_error":0.050092062964678774},"MedianAbsDev":{"confidence_interval":{"confidence_level":0.95,"lower_bound":0.299887821165572,"upper_bound":0.49133349558126765},"point_estimate":0.37024179393507234,"standard_error":0.051217517599787064},"Slope":{"confidence_interval":{"confidence_level":0.95,"lower_bound":72.86634198902148,"upper_bound":74.31416379599135},"point_estimate":73.48936399797395,"standard_error":0.3727354230572952},"StdDev":{"confidence_interval":{"confidence_level":0.95,"lower_bound":1.2865685094903743,"upper_bound":6.426249982360751},"point_estimate":4.203219330486129,"standard_error":1.34209789852215}}