{"Mean":{"confidence_interval":{"confidence_level":0.95,"lower_bound":73.97016682049427,"upper_bound":75.55147464812879},"point_estimate":74.65520797568826,"standard_error":0.4078968909309414},"Median":{"confidence_interval":{"confidence_level":0.95,"lower_bound":73.32578147713446,"upper_bound":74.03748313035925},"point_estimate":73.61262793762606,"standard_error":0.19611812218025312},"MedianAbsDev":{"confidence_interval":{"confidence_level":0.95,"lower_bound":0.8107353221876947,"upper_bound":1.6783601024254686},"point_estimate":1.2912372139312136,"standard_error":0.249048956447572},"Slope":{"confidence_interval":{"confidence_level":0.95,"lower_bound":73.69420899452797,"upper_bound":74.32354304268328},"point_estimate":73.99902246244892,"standard_error":0.16029560453286004},"StdDev":{"confidence_interval":{"confidence_level":0.95,"lower_bound":1.408660398777485,"upper_bound":6.2290208968169445},"point_estimate":4.099139940923744,"standard_error":1.2277635238095372}}