{"Mean":{"confidence_interval":{"confidence_level":0.95,"lower_bound":90.2393382817304,"upper_bound":90.71734363434084},"point_estimate":90.45663763771861,"standard_error":0.1225037771743412},"Median":{"confidence_interval":{"confidence_level":0.95,"lower_bound":90.0011101082186,"upper_bound":90.290115299894},"point_estimate":90.08590673580301,"standard_error":0.07589280155923485},"MedianAbsDev":{"confidence_interval":{"confidence_level":0.95,"lower_bound":0.42183855744242127,"upper_bound":0.7803795061000038},"point_estimate":0.5327346499886915,"standard_error":0.09121597833600087},"Slope":{"confidence_interval":{"confidence_level":0.95,"lower_bound":90.2730602568744,"upper_bound":90.65845355056159},"point_estimate":90.45534352095022,"standard_error":0.09856925697523815},"StdDev":{"confidence_interval":{"confidence_level":0.95,"lower_bound":0.658097973197568,"upper_bound":1.7304848105079544},"point_estimate":1.231184059297953,"standard_error":0.2829354145417595}}