{"Mean":{"confidence_interval":{"confidence_level":0.95,"lower_bound":1956.0111890234923,"upper_bound":1968.3471213459015},"point_estimate":1960.742381350055,"standard_error":3.347147735645487},"Median":{"confidence_interval":{"confidence_level":0.95,"lower_bound":1954.6619773247348,"upper_bound":1957.282851662404},"point_estimate":1955.6349029895225,"standard_error":0.6120253265641923},"MedianAbsDev":{"confidence_interval":{"confidence_level":0.95,"lower_bound":4.6988665117318,"upper_bound":8.70191237530077},"point_estimate":6.836302406628637,"standard_error":0.9837076238215894},"Slope":{"confidence_interval":{"confidence_level":0.95,"lower_bound":1956.6237086499393,"upper_bound":1968.444262861868},"point_estimate":1961.1702977715033,"standard_error":3.1350055145620743},"StdDev":{"confidence_interval":{"confidence_level":0.95,"lower_bound":8.642509670775874,"upper_bound":56.02755115168738},"point_estimate":33.71645109805731,"standard_error":15.996031374260495}}