{"Mean":{"confidence_interval":{"confidence_level":0.95,"lower_bound":251.42600620350765,"upper_bound":253.0354258247352},"point_estimate":252.08310884919666,"standard_error":0.4184129969905726},"Median":{"confidence_interval":{"confidence_level":0.95,"lower_bound":251.0187942612543,"upper_bound":251.31308400016957},"point_estimate":251.15713393969855,"standard_error":0.07486327543700105},"MedianAbsDev":{"confidence_interval":{"confidence_level":0.95,"lower_bound":0.4845017095902987,"upper_bound":0.7995340344093822},"point_estimate":0.634890634734134,"standard_error":0.08006035334562586},"Slope":{"confidence_interval":{"confidence_level":0.95,"lower_bound":251.1896346985304,"upper_bound":254.7444480506714},"point_estimate":252.51159726952181,"standard_error":0.9693692006229403},"StdDev":{"confidence_interval":{"confidence_level":0.95,"lower_bound":1.410469310198182,"upper_bound":6.759724329130803},"point_estimate":4.221911766605149,"standard_error":1.6232421354955964}}