{"Mean":{"confidence_interval":{"confidence_level":0.95,"lower_bound":299.1813621162805,"upper_bound":300.59182197126194},"point_estimate":299.793351993427,"standard_error":0.36388088683762976},"Median":{"confidence_interval":{"confidence_level":0.95,"lower_bound":298.73179054987565,"upper_bound":299.37622271345674},"point_estimate":299.1053443340958,"standard_error":0.16594275091258404},"MedianAbsDev":{"confidence_interval":{"confidence_level":0.95,"lower_bound":0.966390292018694,"upper_bound":1.5743012042997127},"point_estimate":1.288807055238574,"standard_error":0.1541228916590069},"Slope":{"confidence_interval":{"confidence_level":0.95,"lower_bound":299.25954705466745,"upper_bound":300.3971486009673},"point_estimate":299.7860264110247,"standard_error":0.2899891556729256},"StdDev":{"confidence_interval":{"confidence_level":0.95,"lower_bound":1.5407019999969096,"upper_bound":5.575137582867565},"point_estimate":3.648135504565248,"standard_error":1.126318735113759}}