{"Mean":{"confidence_interval":{"confidence_level":0.95,"lower_bound":250.76533804420643,"upper_bound":251.6600457632623},"point_estimate":251.1811608381166,"standard_error":0.22816658728298408},"Median":{"confidence_interval":{"confidence_level":0.95,"lower_bound":250.3959631289394,"upper_bound":250.7102201819264},"point_estimate":250.55459482951557,"standard_error":0.07823449075657532},"MedianAbsDev":{"confidence_interval":{"confidence_level":0.95,"lower_bound":0.6112814734628084,"upper_bound":1.2909386097187272},"point_estimate":0.7990105223685481,"standard_error":0.17638597694711028},"Slope":{"confidence_interval":{"confidence_level":0.95,"lower_bound":250.7387832738097,"upper_bound":251.67374800341668},"point_estimate":251.1685180602702,"standard_error":0.2399469773073613},"StdDev":{"confidence_interval":{"confidence_level":0.95,"lower_bound":1.4941204110725914,"upper_bound":3.0053531517706764},"point_estimate":2.291210882339405,"standard_error":0.38745321888330503}}