{"Mean":{"confidence_interval":{"confidence_level":0.95,"lower_bound":251.6148644869784,"upper_bound":253.15909260634675},"point_estimate":252.31605061699312,"standard_error":0.39650941492161945},"Median":{"confidence_interval":{"confidence_level":0.95,"lower_bound":251.01204508630212,"upper_bound":251.36119678817232},"point_estimate":251.185767343382,"standard_error":0.09236692749185918},"MedianAbsDev":{"confidence_interval":{"confidence_level":0.95,"lower_bound":0.5349568831792887,"upper_bound":0.9773096818590674},"point_estimate":0.7589765721626183,"standard_error":0.11189013941503936},"Slope":{"confidence_interval":{"confidence_level":0.95,"lower_bound":251.31897149961833,"upper_bound":252.96724072982647},"point_estimate":252.0286202240778,"standard_error":0.4258691070484608},"StdDev":{"confidence_interval":{"confidence_level":0.95,"lower_bound":2.202119232989881,"upper_bound":5.418249308940138},"point_estimate":3.9905333493198114,"standard_error":0.8196960580169145}}