{"Mean":{"confidence_interval":{"confidence_level":0.95,"lower_bound":19.89320705493314,"upper_bound":20.46505713196157},"point_estimate":20.17009115555408,"standard_error":0.14621250760216067},"Median":{"confidence_interval":{"confidence_level":0.95,"lower_bound":19.300263220449303,"upper_bound":19.410536892312194},"point_estimate":19.33638711368925,"standard_error":0.027622537762390178},"MedianAbsDev":{"confidence_interval":{"confidence_level":0.95,"lower_bound":0.09088814683781403,"upper_bound":0.2514593971018496},"point_estimate":0.13809610647831197,"standard_error":0.04058496961928949},"Slope":{"confidence_interval":{"confidence_level":0.95,"lower_bound":19.412953808667137,"upper_bound":19.672965756387477},"point_estimate":19.52995555635111,"standard_error":0.06663735863218172},"StdDev":{"confidence_interval":{"confidence_level":0.95,"lower_bound":1.2367122880714876,"upper_bound":1.6404741624806018},"point_estimate":1.470618432513428,"standard_error":0.10342545215486763}}