{"Mean":{"confidence_interval":{"confidence_level":0.95,"lower_bound":1992.4178303587003,"upper_bound":1999.0102830499864},"point_estimate":1995.5278301819735,"standard_error":1.6869456555029598},"Median":{"confidence_interval":{"confidence_level":0.95,"lower_bound":1988.3694121249234,"upper_bound":1991.7068565237578},"point_estimate":1990.2463723517576,"standard_error":0.7762864300267903},"MedianAbsDev":{"confidence_interval":{"confidence_level":0.95,"lower_bound":5.04137072657068,"upper_bound":9.956063088398286},"point_estimate":7.029803800907114,"standard_error":1.2059531842789277},"Slope":{"confidence_interval":{"confidence_level":0.95,"lower_bound":1996.7881029846378,"upper_bound":2005.5056539254385},"point_estimate":2000.9493585125351,"standard_error":2.2231389640540815},"StdDev":{"confidence_interval":{"confidence_level":0.95,"lower_bound":12.152838006715106,"upper_bound":21.009859646626897},"point_estimate":16.921341319522707,"standard_error":2.2681617120995035}}