{"Mean":{"confidence_interval":{"confidence_level":0.95,"lower_bound":1940.4694546280807,"upper_bound":1946.3569599137136},"point_estimate":1943.173280450164,"standard_error":1.5111412608073036},"Median":{"confidence_interval":{"confidence_level":0.95,"lower_bound":1938.2615892655604,"upper_bound":1941.1195874263262},"point_estimate":1939.904322728521,"standard_error":0.7914339400690771},"MedianAbsDev":{"confidence_interval":{"confidence_level":0.95,"lower_bound":4.836344505637205,"upper_bound":8.016389438558466},"point_estimate":6.491772978672616,"standard_error":0.8095157202854714},"Slope":{"confidence_interval":{"confidence_level":0.95,"lower_bound":1941.7236634164374,"upper_bound":1949.5607378693771},"point_estimate":1945.109367057223,"standard_error":2.028324154919318},"StdDev":{"confidence_interval":{"confidence_level":0.95,"lower_bound":9.217005256825162,"upper_bound":20.33996570343827},"point_estimate":15.195499769809679,"standard_error":2.837298831892088}}