{"Mean":{"confidence_interval":{"confidence_level":0.95,"lower_bound":1996.6830197487618,"upper_bound":2006.4994328561497},"point_estimate":2001.054459982645,"standard_error":2.5225408426567055},"Median":{"confidence_interval":{"confidence_level":0.95,"lower_bound":1993.3912634562114,"upper_bound":1996.0337605261539},"point_estimate":1994.9740134680135,"standard_error":0.5980453139505167},"MedianAbsDev":{"confidence_interval":{"confidence_level":0.95,"lower_bound":4.418919804838806,"upper_bound":9.11605066954859},"point_estimate":7.2015480550990105,"standard_error":1.1664435893721055},"Slope":{"confidence_interval":{"confidence_level":0.95,"lower_bound":1995.898014614762,"upper_bound":2005.9916015269766},"point_estimate":2000.4035008276946,"standard_error":2.591025404231182},"StdDev":{"confidence_interval":{"confidence_level":0.95,"lower_bound":12.397425016459735,"upper_bound":37.09950267042862},"point_estimate":25.297787117808223,"standard_error":6.499392723485955}}