{"Mean":{"confidence_interval":{"confidence_level":0.95,"lower_bound":632.7438977444224,"upper_bound":635.6095415043471},"point_estimate":634.079598111014,"standard_error":0.7293638284078328},"Median":{"confidence_interval":{"confidence_level":0.95,"lower_bound":631.5109634461204,"upper_bound":633.5466784621173},"point_estimate":632.5889108616736,"standard_error":0.48826380767305266},"MedianAbsDev":{"confidence_interval":{"confidence_level":0.95,"lower_bound":2.9929036221155054,"upper_bound":5.444010678493626},"point_estimate":3.8678800486888325,"standard_error":0.6216365826477499},"Slope":{"confidence_interval":{"confidence_level":0.95,"lower_bound":631.6003582728969,"upper_bound":637.5935559152028},"point_estimate":634.2658703943194,"standard_error":1.5489605645064992},"StdDev":{"confidence_interval":{"confidence_level":0.95,"lower_bound":4.820252982957327,"upper_bound":9.681777988206354},"point_estimate":7.32851127562785,"standard_error":1.258334964596295}}