{"Mean":{"confidence_interval":{"confidence_level":0.95,"lower_bound":61.65445934884573,"upper_bound":63.54112421593683},"point_estimate":62.48201344956734,"standard_error":0.4864586290050752},"Median":{"confidence_interval":{"confidence_level":0.95,"lower_bound":61.175617914885706,"upper_bound":61.36899708852134},"point_estimate":61.25572188611646,"standard_error":0.05355143831927681},"MedianAbsDev":{"confidence_interval":{"confidence_level":0.95,"lower_bound":0.28617307038408407,"upper_bound":0.5836702264277246},"point_estimate":0.4125186938477742,"standard_error":0.07801591700382988},"Slope":{"confidence_interval":{"confidence_level":0.95,"lower_bound":61.395217492311914,"upper_bound":61.91448654521365},"point_estimate":61.62695690497302,"standard_error":0.1328666089229332},"StdDev":{"confidence_interval":{"confidence_level":0.95,"lower_bound":1.9248897416391142,"upper_bound":7.018926163935855},"point_estimate":4.890085271557197,"standard_error":1.2977465674818782}}