{"Mean":{"confidence_interval":{"confidence_level":0.95,"lower_bound":258.4888310793367,"upper_bound":262.9995429078852},"point_estimate":260.7462075693438,"standard_error":1.1508456801459457},"Median":{"confidence_interval":{"confidence_level":0.95,"lower_bound":250.07063224841002,"upper_bound":270.9681290931291},"point_estimate":263.7338429544312,"standard_error":8.91616462190768},"MedianAbsDev":{"confidence_interval":{"confidence_level":0.95,"lower_bound":2.0854854763254975,"upper_bound":18.13962547301189},"point_estimate":18.13962547301189,"standard_error":4.9342069619616895},"Slope":{"confidence_interval":{"confidence_level":0.95,"lower_bound":257.98384667186883,"upper_bound":263.93644419421895},"point_estimate":260.96462258089565,"standard_error":1.522500697283509},"StdDev":{"confidence_interval":{"confidence_level":0.95,"lower_bound":11.022156496455016,"upper_bound":11.89326240234238},"point_estimate":11.501088000324243,"standard_error":0.2220554428064411}}