{"Mean":{"confidence_interval":{"confidence_level":0.95,"lower_bound":21.201798727919257,"upper_bound":21.312360314596123},"point_estimate":21.2496981878639,"standard_error":0.028524053202982822},"Median":{"confidence_interval":{"confidence_level":0.95,"lower_bound":21.17654097212864,"upper_bound":21.20985705356845},"point_estimate":21.187650192971695,"standard_error":0.007502553055715154},"MedianAbsDev":{"confidence_interval":{"confidence_level":0.95,"lower_bound":0.04929833874346646,"upper_bound":0.08387752704181371},"point_estimate":0.06611649520429211,"standard_error":0.00934925390814326},"Slope":{"confidence_interval":{"confidence_level":0.95,"lower_bound":21.201094438378927,"upper_bound":21.338195225970225},"point_estimate":21.255951798917266,"standard_error":0.036053498608812386},"StdDev":{"confidence_interval":{"confidence_level":0.95,"lower_bound":0.09802319063966866,"upper_bound":0.4302831664173774},"point_estimate":0.28655419805115256,"standard_error":0.08705516213475561}}