{"Mean":{"confidence_interval":{"confidence_level":0.95,"lower_bound":698.495389031598,"upper_bound":701.1634559265977},"point_estimate":699.7801121530733,"standard_error":0.6820403053305495},"Median":{"confidence_interval":{"confidence_level":0.95,"lower_bound":697.0287942763313,"upper_bound":700.0271459283063},"point_estimate":698.7107335953725,"standard_error":0.7265657425658796},"MedianAbsDev":{"confidence_interval":{"confidence_level":0.95,"lower_bound":4.356243060350718,"upper_bound":7.505702106654057},"point_estimate":5.992400294215631,"standard_error":0.7784335928375938},"Slope":{"confidence_interval":{"confidence_level":0.95,"lower_bound":698.1665436243844,"upper_bound":701.0212761671181},"point_estimate":699.5935995554033,"standard_error":0.7289011386617688},"StdDev":{"confidence_interval":{"confidence_level":0.95,"lower_bound":5.2132782055376365,"upper_bound":8.727225885817159},"point_estimate":6.848806212683946,"standard_error":0.9338895216102469}}