{"Mean":{"confidence_interval":{"confidence_level":0.95,"lower_bound":859.6426018690013,"upper_bound":867.0199804828458},"point_estimate":862.8544359205288,"standard_error":1.9047113247011127},"Median":{"confidence_interval":{"confidence_level":0.95,"lower_bound":857.0711448690561,"upper_bound":860.4176022628372},"point_estimate":858.5048098709872,"standard_error":0.8600115803210152},"MedianAbsDev":{"confidence_interval":{"confidence_level":0.95,"lower_bound":6.159484681488313,"upper_bound":11.40970997872794},"point_estimate":8.364176887011597,"standard_error":1.318368344734612},"Slope":{"confidence_interval":{"confidence_level":0.95,"lower_bound":858.4034893813056,"upper_bound":864.4226962600162},"point_estimate":861.266532804015,"standard_error":1.5369609559097979},"StdDev":{"confidence_interval":{"confidence_level":0.95,"lower_bound":8.32071865270991,"upper_bound":29.185727870852446},"point_estimate":19.11501194151942,"standard_error":5.8468571836306245}}