{"Mean":{"confidence_interval":{"confidence_level":0.95,"lower_bound":4245.9265197315135,"upper_bound":4288.715457239056},"point_estimate":4263.815219097517,"standard_error":11.13318977050104},"Median":{"confidence_interval":{"confidence_level":0.95,"lower_bound":4230.6626743139905,"upper_bound":4239.710310612597},"point_estimate":4233.122907973258,"standard_error":2.2219267989463267},"MedianAbsDev":{"confidence_interval":{"confidence_level":0.95,"lower_bound":12.261356586522018,"upper_bound":25.00623934396589},"point_estimate":17.332919307301538,"standard_error":3.4402698018947704},"Slope":{"confidence_interval":{"confidence_level":0.95,"lower_bound":4232.385353194009,"upper_bound":4252.934022694543},"point_estimate":4241.546319004249,"standard_error":5.295224135332649},"StdDev":{"confidence_interval":{"confidence_level":0.95,"lower_bound":42.439278072996196,"upper_bound":176.4798986526984},"point_estimate":111.7891188081169,"standard_error":40.814440227364635}}