{"Mean":{"confidence_interval":{"confidence_level":0.95,"lower_bound":4274.703623812918,"upper_bound":4345.383958717309},"point_estimate":4300.748490210812,"standard_error":19.603071545220335},"Median":{"confidence_interval":{"confidence_level":0.95,"lower_bound":4266.5749096986365,"upper_bound":4272.764528048371},"point_estimate":4269.599682886255,"standard_error":1.389474635161049},"MedianAbsDev":{"confidence_interval":{"confidence_level":0.95,"lower_bound":11.27321311518319,"upper_bound":19.523822035709586},"point_estimate":14.784518927864118,"standard_error":2.2177632696342675},"Slope":{"confidence_interval":{"confidence_level":0.95,"lower_bound":4280.225987698053,"upper_bound":4298.928123347951},"point_estimate":4288.916098624006,"standard_error":4.780222492137945},"StdDev":{"confidence_interval":{"confidence_level":0.95,"lower_bound":28.904746566504695,"upper_bound":332.0460660956217},"point_estimate":196.98841647737476,"standard_error":100.75538819491788}}