{"Mean":{"confidence_interval":{"confidence_level":0.95,"lower_bound":283.42833490066016,"upper_bound":288.1534262303227},"point_estimate":285.29700145572576,"standard_error":1.2534807385482396},"Median":{"confidence_interval":{"confidence_level":0.95,"lower_bound":282.2479807141758,"upper_bound":283.272017366136},"point_estimate":282.79869519900114,"standard_error":0.2512109294092195},"MedianAbsDev":{"confidence_interval":{"confidence_level":0.95,"lower_bound":1.4048412725037476,"upper_bound":2.5684119730096007},"point_estimate":2.0715839695369858,"standard_error":0.2982456316129474},"Slope":{"confidence_interval":{"confidence_level":0.95,"lower_bound":283.19757071477085,"upper_bound":285.1747662355879},"point_estimate":284.1066564550833,"standard_error":0.5067556424125917},"StdDev":{"confidence_interval":{"confidence_level":0.95,"lower_bound":3.589935485563947,"upper_bound":20.617784277688553},"point_estimate":12.60347133962779,"standard_error":5.48026226549452}}