{"Mean":{"confidence_interval":{"confidence_level":0.95,"lower_bound":280.43230718033647,"upper_bound":282.68762308693135},"point_estimate":281.44875061258705,"standard_error":0.5807691030024615},"Median":{"confidence_interval":{"confidence_level":0.95,"lower_bound":279.2564467508959,"upper_bound":280.3357935830182},"point_estimate":279.55760254858086,"standard_error":0.2812775259886022},"MedianAbsDev":{"confidence_interval":{"confidence_level":0.95,"lower_bound":1.3224948368501943,"upper_bound":2.427506853337086},"point_estimate":1.6401035080879327,"standard_error":0.2713609293479249},"Slope":{"confidence_interval":{"confidence_level":0.95,"lower_bound":281.45131942770394,"upper_bound":284.86329606581955},"point_estimate":283.0123949580168,"standard_error":0.8733576802324454},"StdDev":{"confidence_interval":{"confidence_level":0.95,"lower_bound":3.2069485311188837,"upper_bound":8.523847506120093},"point_estimate":5.846609252115985,"standard_error":1.5116593532841964}}