{"Mean":{"confidence_interval":{"confidence_level":0.95,"lower_bound":127.59602161735941,"upper_bound":129.83071763885866},"point_estimate":128.58527152380825,"standard_error":0.575142908729492},"Median":{"confidence_interval":{"confidence_level":0.95,"lower_bound":127.00332909480719,"upper_bound":127.28979034447238},"point_estimate":127.10207534672168,"standard_error":0.0654120526486949},"MedianAbsDev":{"confidence_interval":{"confidence_level":0.95,"lower_bound":0.366388001291556,"upper_bound":0.5996974291340059},"point_estimate":0.45312615567122855,"standard_error":0.05914569670058368},"Slope":{"confidence_interval":{"confidence_level":0.95,"lower_bound":127.85456244036364,"upper_bound":133.33919202731974},"point_estimate":130.33542784914061,"standard_error":1.4249268296743274},"StdDev":{"confidence_interval":{"confidence_level":0.95,"lower_bound":2.31533820604053,"upper_bound":8.350671604679295},"point_estimate":5.778838819947094,"standard_error":1.5169573213988679}}