{"Mean":{"confidence_interval":{"confidence_level":0.95,"lower_bound":121.51442519411931,"upper_bound":122.1782189759362},"point_estimate":121.82850576676601,"standard_error":0.16947805975361244},"Median":{"confidence_interval":{"confidence_level":0.95,"lower_bound":121.16402103360447,"upper_bound":121.81716635505029},"point_estimate":121.4839220791225,"standard_error":0.16699347723358648},"MedianAbsDev":{"confidence_interval":{"confidence_level":0.95,"lower_bound":0.9577813877285476,"upper_bound":1.5879137074124652},"point_estimate":1.2517320660338502,"standard_error":0.1776239203478004},"Slope":{"confidence_interval":{"confidence_level":0.95,"lower_bound":121.75200207066389,"upper_bound":122.34402889238086},"point_estimate":122.0287039890661,"standard_error":0.15059622448110804},"StdDev":{"confidence_interval":{"confidence_level":0.95,"lower_bound":1.234625098881682,"upper_bound":2.1710746559705845},"point_estimate":1.7023378383727812,"standard_error":0.24237498848272954}}