{"Mean":{"confidence_interval":{"confidence_level":0.95,"lower_bound":66.75026825618228,"upper_bound":67.1849202041022},"point_estimate":66.94089130119504,"standard_error":0.11150828698682747},"Median":{"confidence_interval":{"confidence_level":0.95,"lower_bound":66.61828456548182,"upper_bound":66.71634279483484},"point_estimate":66.66792953237999,"standard_error":0.022611391604000875},"MedianAbsDev":{"confidence_interval":{"confidence_level":0.95,"lower_bound":0.17556589148596433,"upper_bound":0.36146152703721673},"point_estimate":0.2502945558520861,"standard_error":0.04920275734723573},"Slope":{"confidence_interval":{"confidence_level":0.95,"lower_bound":66.83047020014692,"upper_bound":67.4678047743869},"point_estimate":67.10807576950808,"standard_error":0.1641194848972388},"StdDev":{"confidence_interval":{"confidence_level":0.95,"lower_bound":0.4837260899573942,"upper_bound":1.6567651476263021},"point_estimate":1.1179572982217054,"standard_error":0.31077460651206756}}