{"Mean":{"confidence_interval":{"confidence_level":0.95,"lower_bound":4203.152791950923,"upper_bound":4225.5530218422955},"point_estimate":4213.888240646749,"standard_error":5.72969418786334},"Median":{"confidence_interval":{"confidence_level":0.95,"lower_bound":4187.818258303262,"upper_bound":4203.11686249603},"point_estimate":4191.257198962861,"standard_error":4.110569247748577},"MedianAbsDev":{"confidence_interval":{"confidence_level":0.95,"lower_bound":21.27720590195274,"upper_bound":44.34068707262012},"point_estimate":27.75264398462759,"standard_error":5.972677830374477},"Slope":{"confidence_interval":{"confidence_level":0.95,"lower_bound":4205.808899068518,"upper_bound":4235.2973550325105},"point_estimate":4219.696699213015,"standard_error":7.5351759181634295},"StdDev":{"confidence_interval":{"confidence_level":0.95,"lower_bound":42.90709226543006,"upper_bound":71.36459583509651},"point_estimate":57.57104921520817,"standard_error":7.297739654624091}}