{"Mean":{"confidence_interval":{"confidence_level":0.95,"lower_bound":4283.277801546574,"upper_bound":4308.246831271209},"point_estimate":4294.276113880365,"standard_error":6.436148129960404},"Median":{"confidence_interval":{"confidence_level":0.95,"lower_bound":4275.773211288885,"upper_bound":4283.9752525252525},"point_estimate":4279.132322902871,"standard_error":2.11609517638606},"MedianAbsDev":{"confidence_interval":{"confidence_level":0.95,"lower_bound":11.870069933681298,"upper_bound":20.213476487874836},"point_estimate":15.698591550593306,"standard_error":2.130146021203275},"Slope":{"confidence_interval":{"confidence_level":0.95,"lower_bound":4284.333347035617,"upper_bound":4307.856887545747},"point_estimate":4294.452416226697,"standard_error":6.072730283341572},"StdDev":{"confidence_interval":{"confidence_level":0.95,"lower_bound":30.516002845229867,"upper_bound":96.52168671507611},"point_estimate":64.67936757307135,"standard_error":18.174639257508122}}