{"Mean":{"confidence_interval":{"confidence_level":0.95,"lower_bound":20.13979359368762,"upper_bound":20.388333464793316},"point_estimate":20.236579654684117,"standard_error":0.06629046667204551},"Median":{"confidence_interval":{"confidence_level":0.95,"lower_bound":20.105773215778104,"upper_bound":20.136344968432528},"point_estimate":20.116720176359433,"standard_error":0.008318260333109938},"MedianAbsDev":{"confidence_interval":{"confidence_level":0.95,"lower_bound":0.04464775555160793,"upper_bound":0.08071917195258922},"point_estimate":0.05848913917854075,"standard_error":0.00976434936039098},"Slope":{"confidence_interval":{"confidence_level":0.95,"lower_bound":20.164472471677794,"upper_bound":20.556170476646525},"point_estimate":20.316918334970637,"standard_error":0.10404350165120452},"StdDev":{"confidence_interval":{"confidence_level":0.95,"lower_bound":0.12365738527706431,"upper_bound":1.0995867267258852},"point_estimate":0.6657706506296205,"standard_error":0.2984812091881584}}