{"Mean":{"confidence_interval":{"confidence_level":0.95,"lower_bound":983.6706461408081,"upper_bound":988.8418438852171},"point_estimate":986.1148775633133,"standard_error":1.3228765370683881},"Median":{"confidence_interval":{"confidence_level":0.95,"lower_bound":981.4829825347067,"upper_bound":985.0464673575273},"point_estimate":983.9075784011366,"standard_error":0.8552359937978481},"MedianAbsDev":{"confidence_interval":{"confidence_level":0.95,"lower_bound":6.149855580344446,"upper_bound":13.16213478131462},"point_estimate":9.573453371973446,"standard_error":1.8157155513316605},"Slope":{"confidence_interval":{"confidence_level":0.95,"lower_bound":980.6018507411147,"upper_bound":988.8878265842442},"point_estimate":984.0586365754831,"standard_error":2.152611261499074},"StdDev":{"confidence_interval":{"confidence_level":0.95,"lower_bound":9.327779273162351,"upper_bound":17.161830804933317},"point_estimate":13.261113762007486,"standard_error":2.0378901627460406}}