{"Mean":{"confidence_interval":{"confidence_level":0.95,"lower_bound":1005.6419148521491,"upper_bound":1018.976642730203},"point_estimate":1011.5343943579468,"standard_error":3.429781209063151},"Median":{"confidence_interval":{"confidence_level":0.95,"lower_bound":1001.6922999659516,"upper_bound":1005.8607180039062},"point_estimate":1003.4437977985077,"standard_error":1.0655851240553587},"MedianAbsDev":{"confidence_interval":{"confidence_level":0.95,"lower_bound":6.57843721828601,"upper_bound":10.583885100652573},"point_estimate":8.141984399183796,"standard_error":0.9752686771946529},"Slope":{"confidence_interval":{"confidence_level":0.95,"lower_bound":1005.1040889368255,"upper_bound":1030.007995056102},"point_estimate":1015.918184018972,"standard_error":6.41724944301978},"StdDev":{"confidence_interval":{"confidence_level":0.95,"lower_bound":14.319327927445634,"upper_bound":50.17022394119763},"point_estimate":34.39073111301439,"standard_error":9.100499311071363}}