{"Mean":{"confidence_interval":{"confidence_level":0.95,"lower_bound":904.7474643880923,"upper_bound":910.2178240297884},"point_estimate":907.3265185038965,"standard_error":1.394542003235744},"Median":{"confidence_interval":{"confidence_level":0.95,"lower_bound":901.7561106634435,"upper_bound":905.763033992897},"point_estimate":904.2645865043125,"standard_error":1.083950110857735},"MedianAbsDev":{"confidence_interval":{"confidence_level":0.95,"lower_bound":5.566701912622841,"upper_bound":10.795310557618475},"point_estimate":8.123580389757114,"standard_error":1.2609581412859128},"Slope":{"confidence_interval":{"confidence_level":0.95,"lower_bound":903.1926827660857,"upper_bound":907.7006478482386},"point_estimate":905.3452357013252,"standard_error":1.149429630473375},"StdDev":{"confidence_interval":{"confidence_level":0.95,"lower_bound":9.224995482376958,"upper_bound":18.696745281605978},"point_estimate":13.980164773116178,"standard_error":2.4797611994817315}}