{"Mean":{"confidence_interval":{"confidence_level":0.95,"lower_bound":44.623025155553044,"upper_bound":45.40743492913506},"point_estimate":44.97079801197239,"standard_error":0.2015470712177204},"Median":{"confidence_interval":{"confidence_level":0.95,"lower_bound":44.29078377363413,"upper_bound":44.8334060277749},"point_estimate":44.5546793550387,"standard_error":0.11801180097378611},"MedianAbsDev":{"confidence_interval":{"confidence_level":0.95,"lower_bound":0.8675439166863214,"upper_bound":1.2656352567308133},"point_estimate":1.11563356561846,"standard_error":0.10232328996389614},"Slope":{"confidence_interval":{"confidence_level":0.95,"lower_bound":44.47232570956414,"upper_bound":45.0892973590684},"point_estimate":44.760896365024365,"standard_error":0.15789803726321155},"StdDev":{"confidence_interval":{"confidence_level":0.95,"lower_bound":1.0554211686675476,"upper_bound":3.015545209277875},"point_estimate":2.0300634470818255,"standard_error":0.5614968599693537}}