{"Mean":{"confidence_interval":{"confidence_level":0.95,"lower_bound":44.89047384457906,"upper_bound":45.53527523488836},"point_estimate":45.1722404883743,"standard_error":0.16581247754718076},"Median":{"confidence_interval":{"confidence_level":0.95,"lower_bound":44.73839146856254,"upper_bound":44.841960629035455},"point_estimate":44.764911966693845,"standard_error":0.024445536046014845},"MedianAbsDev":{"confidence_interval":{"confidence_level":0.95,"lower_bound":0.18291416675033037,"upper_bound":0.3153515782957192},"point_estimate":0.2383617482712344,"standard_error":0.03426319411352806},"Slope":{"confidence_interval":{"confidence_level":0.95,"lower_bound":44.95985900436145,"upper_bound":45.57124165811901},"point_estimate":45.21116833180299,"standard_error":0.1592101131832882},"StdDev":{"confidence_interval":{"confidence_level":0.95,"lower_bound":0.6423947503973463,"upper_bound":2.4644856856445227},"point_estimate":1.6721702448534563,"standard_error":0.47359681509242807}}