{"Mean":{"confidence_interval":{"confidence_level":0.95,"lower_bound":4169.475784104279,"upper_bound":4218.424418388976},"point_estimate":4187.772446765899,"standard_error":13.308227843496871},"Median":{"confidence_interval":{"confidence_level":0.95,"lower_bound":4164.020926789548,"upper_bound":4169.415612080119},"point_estimate":4166.168724855264,"standard_error":1.540328188670329},"MedianAbsDev":{"confidence_interval":{"confidence_level":0.95,"lower_bound":8.255549794660185,"upper_bound":14.771553552053453},"point_estimate":10.82263858806688,"standard_error":1.6689582630461715},"Slope":{"confidence_interval":{"confidence_level":0.95,"lower_bound":4169.895088321085,"upper_bound":4178.76612982323},"point_estimate":4174.001941102858,"standard_error":2.274415784565114},"StdDev":{"confidence_interval":{"confidence_level":0.95,"lower_bound":19.42896947549926,"upper_bound":223.88249490800396},"point_estimate":133.66051301869226,"standard_error":65.12232977419949}}