{"Mean":{"confidence_interval":{"confidence_level":0.95,"lower_bound":4161.908487085394,"upper_bound":4178.146480503975},"point_estimate":4168.893076298215,"standard_error":4.182549754441018},"Median":{"confidence_interval":{"confidence_level":0.95,"lower_bound":4157.596037424326,"upper_bound":4163.697542026656},"point_estimate":4160.31497710746,"standard_error":1.6340554261077564},"MedianAbsDev":{"confidence_interval":{"confidence_level":0.95,"lower_bound":8.339072227609181,"upper_bound":16.37817897431204},"point_estimate":10.847781836500221,"standard_error":1.957723665146167},"Slope":{"confidence_interval":{"confidence_level":0.95,"lower_bound":4164.434735949085,"upper_bound":4173.954698138381},"point_estimate":4168.968394922243,"standard_error":2.4207584320304294},"StdDev":{"confidence_interval":{"confidence_level":0.95,"lower_bound":18.545021803518168,"upper_bound":64.58888836749243},"point_estimate":42.06426681424357,"standard_error":13.429007261156658}}