{"Mean":{"confidence_interval":{"confidence_level":0.95,"lower_bound":3388.6086102776076,"upper_bound":3401.8719527602516},"point_estimate":3394.760523818897,"standard_error":3.3897979291983726},"Median":{"confidence_interval":{"confidence_level":0.95,"lower_bound":3382.977489587204,"upper_bound":3388.924077500609},"point_estimate":3386.8648262752317,"standard_error":1.403533723216211},"MedianAbsDev":{"confidence_interval":{"confidence_level":0.95,"lower_bound":9.404827646285941,"upper_bound":15.794084562990271},"point_estimate":11.792337233247114,"standard_error":1.660794527472819},"Slope":{"confidence_interval":{"confidence_level":0.95,"lower_bound":3389.3542812760306,"upper_bound":3409.128518932001},"point_estimate":3398.275461799911,"standard_error":5.080987629784578},"StdDev":{"confidence_interval":{"confidence_level":0.95,"lower_bound":21.40050213310836,"upper_bound":45.14551366946386},"point_estimate":34.177497878420226,"standard_error":6.072240739748929}}