{"Mean":{"confidence_interval":{"confidence_level":0.95,"lower_bound":3398.3413953387317,"upper_bound":3457.264685143189},"point_estimate":3424.712537914733,"standard_error":15.106644849591182},"Median":{"confidence_interval":{"confidence_level":0.95,"lower_bound":3380.645383509969,"upper_bound":3385.6366162847394},"point_estimate":3381.9777707921685,"standard_error":1.209911227024175},"MedianAbsDev":{"confidence_interval":{"confidence_level":0.95,"lower_bound":8.549324034452283,"upper_bound":15.928504589798889},"point_estimate":11.198893464778632,"standard_error":1.8383154535173978},"Slope":{"confidence_interval":{"confidence_level":0.95,"lower_bound":3417.9299877810545,"upper_bound":3526.770817655982},"point_estimate":3468.4379423935975,"standard_error":27.887576194287487},"StdDev":{"confidence_interval":{"confidence_level":0.95,"lower_bound":78.32431390180903,"upper_bound":206.38793722822868},"point_estimate":151.22447286148562,"standard_error":32.567483550374284}}