{"Mean":{"confidence_interval":{"confidence_level":0.95,"lower_bound":3387.4134967372056,"upper_bound":3420.6778807864475},"point_estimate":3401.859468860275,"standard_error":8.583385966577232},"Median":{"confidence_interval":{"confidence_level":0.95,"lower_bound":3376.798923679061,"upper_bound":3382.061558038553},"point_estimate":3379.8388346991196,"standard_error":1.552259568470511},"MedianAbsDev":{"confidence_interval":{"confidence_level":0.95,"lower_bound":8.412187946077239,"upper_bound":15.012131213266157},"point_estimate":11.339336985225128,"standard_error":1.701912432232563},"Slope":{"confidence_interval":{"confidence_level":0.95,"lower_bound":3392.472211226112,"upper_bound":3467.6584600338665},"point_estimate":3425.238262417736,"standard_error":19.434630699816562},"StdDev":{"confidence_interval":{"confidence_level":0.95,"lower_bound":30.801066508074662,"upper_bound":128.1302942519367},"point_estimate":86.67250087504563,"standard_error":25.703058380290997}}