{"Mean":{"confidence_interval":{"confidence_level":0.95,"lower_bound":5.741298520077899,"upper_bound":5.760654144742409},"point_estimate":5.750244735531916,"standard_error":0.004954331886964777},"Median":{"confidence_interval":{"confidence_level":0.95,"lower_bound":5.729950866623563,"upper_bound":5.747070086070613},"point_estimate":5.739829256869475,"standard_error":0.0038901942874010388},"MedianAbsDev":{"confidence_interval":{"confidence_level":0.95,"lower_bound":0.019342229159178374,"upper_bound":0.03405622959601907},"point_estimate":0.026955832831799795,"standard_error":0.0035287376609497243},"Slope":{"confidence_interval":{"confidence_level":0.95,"lower_bound":5.737968413495316,"upper_bound":5.7568482991306364},"point_estimate":5.746245609963863,"standard_error":0.004841531384195168},"StdDev":{"confidence_interval":{"confidence_level":0.95,"lower_bound":0.03002307849940226,"upper_bound":0.06747297852173059},"point_estimate":0.04984576125842775,"standard_error":0.009651402194441076}}