{"Mean":{"confidence_interval":{"confidence_level":0.95,"lower_bound":53.59014056349111,"upper_bound":54.11697000300752},"point_estimate":53.79076206593079,"standard_error":0.14161593276939655},"Median":{"confidence_interval":{"confidence_level":0.95,"lower_bound":53.502066803983986,"upper_bound":53.57541533138949},"point_estimate":53.54509766079926,"standard_error":0.019875429929608675},"MedianAbsDev":{"confidence_interval":{"confidence_level":0.95,"lower_bound":0.12210606764262551,"upper_bound":0.21078142593049617},"point_estimate":0.16666396550561388,"standard_error":0.022553052822972326},"Slope":{"confidence_interval":{"confidence_level":0.95,"lower_bound":53.58819317371119,"upper_bound":54.221901143964494},"point_estimate":53.84915873264262,"standard_error":0.16628692557043698},"StdDev":{"confidence_interval":{"confidence_level":0.95,"lower_bound":0.26877367197191776,"upper_bound":2.3713514539302065},"point_estimate":1.425028489731862,"standard_error":0.6679292792906444}}