{"Mean":{"confidence_interval":{"confidence_level":0.95,"lower_bound":35.10194282765314,"upper_bound":35.33572419970927},"point_estimate":35.20356989608855,"standard_error":0.06022754438315533},"Median":{"confidence_interval":{"confidence_level":0.95,"lower_bound":35.055960291822146,"upper_bound":35.109839594127564},"point_estimate":35.08653794490914,"standard_error":0.014068821648632403},"MedianAbsDev":{"confidence_interval":{"confidence_level":0.95,"lower_bound":0.08030201370764505,"upper_bound":0.13494720884790487},"point_estimate":0.10427438169085097,"standard_error":0.014077696182736707},"Slope":{"confidence_interval":{"confidence_level":0.95,"lower_bound":35.13175658706825,"upper_bound":35.405178470989235},"point_estimate":35.25635348818186,"standard_error":0.07032663408948228},"StdDev":{"confidence_interval":{"confidence_level":0.95,"lower_bound":0.25784184280519934,"upper_bound":0.9153321528188184},"point_estimate":0.6046376944399834,"standard_error":0.17967854396809704}}