{"Mean":{"confidence_interval":{"confidence_level":0.95,"lower_bound":35.14825802227194,"upper_bound":35.22797346964588},"point_estimate":35.18504946017571,"standard_error":0.020436771693454533},"Median":{"confidence_interval":{"confidence_level":0.95,"lower_bound":35.13411542429135,"upper_bound":35.163877217958955},"point_estimate":35.14889080253558,"standard_error":0.006933153857227998},"MedianAbsDev":{"confidence_interval":{"confidence_level":0.95,"lower_bound":0.06044138004164895,"upper_bound":0.11119381059319068},"point_estimate":0.08451356188653376,"standard_error":0.013327859741210342},"Slope":{"confidence_interval":{"confidence_level":0.95,"lower_bound":35.172539185617694,"upper_bound":35.284092706146396},"point_estimate":35.224403547598946,"standard_error":0.028623118504847025},"StdDev":{"confidence_interval":{"confidence_level":0.95,"lower_bound":0.12675572306717467,"upper_bound":0.2749617163627047},"point_estimate":0.20497263887869877,"standard_error":0.038036225520202506}}