{"Mean":{"confidence_interval":{"confidence_level":0.95,"lower_bound":3841.4859083764736,"upper_bound":3863.3417721560277},"point_estimate":3851.160576956345,"standard_error":5.625950779518692},"Median":{"confidence_interval":{"confidence_level":0.95,"lower_bound":3833.8831676136365,"upper_bound":3839.0844983552633},"point_estimate":3835.986331271818,"standard_error":1.382684026994679},"MedianAbsDev":{"confidence_interval":{"confidence_level":0.95,"lower_bound":7.9725861663785915,"upper_bound":13.285473326836083},"point_estimate":10.240075578012545,"standard_error":1.3551120956532043},"Slope":{"confidence_interval":{"confidence_level":0.95,"lower_bound":3843.5127214489185,"upper_bound":3865.124531588968},"point_estimate":3853.603494913274,"standard_error":5.500051344208936},"StdDev":{"confidence_interval":{"confidence_level":0.95,"lower_bound":23.98213214249945,"upper_bound":84.19573224141688},"point_estimate":56.861592403282515,"standard_error":15.773694485725548}}