{"Mean":{"confidence_interval":{"confidence_level":0.95,"lower_bound":3893.298319699041,"upper_bound":3912.8784598726593},"point_estimate":3902.528234640839,"standard_error":4.970795109928837},"Median":{"confidence_interval":{"confidence_level":0.95,"lower_bound":3883.9743083003955,"upper_bound":3901.783259118427},"point_estimate":3891.7987456082565,"standard_error":5.052131040660007},"MedianAbsDev":{"confidence_interval":{"confidence_level":0.95,"lower_bound":26.08944050304264,"upper_bound":45.08055734664872},"point_estimate":37.28988684785371,"standard_error":4.853564451078},"Slope":{"confidence_interval":{"confidence_level":0.95,"lower_bound":3890.4011474838044,"upper_bound":3916.027090258891},"point_estimate":3902.244500251453,"standard_error":6.54775307070174},"StdDev":{"confidence_interval":{"confidence_level":0.95,"lower_bound":35.376917435447915,"upper_bound":63.47694046907246},"point_estimate":50.026677093653646,"standard_error":7.197806667334042}}