{"Mean":{"confidence_interval":{"confidence_level":0.95,"lower_bound":3846.357479039155,"upper_bound":3864.032837895358},"point_estimate":3854.3492849282843,"standard_error":4.526055915097144},"Median":{"confidence_interval":{"confidence_level":0.95,"lower_bound":3840.6057569483655,"upper_bound":3845.9084879748107},"point_estimate":3843.6900456065673,"standard_error":1.4069793707560214},"MedianAbsDev":{"confidence_interval":{"confidence_level":0.95,"lower_bound":11.097074467794249,"upper_bound":17.48372879152567},"point_estimate":14.408487641681445,"standard_error":1.6119523748521547},"Slope":{"confidence_interval":{"confidence_level":0.95,"lower_bound":3845.8617881054497,"upper_bound":3864.8525443550416},"point_estimate":3854.413737943554,"standard_error":4.888841088114432},"StdDev":{"confidence_interval":{"confidence_level":0.95,"lower_bound":24.79579284136124,"upper_bound":64.76896093599159},"point_estimate":45.47902015699524,"standard_error":10.4693770143821}}