{"Mean":{"confidence_interval":{"confidence_level":0.95,"lower_bound":123.44758691020678,"upper_bound":125.04191607320978},"point_estimate":124.14240528291428,"standard_error":0.4073556292401327},"Median":{"confidence_interval":{"confidence_level":0.95,"lower_bound":123.13354856492816,"upper_bound":123.44538239691805},"point_estimate":123.25393400036484,"standard_error":0.08230472571279636},"MedianAbsDev":{"confidence_interval":{"confidence_level":0.95,"lower_bound":0.4940340631072183,"upper_bound":0.8073973987377577},"point_estimate":0.65024929553484,"standard_error":0.07933961099849049},"Slope":{"confidence_interval":{"confidence_level":0.95,"lower_bound":123.36921384363673,"upper_bound":126.65546009485114},"point_estimate":124.86033650167597,"standard_error":0.8338345873154516},"StdDev":{"confidence_interval":{"confidence_level":0.95,"lower_bound":0.9026045000803375,"upper_bound":6.00137242270144},"point_estimate":4.086785116427151,"standard_error":1.169116199543701}}