{"Mean":{"confidence_interval":{"confidence_level":0.95,"lower_bound":219.16843020370501,"upper_bound":220.6619963386968},"point_estimate":219.85342472756838,"standard_error":0.38182146463223404},"Median":{"confidence_interval":{"confidence_level":0.95,"lower_bound":218.47747447847314,"upper_bound":218.79850320874925},"point_estimate":218.69023091771848,"standard_error":0.08940448371610094},"MedianAbsDev":{"confidence_interval":{"confidence_level":0.95,"lower_bound":0.524665064478081,"upper_bound":0.988904523953305},"point_estimate":0.7912405144408658,"standard_error":0.12595150933586785},"Slope":{"confidence_interval":{"confidence_level":0.95,"lower_bound":219.19004291416155,"upper_bound":220.6986653826732},"point_estimate":219.8731594082953,"standard_error":0.38561649615654514},"StdDev":{"confidence_interval":{"confidence_level":0.95,"lower_bound":2.357540820448275,"upper_bound":5.065847330801379},"point_estimate":3.8289618137441948,"standard_error":0.6904135895907824}}