{"Mean":{"confidence_interval":{"confidence_level":0.95,"lower_bound":4280.863501890697,"upper_bound":4318.560878130051},"point_estimate":4297.229864674405,"standard_error":9.717542567436304},"Median":{"confidence_interval":{"confidence_level":0.95,"lower_bound":4277.756302489059,"upper_bound":4284.275652173914},"point_estimate":4280.69144497832,"standard_error":1.7719068311093684},"MedianAbsDev":{"confidence_interval":{"confidence_level":0.95,"lower_bound":13.721815723234597,"upper_bound":22.570870350335994},"point_estimate":18.236482884404232,"standard_error":2.3255790290144316},"Slope":{"confidence_interval":{"confidence_level":0.95,"lower_bound":4284.259728902024,"upper_bound":4324.86809333157},"point_estimate":4300.229636779512,"standard_error":10.728368888617444},"StdDev":{"confidence_interval":{"confidence_level":0.95,"lower_bound":28.2487960647852,"upper_bound":146.63059329912977},"point_estimate":98.07413307118551,"standard_error":29.432067164411883}}