{"Mean":{"confidence_interval":{"confidence_level":0.95,"lower_bound":4300.768734812941,"upper_bound":4399.461174428177},"point_estimate":4344.8739982080015,"standard_error":25.228413184273425},"Median":{"confidence_interval":{"confidence_level":0.95,"lower_bound":4258.172612755461,"upper_bound":4276.6337181337185},"point_estimate":4266.81766011766,"standard_error":4.5783124095629315},"MedianAbsDev":{"confidence_interval":{"confidence_level":0.95,"lower_bound":21.257820077143275,"upper_bound":45.80217706563685},"point_estimate":31.049199142728174,"standard_error":6.45428875957441},"Slope":{"confidence_interval":{"confidence_level":0.95,"lower_bound":4318.621590320214,"upper_bound":4493.658179997393},"point_estimate":4398.227122021371,"standard_error":44.988725594980245},"StdDev":{"confidence_interval":{"confidence_level":0.95,"lower_bound":133.07335285135912,"upper_bound":360.2397100685188},"point_estimate":254.341576000487,"standard_error":58.750711348969176}}