{"Mean":{"confidence_interval":{"confidence_level":0.95,"lower_bound":1926.6147547664352,"upper_bound":1939.2960549544655},"point_estimate":1932.4701420222557,"standard_error":3.2287794939808627},"Median":{"confidence_interval":{"confidence_level":0.95,"lower_bound":1916.9983608009925,"upper_bound":1925.552841315666},"point_estimate":1918.952810417096,"standard_error":1.9717568850803497},"MedianAbsDev":{"confidence_interval":{"confidence_level":0.95,"lower_bound":6.196487548733641,"upper_bound":17.578898850941826},"point_estimate":10.628819489663368,"standard_error":2.547283269424099},"Slope":{"confidence_interval":{"confidence_level":0.95,"lower_bound":1925.7193777344646,"upper_bound":1936.237402043249},"point_estimate":1930.4791882691804,"standard_error":2.6848764072126468},"StdDev":{"confidence_interval":{"confidence_level":0.95,"lower_bound":20.467822685731416,"upper_bound":44.29181722764598},"point_estimate":32.42795759056125,"standard_error":6.271553669826498}}