{"Mean":{"confidence_interval":{"confidence_level":0.95,"lower_bound":1917.9894612918745,"upper_bound":1933.2493587218032},"point_estimate":1924.4010794021378,"standard_error":3.9462776160509456},"Median":{"confidence_interval":{"confidence_level":0.95,"lower_bound":1914.5389211886304,"upper_bound":1917.6587436273483},"point_estimate":1916.3791744532114,"standard_error":0.8564251725996298},"MedianAbsDev":{"confidence_interval":{"confidence_level":0.95,"lower_bound":4.554652226352294,"upper_bound":7.777092484357583},"point_estimate":5.917091846258494,"standard_error":0.8842203515444851},"Slope":{"confidence_interval":{"confidence_level":0.95,"lower_bound":1917.201715620265,"upper_bound":1925.08586405837},"point_estimate":1920.8327601687624,"standard_error":2.028170696970277},"StdDev":{"confidence_interval":{"confidence_level":0.95,"lower_bound":12.568781469529181,"upper_bound":62.30834777556819},"point_estimate":39.61616956363288,"standard_error":13.61400237718932}}