{"Mean":{"confidence_interval":{"confidence_level":0.95,"lower_bound":285.31115836777803,"upper_bound":288.33476501214665},"point_estimate":286.64248501530454,"standard_error":0.7771872121863966},"Median":{"confidence_interval":{"confidence_level":0.95,"lower_bound":283.66296755422724,"upper_bound":284.8565983296064},"point_estimate":284.33983019854145,"standard_error":0.3018036625710308},"MedianAbsDev":{"confidence_interval":{"confidence_level":0.95,"lower_bound":1.420199558867106,"upper_bound":2.8066396568859835},"point_estimate":2.0735256237936595,"standard_error":0.34449418803367277},"Slope":{"confidence_interval":{"confidence_level":0.95,"lower_bound":285.6222074646728,"upper_bound":291.9880112174487},"point_estimate":288.41537066428543,"standard_error":1.646254513645637},"StdDev":{"confidence_interval":{"confidence_level":0.95,"lower_bound":3.5293102933835354,"upper_bound":11.44640877903022},"point_estimate":7.762535762794116,"standard_error":2.1228616033044174}}