{"Mean":{"confidence_interval":{"confidence_level":0.95,"lower_bound":64.47077081468028,"upper_bound":65.27218284842526},"point_estimate":64.81025613061907,"standard_error":0.2073890729637677},"Median":{"confidence_interval":{"confidence_level":0.95,"lower_bound":64.23859322874173,"upper_bound":64.35143509211005},"point_estimate":64.31143670136333,"standard_error":0.02573606121382299},"MedianAbsDev":{"confidence_interval":{"confidence_level":0.95,"lower_bound":0.1952474890866524,"upper_bound":0.3412364703670469},"point_estimate":0.26890116948067655,"standard_error":0.03619355818638365},"Slope":{"confidence_interval":{"confidence_level":0.95,"lower_bound":64.38461058374081,"upper_bound":64.90759388668366},"point_estimate":64.61947464353993,"standard_error":0.13494223865138896},"StdDev":{"confidence_interval":{"confidence_level":0.95,"lower_bound":0.7481686092759221,"upper_bound":3.26277606883479},"point_estimate":2.0874166086639705,"standard_error":0.7030482229154219}}