{"Mean":{"confidence_interval":{"confidence_level":0.95,"lower_bound":127.79039135416214,"upper_bound":128.7608658395603},"point_estimate":128.2536957447321,"standard_error":0.24797092071008392},"Median":{"confidence_interval":{"confidence_level":0.95,"lower_bound":127.50620233768085,"upper_bound":128.34517794826212},"point_estimate":128.09258296654042,"standard_error":0.24072351602329994},"MedianAbsDev":{"confidence_interval":{"confidence_level":0.95,"lower_bound":1.5586381389440611,"upper_bound":2.866007708315278},"point_estimate":2.3696939915802795,"standard_error":0.3229654546480742},"Slope":{"confidence_interval":{"confidence_level":0.95,"lower_bound":127.83371919238945,"upper_bound":129.01622804522216},"point_estimate":128.40016466394997,"standard_error":0.3021400044283176},"StdDev":{"confidence_interval":{"confidence_level":0.95,"lower_bound":1.8528691220236833,"upper_bound":3.0881921541448527},"point_estimate":2.4956023083140817,"standard_error":0.31747176759005613}}