{"Mean":{"confidence_interval":{"confidence_level":0.95,"lower_bound":286.5282344767545,"upper_bound":288.7224259191343},"point_estimate":287.5738086832861,"standard_error":0.5605487123098016},"Median":{"confidence_interval":{"confidence_level":0.95,"lower_bound":284.3384925201381,"upper_bound":286.7883073216341},"point_estimate":284.90961066917333,"standard_error":0.6055163330902025},"MedianAbsDev":{"confidence_interval":{"confidence_level":0.95,"lower_bound":1.3824696919538522,"upper_bound":4.484740671868476},"point_estimate":2.282097436450798,"standard_error":0.8189254557075814},"Slope":{"confidence_interval":{"confidence_level":0.95,"lower_bound":285.18789676830545,"upper_bound":287.458453086871},"point_estimate":286.14426742315266,"standard_error":0.5878530468091164},"StdDev":{"confidence_interval":{"confidence_level":0.95,"lower_bound":4.220930608001631,"upper_bound":6.841474541822156},"point_estimate":5.6255624119272625,"standard_error":0.6688778903375606}}