{"Mean":{"confidence_interval":{"confidence_level":0.95,"lower_bound":283.0044876596344,"upper_bound":287.1642790058688},"point_estimate":284.6075735712729,"standard_error":1.1088235271734388},"Median":{"confidence_interval":{"confidence_level":0.95,"lower_bound":282.5193178790301,"upper_bound":282.79861870503595},"point_estimate":282.64784020166707,"standard_error":0.06525941265289953},"MedianAbsDev":{"confidence_interval":{"confidence_level":0.95,"lower_bound":0.421858773106018,"upper_bound":0.7599441208931658},"point_estimate":0.573385020146881,"standard_error":0.08284107103450934},"Slope":{"confidence_interval":{"confidence_level":0.95,"lower_bound":282.7344842223492,"upper_bound":284.3448133893673},"point_estimate":283.3856899558054,"standard_error":0.4209447525851034},"StdDev":{"confidence_interval":{"confidence_level":0.95,"lower_bound":1.8133665899463731,"upper_bound":18.415421142217262},"point_estimate":11.112872426611695,"standard_error":5.072828892488713}}