{"Mean":{"confidence_interval":{"confidence_level":0.95,"lower_bound":300.37574305211757,"upper_bound":301.2860777433677},"point_estimate":300.8124826575359,"standard_error":0.23249127981584078},"Median":{"confidence_interval":{"confidence_level":0.95,"lower_bound":299.73581786926434,"upper_bound":300.48438985606634},"point_estimate":300.1509345513757,"standard_error":0.18264429294565748},"MedianAbsDev":{"confidence_interval":{"confidence_level":0.95,"lower_bound":0.9193974684445622,"upper_bound":1.7842493123101606},"point_estimate":1.3262291769190535,"standard_error":0.22386981095739542},"Slope":{"confidence_interval":{"confidence_level":0.95,"lower_bound":300.7287492277295,"upper_bound":302.1457187589606},"point_estimate":301.4076326075045,"standard_error":0.3629424446026874},"StdDev":{"confidence_interval":{"confidence_level":0.95,"lower_bound":1.7640523379703343,"upper_bound":2.8511516950258393},"point_estimate":2.333531390447238,"standard_error":0.277339884554493}}