{"Mean":{"confidence_interval":{"confidence_level":0.95,"lower_bound":303.12938082388405,"upper_bound":305.9708914985892},"point_estimate":304.43552029687237,"standard_error":0.728847699783506},"Median":{"confidence_interval":{"confidence_level":0.95,"lower_bound":301.14042182227223,"upper_bound":303.575318539728},"point_estimate":301.97287311252086,"standard_error":0.6844819258344653},"MedianAbsDev":{"confidence_interval":{"confidence_level":0.95,"lower_bound":1.8479113514856773,"upper_bound":4.440516386165034},"point_estimate":2.974671708507936,"standard_error":0.7072532805980576},"Slope":{"confidence_interval":{"confidence_level":0.95,"lower_bound":302.16720368615756,"upper_bound":304.9098086506226},"point_estimate":303.3186050832607,"standard_error":0.7066552322448159},"StdDev":{"confidence_interval":{"confidence_level":0.95,"lower_bound":4.190516062952653,"upper_bound":10.071096432064053},"point_estimate":7.3375760033763475,"standard_error":1.509821413946066}}