{"Mean":{"confidence_interval":{"confidence_level":0.95,"lower_bound":253.4387930285361,"upper_bound":257.0468950179856},"point_estimate":255.0519659615518,"standard_error":0.9286648259513306},"Median":{"confidence_interval":{"confidence_level":0.95,"lower_bound":251.54332111864653,"upper_bound":252.5610223875155},"point_estimate":251.86450790399988,"standard_error":0.24923772630302812},"MedianAbsDev":{"confidence_interval":{"confidence_level":0.95,"lower_bound":1.2687346670111095,"upper_bound":2.8188860578050905},"point_estimate":1.8268789738577504,"standard_error":0.3991446687802951},"Slope":{"confidence_interval":{"confidence_level":0.95,"lower_bound":253.34423164562855,"upper_bound":257.1581917933718},"point_estimate":255.05575081546462,"standard_error":0.9782437876525796},"StdDev":{"confidence_interval":{"confidence_level":0.95,"lower_bound":4.9562181410955235,"upper_bound":13.54046427825236},"point_estimate":9.34539589910957,"standard_error":2.3082115525569646}}