{"Mean":{"confidence_interval":{"confidence_level":0.95,"lower_bound":729.9913409381958,"upper_bound":746.262575168475},"point_estimate":737.4742741363552,"standard_error":4.17033267593938},"Median":{"confidence_interval":{"confidence_level":0.95,"lower_bound":721.5251367666478,"upper_bound":725.0873411978222},"point_estimate":722.7446131354026,"standard_error":0.9921791676156063},"MedianAbsDev":{"confidence_interval":{"confidence_level":0.95,"lower_bound":5.1829760139071945,"upper_bound":9.696945782654572},"point_estimate":6.933803840884443,"standard_error":1.170786734546465},"Slope":{"confidence_interval":{"confidence_level":0.95,"lower_bound":727.486362577601,"upper_bound":744.4124927022264},"point_estimate":734.7770350738923,"standard_error":4.368692620329266},"StdDev":{"confidence_interval":{"confidence_level":0.95,"lower_bound":26.29822727871159,"upper_bound":54.787455328438945},"point_estimate":41.95359269307159,"standard_error":7.26465990826995}}