{"Mean":{"confidence_interval":{"confidence_level":0.95,"lower_bound":680.8835755585098,"upper_bound":686.5114553843082},"point_estimate":683.5061749603816,"standard_error":1.4406458667818265},"Median":{"confidence_interval":{"confidence_level":0.95,"lower_bound":676.989332246541,"upper_bound":679.1586142843875},"point_estimate":677.6235548088941,"standard_error":0.6787153496226149},"MedianAbsDev":{"confidence_interval":{"confidence_level":0.95,"lower_bound":3.0498040392003882,"upper_bound":6.1488590140448665},"point_estimate":4.013422873370054,"standard_error":0.848877142959682},"Slope":{"confidence_interval":{"confidence_level":0.95,"lower_bound":678.610823447006,"upper_bound":682.8361794541713},"point_estimate":680.4661548275769,"standard_error":1.0863382995316089},"StdDev":{"confidence_interval":{"confidence_level":0.95,"lower_bound":9.840283550023075,"upper_bound":19.50061358835344},"point_estimate":14.481282008554388,"standard_error":2.6498223725282}}