{"Mean":{"confidence_interval":{"confidence_level":0.95,"lower_bound":732.8599765379365,"upper_bound":741.6211760068902},"point_estimate":736.5975700555996,"standard_error":2.271092719666992},"Median":{"confidence_interval":{"confidence_level":0.95,"lower_bound":730.9179889298892,"upper_bound":732.6268464961538},"point_estimate":731.8002632495545,"standard_error":0.3825685680430905},"MedianAbsDev":{"confidence_interval":{"confidence_level":0.95,"lower_bound":3.04224616363992,"upper_bound":6.46672928308035},"point_estimate":4.838383105261866,"standard_error":0.945498821712718},"Slope":{"confidence_interval":{"confidence_level":0.95,"lower_bound":733.2227223351355,"upper_bound":743.0737263544038},"point_estimate":737.1561272465628,"standard_error":2.575746583416857},"StdDev":{"confidence_interval":{"confidence_level":0.95,"lower_bound":8.680031122760774,"upper_bound":35.61251222942873},"point_estimate":22.895183110330326,"standard_error":7.715609600470068}}