{"Mean":{"confidence_interval":{"confidence_level":0.95,"lower_bound":3836.0851780498433,"upper_bound":3884.360846541617},"point_estimate":3853.36159824482,"standard_error":14.265526976078768},"Median":{"confidence_interval":{"confidence_level":0.95,"lower_bound":3832.625987501474,"upper_bound":3838.403072932256},"point_estimate":3835.8829400171817,"standard_error":1.577633883167553},"MedianAbsDev":{"confidence_interval":{"confidence_level":0.95,"lower_bound":7.811048269736249,"upper_bound":12.122449180430554},"point_estimate":9.828628055273251,"standard_error":1.1061236413962847},"Slope":{"confidence_interval":{"confidence_level":0.95,"lower_bound":3836.160638502011,"upper_bound":3846.3374803140673},"point_estimate":3840.8075108028834,"standard_error":2.6093504958900042},"StdDev":{"confidence_interval":{"confidence_level":0.95,"lower_bound":15.245279869020406,"upper_bound":243.70379495659324},"point_estimate":143.12700598047607,"standard_error":79.78060084864047}}