{"Mean":{"confidence_interval":{"confidence_level":0.95,"lower_bound":104.98170613130188,"upper_bound":105.46965197189319},"point_estimate":105.20683367197984,"standard_error":0.12473450163129028},"Median":{"confidence_interval":{"confidence_level":0.95,"lower_bound":104.79228910947451,"upper_bound":104.9441455865087},"point_estimate":104.88881612274184,"standard_error":0.04531288790174115},"MedianAbsDev":{"confidence_interval":{"confidence_level":0.95,"lower_bound":0.2417421371676455,"upper_bound":0.41254887541881713},"point_estimate":0.32371168779743564,"standard_error":0.04259393154893368},"Slope":{"confidence_interval":{"confidence_level":0.95,"lower_bound":105.07262082440144,"upper_bound":105.82978308242375},"point_estimate":105.41425771911786,"standard_error":0.19464772365716407},"StdDev":{"confidence_interval":{"confidence_level":0.95,"lower_bound":0.7837677686020812,"upper_bound":1.6433786925628193},"point_estimate":1.255066817691797,"standard_error":0.219277128159109}}