{"Mean":{"confidence_interval":{"confidence_level":0.95,"lower_bound":124.59121699590209,"upper_bound":127.89229751267328},"point_estimate":126.16198937823421,"standard_error":0.8451768787697318},"Median":{"confidence_interval":{"confidence_level":0.95,"lower_bound":121.27976825300499,"upper_bound":124.73358075812538},"point_estimate":122.22656404225322,"standard_error":0.8431813918888461},"MedianAbsDev":{"confidence_interval":{"confidence_level":0.95,"lower_bound":2.598183533670681,"upper_bound":7.090926203528032},"point_estimate":4.03135172186084,"standard_error":1.0637644996992235},"Slope":{"confidence_interval":{"confidence_level":0.95,"lower_bound":122.70171438828804,"upper_bound":125.68585955645656},"point_estimate":124.0377498371763,"standard_error":0.7635750796606626},"StdDev":{"confidence_interval":{"confidence_level":0.95,"lower_bound":6.43832478628879,"upper_bound":10.372923923724107},"point_estimate":8.482948764639756,"standard_error":1.0101427305859507}}