{"Mean":{"confidence_interval":{"confidence_level":0.95,"lower_bound":106.82251588169188,"upper_bound":108.62648471100943},"point_estimate":107.52748605346206,"standard_error":0.47895302041569543},"Median":{"confidence_interval":{"confidence_level":0.95,"lower_bound":106.40749433599206,"upper_bound":106.62669273662104},"point_estimate":106.5439975740459,"standard_error":0.05214891258872971},"MedianAbsDev":{"confidence_interval":{"confidence_level":0.95,"lower_bound":0.2732121632104283,"upper_bound":0.5080204154075949},"point_estimate":0.37919264950666864,"standard_error":0.061697478601327634},"Slope":{"confidence_interval":{"confidence_level":0.95,"lower_bound":106.85453198094297,"upper_bound":108.1602572783953},"point_estimate":107.45286397313309,"standard_error":0.33636801834269553},"StdDev":{"confidence_interval":{"confidence_level":0.95,"lower_bound":1.2659206780101766,"upper_bound":7.90100651143824},"point_estimate":4.811049576835841,"standard_error":2.120678060701663}}