{"Mean":{"confidence_interval":{"confidence_level":0.95,"lower_bound":105.35499281923622,"upper_bound":106.12556505912355},"point_estimate":105.70147982049679,"standard_error":0.19827958848522625},"Median":{"confidence_interval":{"confidence_level":0.95,"lower_bound":105.0155124131339,"upper_bound":105.21375213022272},"point_estimate":105.13160020494053,"standard_error":0.04857782470425801},"MedianAbsDev":{"confidence_interval":{"confidence_level":0.95,"lower_bound":0.32509970521420595,"upper_bound":0.6432619410101852},"point_estimate":0.48402568847357735,"standard_error":0.08634856653770182},"Slope":{"confidence_interval":{"confidence_level":0.95,"lower_bound":105.6550079220487,"upper_bound":106.73553173269994},"point_estimate":106.14771745076176,"standard_error":0.2766962792799353},"StdDev":{"confidence_interval":{"confidence_level":0.95,"lower_bound":1.0685784163806877,"upper_bound":2.863455342019673},"point_estimate":1.992564323964073,"standard_error":0.47860511106084674}}