{"Mean":{"confidence_interval":{"confidence_level":0.95,"lower_bound":107.02809930262354,"upper_bound":107.42326877763465},"point_estimate":107.20838623849608,"standard_error":0.10127864924207704},"Median":{"confidence_interval":{"confidence_level":0.95,"lower_bound":106.89656710198632,"upper_bound":107.05862410642087},"point_estimate":106.9754083287439,"standard_error":0.046229828830813294},"MedianAbsDev":{"confidence_interval":{"confidence_level":0.95,"lower_bound":0.29639876585017555,"upper_bound":0.5341567517941289},"point_estimate":0.3856674428922834,"standard_error":0.06183037908709357},"Slope":{"confidence_interval":{"confidence_level":0.95,"lower_bound":107.09065592609325,"upper_bound":107.81868262192003},"point_estimate":107.40114395034246,"standard_error":0.1888263021506247},"StdDev":{"confidence_interval":{"confidence_level":0.95,"lower_bound":0.5990960843618027,"upper_bound":1.4326320710754985},"point_estimate":1.0179220735705252,"standard_error":0.22258303137342653}}