{"Mean":{"confidence_interval":{"confidence_level":0.95,"lower_bound":83.63280279111267,"upper_bound":83.91145382645604},"point_estimate":83.76292674949822,"standard_error":0.07119045602820515},"Median":{"confidence_interval":{"confidence_level":0.95,"lower_bound":83.50859702982098,"upper_bound":83.61577584914026},"point_estimate":83.55201544439402,"standard_error":0.027923615524569793},"MedianAbsDev":{"confidence_interval":{"confidence_level":0.95,"lower_bound":0.20167472491863384,"upper_bound":0.37836068413080765},"point_estimate":0.2790323757928424,"standard_error":0.04521294538915013},"Slope":{"confidence_interval":{"confidence_level":0.95,"lower_bound":83.57410906077668,"upper_bound":83.9641711121543},"point_estimate":83.74902042418756,"standard_error":0.1004801550416287},"StdDev":{"confidence_interval":{"confidence_level":0.95,"lower_bound":0.4697649170496522,"upper_bound":0.9207284595597346},"point_estimate":0.7161179742543587,"standard_error":0.1153779060659671}}