{"Mean":{"confidence_interval":{"confidence_level":0.95,"lower_bound":82.47360823446583,"upper_bound":83.6788047052109},"point_estimate":82.95578554467016,"standard_error":0.31654875197372967},"Median":{"confidence_interval":{"confidence_level":0.95,"lower_bound":82.33386200951625,"upper_bound":82.67671509223374},"point_estimate":82.50119876189676,"standard_error":0.09746941179981157},"MedianAbsDev":{"confidence_interval":{"confidence_level":0.95,"lower_bound":0.5711279601528106,"upper_bound":1.2546504089484989},"point_estimate":0.8029172658965724,"standard_error":0.16999304706021234},"Slope":{"confidence_interval":{"confidence_level":0.95,"lower_bound":82.4267722433217,"upper_bound":83.07074722536359},"point_estimate":82.7287239614214,"standard_error":0.16476299397463867},"StdDev":{"confidence_interval":{"confidence_level":0.95,"lower_bound":1.0785742507039442,"upper_bound":5.152335637140453},"point_estimate":3.1748595118593586,"standard_error":1.3314414783085122}}