{"Mean":{"confidence_interval":{"confidence_level":0.95,"lower_bound":20.91296161390646,"upper_bound":21.196731244541144},"point_estimate":21.030238293435904,"standard_error":0.07405819109057864},"Median":{"confidence_interval":{"confidence_level":0.95,"lower_bound":20.825873044695445,"upper_bound":20.88192618334739},"point_estimate":20.85403467030524,"standard_error":0.015451884599263492},"MedianAbsDev":{"confidence_interval":{"confidence_level":0.95,"lower_bound":0.09802675064165521,"upper_bound":0.18949271266075673},"point_estimate":0.12555775564665358,"standard_error":0.023550582655403628},"Slope":{"confidence_interval":{"confidence_level":0.95,"lower_bound":20.87105280000947,"upper_bound":21.005703069178082},"point_estimate":20.933733878565587,"standard_error":0.03458673368108936},"StdDev":{"confidence_interval":{"confidence_level":0.95,"lower_bound":0.23393086307934172,"upper_bound":1.1905736879574746},"point_estimate":0.7452190128259722,"standard_error":0.28147634884569817}}