{"Mean":{"confidence_interval":{"confidence_level":0.95,"lower_bound":21.20305516368374,"upper_bound":21.375298032837094},"point_estimate":21.272892635582625,"standard_error":0.045136532258422755},"Median":{"confidence_interval":{"confidence_level":0.95,"lower_bound":21.173873589651738,"upper_bound":21.2024515163595},"point_estimate":21.18554297276249,"standard_error":0.00838904520840797},"MedianAbsDev":{"confidence_interval":{"confidence_level":0.95,"lower_bound":0.05125693262110215,"upper_bound":0.09344548646440357},"point_estimate":0.07441906796536453,"standard_error":0.009989947362476182},"Slope":{"confidence_interval":{"confidence_level":0.95,"lower_bound":21.20973911165115,"upper_bound":21.301571963674146},"point_estimate":21.251144293434272,"standard_error":0.02341477387675393},"StdDev":{"confidence_interval":{"confidence_level":0.95,"lower_bound":0.1270085015092669,"upper_bound":0.7399849077546231},"point_estimate":0.45626721695831646,"standard_error":0.18503869864086844}}