{"Mean":{"confidence_interval":{"confidence_level":0.95,"lower_bound":299.1898313271144,"upper_bound":301.22612826543775},"point_estimate":300.09825526417023,"standard_error":0.5230316763320235},"Median":{"confidence_interval":{"confidence_level":0.95,"lower_bound":298.4725666521576,"upper_bound":298.85716339501903},"point_estimate":298.6763588835849,"standard_error":0.11385933285726875},"MedianAbsDev":{"confidence_interval":{"confidence_level":0.95,"lower_bound":0.5897598831195832,"upper_bound":0.9989208260146957},"point_estimate":0.807984594934004,"standard_error":0.10594676448373931},"Slope":{"confidence_interval":{"confidence_level":0.95,"lower_bound":298.919585239505,"upper_bound":300.2911161359999},"point_estimate":299.5303974171766,"standard_error":0.35353592676279766},"StdDev":{"confidence_interval":{"confidence_level":0.95,"lower_bound":2.5573203880873687,"upper_bound":7.467699101915703},"point_estimate":5.255149486508517,"standard_error":1.2656177883102528}}