{"Mean":{"confidence_interval":{"confidence_level":0.95,"lower_bound":925.197383155785,"upper_bound":931.4040562107815},"point_estimate":928.1592964164074,"standard_error":1.5898305612836374},"Median":{"confidence_interval":{"confidence_level":0.95,"lower_bound":925.1215207411051,"upper_bound":929.1720664589824},"point_estimate":927.5917337741495,"standard_error":1.148364365871537},"MedianAbsDev":{"confidence_interval":{"confidence_level":0.95,"lower_bound":7.00612118870053,"upper_bound":13.058380310223457},"point_estimate":10.453690426614395,"standard_error":1.5429252790186836},"Slope":{"confidence_interval":{"confidence_level":0.95,"lower_bound":924.5128053905971,"upper_bound":933.9786831215556},"point_estimate":928.9738875438667,"standard_error":2.41431737558989},"StdDev":{"confidence_interval":{"confidence_level":0.95,"lower_bound":11.224777884048647,"upper_bound":20.650171120761787},"point_estimate":16.02800237704445,"standard_error":2.4354903236372816}}