{"Mean":{"confidence_interval":{"confidence_level":0.95,"lower_bound":16.286627930586985,"upper_bound":16.388146304683207},"point_estimate":16.334113802566186,"standard_error":0.026002028108400205},"Median":{"confidence_interval":{"confidence_level":0.95,"lower_bound":16.246020855768524,"upper_bound":16.31284576848609},"point_estimate":16.273979943144187,"standard_error":0.015498565774317517},"MedianAbsDev":{"confidence_interval":{"confidence_level":0.95,"lower_bound":0.10480553880230238,"upper_bound":0.1712663224822097},"point_estimate":0.13671950054302434,"standard_error":0.017334561036903572},"Slope":{"confidence_interval":{"confidence_level":0.95,"lower_bound":16.290419495525125,"upper_bound":16.44268095531624},"point_estimate":16.360123998909497,"standard_error":0.03908913189114657},"StdDev":{"confidence_interval":{"confidence_level":0.95,"lower_bound":0.17866401400828003,"upper_bound":0.33071191466513006},"point_estimate":0.2607605333134955,"standard_error":0.038822783763094844}}