{"Mean":{"confidence_interval":{"confidence_level":0.95,"lower_bound":16.119137755677325,"upper_bound":16.211819362133767},"point_estimate":16.162364141049196,"standard_error":0.02380806165898646},"Median":{"confidence_interval":{"confidence_level":0.95,"lower_bound":16.06695867115015,"upper_bound":16.089485219251728},"point_estimate":16.077929384540976,"standard_error":0.005980902250409771},"MedianAbsDev":{"confidence_interval":{"confidence_level":0.95,"lower_bound":0.052742229128283226,"upper_bound":0.09903384243885908},"point_estimate":0.07394002343091506,"standard_error":0.011916837751300743},"Slope":{"confidence_interval":{"confidence_level":0.95,"lower_bound":16.102970589263983,"upper_bound":16.175946444295125},"point_estimate":16.13602775099477,"standard_error":0.018698782136785587},"StdDev":{"confidence_interval":{"confidence_level":0.95,"lower_bound":0.1606079459312905,"upper_bound":0.3083153498211682},"point_estimate":0.2389806821413458,"standard_error":0.03782055454596364}}