{"Mean":{"confidence_interval":{"confidence_level":0.95,"lower_bound":49.572833496510846,"upper_bound":49.961501350735645},"point_estimate":49.74657851443358,"standard_error":0.09949510018427228},"Median":{"confidence_interval":{"confidence_level":0.95,"lower_bound":49.26020993318041,"upper_bound":49.584661889089936},"point_estimate":49.39303529592906,"standard_error":0.08841955907643505},"MedianAbsDev":{"confidence_interval":{"confidence_level":0.95,"lower_bound":0.24548279788317143,"upper_bound":0.722876282841884},"point_estimate":0.41877892308281606,"standard_error":0.118636660373465},"Slope":{"confidence_interval":{"confidence_level":0.95,"lower_bound":49.9253556164962,"upper_bound":50.23380981575434},"point_estimate":50.086553302094394,"standard_error":0.07885240415076686},"StdDev":{"confidence_interval":{"confidence_level":0.95,"lower_bound":0.5826021168570047,"upper_bound":1.465732394448909},"point_estimate":0.9990082873979022,"standard_error":0.2742982921789677}}