{"Mean":{"confidence_interval":{"confidence_level":0.95,"lower_bound":3857.4305525998366,"upper_bound":3878.41288853539},"point_estimate":3866.0358742489248,"standard_error":5.469077091943824},"Median":{"confidence_interval":{"confidence_level":0.95,"lower_bound":3852.5954248366015,"upper_bound":3857.051854241198},"point_estimate":3854.194643527909,"standard_error":1.1854474877646217},"MedianAbsDev":{"confidence_interval":{"confidence_level":0.95,"lower_bound":6.940877459872467,"upper_bound":14.462233832093718},"point_estimate":9.974552279932738,"standard_error":1.9898873161923245},"Slope":{"confidence_interval":{"confidence_level":0.95,"lower_bound":3855.210475646764,"upper_bound":3886.7666691721834},"point_estimate":3867.524560725783,"standard_error":8.33826293064738},"StdDev":{"confidence_interval":{"confidence_level":0.95,"lower_bound":18.407582885426926,"upper_bound":88.02265580233164},"point_estimate":55.01269276607718,"standard_error":21.126439385610276}}