{"Mean":{"confidence_interval":{"confidence_level":0.95,"lower_bound":3767.8202219821,"upper_bound":3780.591642784288},"point_estimate":3773.7214167339266,"standard_error":3.2666492551528243},"Median":{"confidence_interval":{"confidence_level":0.95,"lower_bound":3760.529214559387,"upper_bound":3767.194709382897},"point_estimate":3764.4226558881733,"standard_error":1.487699095953743},"MedianAbsDev":{"confidence_interval":{"confidence_level":0.95,"lower_bound":8.650365072022012,"upper_bound":14.882475142419324},"point_estimate":11.855533390058442,"standard_error":1.5734651653452896},"Slope":{"confidence_interval":{"confidence_level":0.95,"lower_bound":3768.218446878789,"upper_bound":3784.8925735964335},"point_estimate":3775.8849026631947,"standard_error":4.262378393857704},"StdDev":{"confidence_interval":{"confidence_level":0.95,"lower_bound":20.81166712865844,"upper_bound":42.57468570131191},"point_estimate":32.7803478036484,"standard_error":5.559034612511814}}