{"Mean":{"confidence_interval":{"confidence_level":0.95,"lower_bound":3912.4227035030726,"upper_bound":3949.869182454829},"point_estimate":3929.699323929957,"standard_error":9.58681493333278},"Median":{"confidence_interval":{"confidence_level":0.95,"lower_bound":3905.1695993179883,"upper_bound":3922.401926384589},"point_estimate":3913.8447372004357,"standard_error":3.901912924083172},"MedianAbsDev":{"confidence_interval":{"confidence_level":0.95,"lower_bound":24.937945142010786,"upper_bound":54.33081139450554},"point_estimate":33.328217545560506,"standard_error":8.371263646896969},"Slope":{"confidence_interval":{"confidence_level":0.95,"lower_bound":3904.6663800941237,"upper_bound":3941.6253005511016},"point_estimate":3921.985166375461,"standard_error":9.466472864757392},"StdDev":{"confidence_interval":{"confidence_level":0.95,"lower_bound":55.80231925243255,"upper_bound":129.33731646840457},"point_estimate":96.34062283759204,"standard_error":18.563121301993757}}