{"Mean":{"confidence_interval":{"confidence_level":0.95,"lower_bound":14.938904218769116,"upper_bound":15.034913571048556},"point_estimate":14.982413064918326,"standard_error":0.024601779559425434},"Median":{"confidence_interval":{"confidence_level":0.95,"lower_bound":14.890758485227607,"upper_bound":14.917486776081693},"point_estimate":14.898819873838994,"standard_error":0.0072761029136020824},"MedianAbsDev":{"confidence_interval":{"confidence_level":0.95,"lower_bound":0.04010181428069927,"upper_bound":0.0728180037495598},"point_estimate":0.05594595358529218,"standard_error":0.007981564711608592},"Slope":{"confidence_interval":{"confidence_level":0.95,"lower_bound":14.93412503915095,"upper_bound":15.050781731339692},"point_estimate":14.983754330366889,"standard_error":0.030089705995881337},"StdDev":{"confidence_interval":{"confidence_level":0.95,"lower_bound":0.14503829315726677,"upper_bound":0.3486010457645047},"point_estimate":0.24656856682767356,"standard_error":0.05515939154529142}}