{"Mean":{"confidence_interval":{"confidence_level":0.95,"lower_bound":14.902589574381949,"upper_bound":14.940496205434888},"point_estimate":14.9196515819146,"standard_error":0.009702958864155498},"Median":{"confidence_interval":{"confidence_level":0.95,"lower_bound":14.890984533350466,"upper_bound":14.9114376716509},"point_estimate":14.901397451306316,"standard_error":0.005343632617037855},"MedianAbsDev":{"confidence_interval":{"confidence_level":0.95,"lower_bound":0.029683084065316542,"upper_bound":0.04814129766267832},"point_estimate":0.03735834336211511,"standard_error":0.004661179634410275},"Slope":{"confidence_interval":{"confidence_level":0.95,"lower_bound":14.901824898490073,"upper_bound":14.938375261874148},"point_estimate":14.918255513087688,"standard_error":0.009420815166553137},"StdDev":{"confidence_interval":{"confidence_level":0.95,"lower_bound":0.05019540663057157,"upper_bound":0.13596312646399034},"point_estimate":0.09733318695872822,"standard_error":0.02192367141522006}}