{"Mean":{"confidence_interval":{"confidence_level":0.95,"lower_bound":28.26844836363233,"upper_bound":28.63873183965743},"point_estimate":28.43849372266839,"standard_error":0.09459848297555645},"Median":{"confidence_interval":{"confidence_level":0.95,"lower_bound":28.096259256622766,"upper_bound":28.256310637932515},"point_estimate":28.19140487520178,"standard_error":0.043026099527431375},"MedianAbsDev":{"confidence_interval":{"confidence_level":0.95,"lower_bound":0.31528360999137134,"upper_bound":0.6328274187009371},"point_estimate":0.5335429458032511,"standard_error":0.08108496878987381},"Slope":{"confidence_interval":{"confidence_level":0.95,"lower_bound":28.20907708628027,"upper_bound":28.858144859606014},"point_estimate":28.477023970960094,"standard_error":0.16920484962664498},"StdDev":{"confidence_interval":{"confidence_level":0.95,"lower_bound":0.5891618003683915,"upper_bound":1.292596508751185},"point_estimate":0.9529628762536981,"standard_error":0.18135448387126762}}