{"Mean":{"confidence_interval":{"confidence_level":0.95,"lower_bound":28.366987234767738,"upper_bound":28.700977335565884},"point_estimate":28.51827344950083,"standard_error":0.08559176107046208},"Median":{"confidence_interval":{"confidence_level":0.95,"lower_bound":28.185892364894066,"upper_bound":28.557437318610774},"point_estimate":28.45615988301123,"standard_error":0.1089819597179405},"MedianAbsDev":{"confidence_interval":{"confidence_level":0.95,"lower_bound":0.3505794143738876,"upper_bound":0.5795319475821854},"point_estimate":0.47927658387231137,"standard_error":0.05512513713122315},"Slope":{"confidence_interval":{"confidence_level":0.95,"lower_bound":28.344195155029634,"upper_bound":28.86120395368634},"point_estimate":28.575114744424894,"standard_error":0.13328767312058887},"StdDev":{"confidence_interval":{"confidence_level":0.95,"lower_bound":0.4265898022907724,"upper_bound":1.2043399556101917},"point_estimate":0.8590289152002432,"standard_error":0.19660482392437753}}