{"Mean":{"confidence_interval":{"confidence_level":0.95,"lower_bound":140.5595726112296,"upper_bound":140.98258110386308},"point_estimate":140.75528595419385,"standard_error":0.10802848727595238},"Median":{"confidence_interval":{"confidence_level":0.95,"lower_bound":140.33379715464076,"upper_bound":140.63509550901688},"point_estimate":140.44449623923416,"standard_error":0.07391355670357273},"MedianAbsDev":{"confidence_interval":{"confidence_level":0.95,"lower_bound":0.375624618474851,"upper_bound":0.7554771096906295},"point_estimate":0.5332782037762906,"standard_error":0.10439883527469335},"Slope":{"confidence_interval":{"confidence_level":0.95,"lower_bound":140.42059424843026,"upper_bound":141.04984198558802},"point_estimate":140.7042877498819,"standard_error":0.16156254166431125},"StdDev":{"confidence_interval":{"confidence_level":0.95,"lower_bound":0.6739276500574002,"upper_bound":1.4834164608141294},"point_estimate":1.0841856848514801,"standard_error":0.21254900665201878}}