{"Mean":{"confidence_interval":{"confidence_level":0.95,"lower_bound":76.08568331810868,"upper_bound":76.67942745074822},"point_estimate":76.36410905790476,"standard_error":0.1518693034524414},"Median":{"confidence_interval":{"confidence_level":0.95,"lower_bound":75.72971286850246,"upper_bound":76.14641070877168},"point_estimate":75.96157840139968,"standard_error":0.12144632929500829},"MedianAbsDev":{"confidence_interval":{"confidence_level":0.95,"lower_bound":0.6602108308411347,"upper_bound":1.246611976558331},"point_estimate":0.9392316707066495,"standard_error":0.15953453863411127},"Slope":{"confidence_interval":{"confidence_level":0.95,"lower_bound":76.09182053382376,"upper_bound":76.95016941002777},"point_estimate":76.47473504081137,"standard_error":0.2194924174747813},"StdDev":{"confidence_interval":{"confidence_level":0.95,"lower_bound":1.0274191696743995,"upper_bound":2.0564147127715033},"point_estimate":1.5262978172290729,"standard_error":0.2738823212226154}}