{"Mean":{"confidence_interval":{"confidence_level":0.95,"lower_bound":4232.612651565753,"upper_bound":4267.4554915652125},"point_estimate":4248.612064553596,"standard_error":8.906617279415961},"Median":{"confidence_interval":{"confidence_level":0.95,"lower_bound":4217.211266511266,"upper_bound":4230.1555993863685},"point_estimate":4225.908524663427,"standard_error":3.4582737467385964},"MedianAbsDev":{"confidence_interval":{"confidence_level":0.95,"lower_bound":18.215946623202868,"upper_bound":29.757939850475072},"point_estimate":21.633329632906943,"standard_error":2.96061672816918},"Slope":{"confidence_interval":{"confidence_level":0.95,"lower_bound":4232.273447779604,"upper_bound":4285.439925695675},"point_estimate":4256.7165628319435,"standard_error":13.669481876533213},"StdDev":{"confidence_interval":{"confidence_level":0.95,"lower_bound":54.461759953611555,"upper_bound":118.29107051232516},"point_estimate":89.59566300503668,"standard_error":16.310290333226245}}