{"Mean":{"confidence_interval":{"confidence_level":0.95,"lower_bound":4255.355909051752,"upper_bound":4305.558189474724},"point_estimate":4279.469800191971,"standard_error":12.749600958151015},"Median":{"confidence_interval":{"confidence_level":0.95,"lower_bound":4211.714316239316,"upper_bound":4255.200404858299},"point_estimate":4231.413680692527,"standard_error":11.13468927951739},"MedianAbsDev":{"confidence_interval":{"confidence_level":0.95,"lower_bound":53.46365679299473,"upper_bound":107.4782838347681},"point_estimate":71.68309072243407,"standard_error":13.444382100317117},"Slope":{"confidence_interval":{"confidence_level":0.95,"lower_bound":4258.963240573923,"upper_bound":4315.442418706758},"point_estimate":4286.083667218616,"standard_error":14.394033545904202},"StdDev":{"confidence_interval":{"confidence_level":0.95,"lower_bound":99.58512666656007,"upper_bound":155.30977405114305},"point_estimate":128.277673830588,"standard_error":14.303709130389727}}