{"Mean":{"confidence_interval":{"confidence_level":0.95,"lower_bound":1701.2148910504238,"upper_bound":1707.283282427152},"point_estimate":1703.9180498727371,"standard_error":1.553995033821053},"Median":{"confidence_interval":{"confidence_level":0.95,"lower_bound":1698.9481579265391,"upper_bound":1700.6731620455669},"point_estimate":1699.7291704224945,"standard_error":0.4376985795653118},"MedianAbsDev":{"confidence_interval":{"confidence_level":0.95,"lower_bound":3.135953327493934,"upper_bound":6.470061557755285},"point_estimate":4.896310835691043,"standard_error":0.8581190591384549},"Slope":{"confidence_interval":{"confidence_level":0.95,"lower_bound":1700.265846209038,"upper_bound":1705.9951730937198},"point_estimate":1702.8728586929344,"standard_error":1.4656983844804374},"StdDev":{"confidence_interval":{"confidence_level":0.95,"lower_bound":7.824679289414978,"upper_bound":22.945459537683274},"point_estimate":15.586078780755884,"standard_error":4.167933970741235}}