{"Mean":{"confidence_interval":{"confidence_level":0.95,"lower_bound":1677.3032610144535,"upper_bound":1681.2044278312435},"point_estimate":1679.1325208390317,"standard_error":1.0003888731508281},"Median":{"confidence_interval":{"confidence_level":0.95,"lower_bound":1675.5975308641976,"upper_bound":1678.626507764536},"point_estimate":1677.3068285418285,"standard_error":0.824333369462555},"MedianAbsDev":{"confidence_interval":{"confidence_level":0.95,"lower_bound":4.60491885498011,"upper_bound":7.531982199722059},"point_estimate":6.312397396549245,"standard_error":0.7692992560665967},"Slope":{"confidence_interval":{"confidence_level":0.95,"lower_bound":1676.6784763370454,"upper_bound":1680.4543361969156},"point_estimate":1678.4515722681338,"standard_error":0.9692937689643858},"StdDev":{"confidence_interval":{"confidence_level":0.95,"lower_bound":6.421493625247984,"upper_bound":13.576685197105245},"point_estimate":10.058764685593106,"standard_error":1.857721429871014}}