{"Mean":{"confidence_interval":{"confidence_level":0.95,"lower_bound":1692.8363999288688,"upper_bound":1702.8837876128023},"point_estimate":1697.6366322603767,"standard_error":2.5600278244453265},"Median":{"confidence_interval":{"confidence_level":0.95,"lower_bound":1686.4456872590335,"upper_bound":1697.6955986101889},"point_estimate":1693.471010992494,"standard_error":3.201658029529528},"MedianAbsDev":{"confidence_interval":{"confidence_level":0.95,"lower_bound":16.04050858594739,"upper_bound":27.359127954794936},"point_estimate":22.897856053133932,"standard_error":3.0858193196448704},"Slope":{"confidence_interval":{"confidence_level":0.95,"lower_bound":1697.353337671898,"upper_bound":1708.5608109049601},"point_estimate":1702.9721615495985,"standard_error":2.8569313032146018},"StdDev":{"confidence_interval":{"confidence_level":0.95,"lower_bound":19.062859075745965,"upper_bound":32.455620482436295},"point_estimate":25.790446856744325,"standard_error":3.4578487797411905}}