{"Mean":{"confidence_interval":{"confidence_level":0.95,"lower_bound":293.4720402929507,"upper_bound":296.343770099667},"point_estimate":294.8191346369218,"standard_error":0.7331824806187771},"Median":{"confidence_interval":{"confidence_level":0.95,"lower_bound":290.87070254110614,"upper_bound":293.27826606875936},"point_estimate":291.3166763152736,"standard_error":0.5163234088110015},"MedianAbsDev":{"confidence_interval":{"confidence_level":0.95,"lower_bound":0.9659215925857394,"upper_bound":3.959814405397947},"point_estimate":1.7466883565046274,"standard_error":0.7288911192382885},"Slope":{"confidence_interval":{"confidence_level":0.95,"lower_bound":291.9147961689144,"upper_bound":294.51111549885036},"point_estimate":293.06632809048926,"standard_error":0.6650168362092787},"StdDev":{"confidence_interval":{"confidence_level":0.95,"lower_bound":5.078968532609597,"upper_bound":9.408631252304524},"point_estimate":7.370199122559957,"standard_error":1.1081706947010475}}