{"Mean":{"confidence_interval":{"confidence_level":0.95,"lower_bound":293.89545594563907,"upper_bound":298.4921829585932},"point_estimate":296.06223414377354,"standard_error":1.1721421628424784},"Median":{"confidence_interval":{"confidence_level":0.95,"lower_bound":289.5378899714595,"upper_bound":290.4208950187693},"point_estimate":289.7716910144966,"standard_error":0.23304969434868378},"MedianAbsDev":{"confidence_interval":{"confidence_level":0.95,"lower_bound":0.9089731463444888,"upper_bound":2.259660802490945},"point_estimate":1.2843948955442406,"standard_error":0.36610931299489763},"Slope":{"confidence_interval":{"confidence_level":0.95,"lower_bound":293.0210434681368,"upper_bound":300.83946961262166},"point_estimate":296.4097854281548,"standard_error":2.0332701040833543},"StdDev":{"confidence_interval":{"confidence_level":0.95,"lower_bound":8.78517261038042,"upper_bound":15.005258220382014},"point_estimate":11.783687139125659,"standard_error":1.6458006455806362}}