{"Mean":{"confidence_interval":{"confidence_level":0.95,"lower_bound":37.35060601217902,"upper_bound":37.44819655544761},"point_estimate":37.39651845032276,"standard_error":0.02496602436006945},"Median":{"confidence_interval":{"confidence_level":0.95,"lower_bound":37.299407208284634,"upper_bound":37.36935250623561},"point_estimate":37.31681006868255,"standard_error":0.017227344966677237},"MedianAbsDev":{"confidence_interval":{"confidence_level":0.95,"lower_bound":0.09486188780874094,"upper_bound":0.16175641728847068},"point_estimate":0.11984784553336349,"standard_error":0.016884118751477682},"Slope":{"confidence_interval":{"confidence_level":0.95,"lower_bound":37.32826687867243,"upper_bound":37.46842234266251},"point_estimate":37.3905086146877,"standard_error":0.036079352488144624},"StdDev":{"confidence_interval":{"confidence_level":0.95,"lower_bound":0.17282008274641703,"upper_bound":0.3150329307197865},"point_estimate":0.2507892671206801,"standard_error":0.03636024548281448}}