{"Mean":{"confidence_interval":{"confidence_level":0.95,"lower_bound":47.58999785329716,"upper_bound":48.83593651946297},"point_estimate":48.15040906741729,"standard_error":0.32056223977190024},"Median":{"confidence_interval":{"confidence_level":0.95,"lower_bound":46.90154289168893,"upper_bound":47.14635038818888},"point_estimate":46.99770438658325,"standard_error":0.06848608250322848},"MedianAbsDev":{"confidence_interval":{"confidence_level":0.95,"lower_bound":0.3019323853755649,"upper_bound":0.6834915407058316},"point_estimate":0.44686430895939677,"standard_error":0.10679316380416974},"Slope":{"confidence_interval":{"confidence_level":0.95,"lower_bound":47.61211605106092,"upper_bound":49.348650307171596},"point_estimate":48.37737995586244,"standard_error":0.44516427164918676},"StdDev":{"confidence_interval":{"confidence_level":0.95,"lower_bound":1.546934620908919,"upper_bound":4.547948526746226},"point_estimate":3.2205170839928683,"standard_error":0.7589617052366413}}