{"Mean":{"confidence_interval":{"confidence_level":0.95,"lower_bound":44.6152518730612,"upper_bound":44.810983653711205},"point_estimate":44.707176228589326,"standard_error":0.049988461551612205},"Median":{"confidence_interval":{"confidence_level":0.95,"lower_bound":44.51053361210854,"upper_bound":44.71282802113219},"point_estimate":44.62863870165847,"standard_error":0.053750646122097054},"MedianAbsDev":{"confidence_interval":{"confidence_level":0.95,"lower_bound":0.2751141856638999,"upper_bound":0.4240082475738398},"point_estimate":0.34489623633310584,"standard_error":0.03695510973218382},"Slope":{"confidence_interval":{"confidence_level":0.95,"lower_bound":44.76424691866877,"upper_bound":45.038450187164536},"point_estimate":44.887760667836965,"standard_error":0.0705695916283089},"StdDev":{"confidence_interval":{"confidence_level":0.95,"lower_bound":0.3337535222674348,"upper_bound":0.6540154371125049},"point_estimate":0.5016908029922497,"standard_error":0.08218559826427713}}