{"Mean":{"confidence_interval":{"confidence_level":0.95,"lower_bound":57.432736424785496,"upper_bound":57.94721759734711},"point_estimate":57.681364652185636,"standard_error":0.13153739163565306},"Median":{"confidence_interval":{"confidence_level":0.95,"lower_bound":56.926792802467965,"upper_bound":57.673983154024086},"point_estimate":57.079292305251315,"standard_error":0.23631026506918193},"MedianAbsDev":{"confidence_interval":{"confidence_level":0.95,"lower_bound":0.6391304198431311,"upper_bound":1.4750013667066297},"point_estimate":0.8767703662213421,"standard_error":0.21056516795539865},"Slope":{"confidence_interval":{"confidence_level":0.95,"lower_bound":57.47116728896918,"upper_bound":58.112818999253825},"point_estimate":57.780413513010345,"standard_error":0.16429285349943576},"StdDev":{"confidence_interval":{"confidence_level":0.95,"lower_bound":1.0820116041432997,"upper_bound":1.5590360214498107},"point_estimate":1.3175194462213724,"standard_error":0.12309320966314503}}