{"Mean":{"confidence_interval":{"confidence_level":0.95,"lower_bound":60.13782890628207,"upper_bound":60.808289902963466},"point_estimate":60.468963279502766,"standard_error":0.1716788856946422},"Median":{"confidence_interval":{"confidence_level":0.95,"lower_bound":59.54833296288064,"upper_bound":60.36690036848961},"point_estimate":59.77854197229014,"standard_error":0.25390276297265313},"MedianAbsDev":{"confidence_interval":{"confidence_level":0.95,"lower_bound":1.1872766144453928,"upper_bound":2.685027961923098},"point_estimate":1.7480194529742525,"standard_error":0.4290026787309761},"Slope":{"confidence_interval":{"confidence_level":0.95,"lower_bound":60.308976740207335,"upper_bound":61.18248646914501},"point_estimate":60.7416257260985,"standard_error":0.2231868866937556},"StdDev":{"confidence_interval":{"confidence_level":0.95,"lower_bound":1.5580257688847332,"upper_bound":1.856270979762454},"point_estimate":1.7209495676509414,"standard_error":0.07607811346855285}}