{"Mean":{"confidence_interval":{"confidence_level":0.95,"lower_bound":4530.34875482547,"upper_bound":4612.236868364119},"point_estimate":4570.389638468861,"standard_error":20.926783745615193},"Median":{"confidence_interval":{"confidence_level":0.95,"lower_bound":4428.034435261708,"upper_bound":4468.2441919191915},"point_estimate":4437.048582386364,"standard_error":12.62428534840453},"MedianAbsDev":{"confidence_interval":{"confidence_level":0.95,"lower_bound":39.927844506656,"upper_bound":122.41217639415777},"point_estimate":62.15671444365643,"standard_error":22.906577358486697},"Slope":{"confidence_interval":{"confidence_level":0.95,"lower_bound":4566.034684987882,"upper_bound":4672.980531492381},"point_estimate":4617.369784515765,"standard_error":27.30458749224951},"StdDev":{"confidence_interval":{"confidence_level":0.95,"lower_bound":188.20635052444362,"upper_bound":226.66229802027433},"point_estimate":210.62579242189656,"standard_error":9.831286978058555}}