{"Mean":{"confidence_interval":{"confidence_level":0.95,"lower_bound":4363.477778925656,"upper_bound":4379.048216247609},"point_estimate":4370.670058917417,"standard_error":3.972796458166982},"Median":{"confidence_interval":{"confidence_level":0.95,"lower_bound":4357.604033751801,"upper_bound":4365.700041759386},"point_estimate":4361.082982329249,"standard_error":2.230409604597601},"MedianAbsDev":{"confidence_interval":{"confidence_level":0.95,"lower_bound":12.85065758896433,"upper_bound":20.97540602812621},"point_estimate":16.28073583504593,"standard_error":2.069106592200273},"Slope":{"confidence_interval":{"confidence_level":0.95,"lower_bound":4362.1988646208765,"upper_bound":4381.1532366669035},"point_estimate":4370.889109159364,"standard_error":4.847570012791702},"StdDev":{"confidence_interval":{"confidence_level":0.95,"lower_bound":24.407848399052632,"upper_bound":54.9203648217718},"point_estimate":40.002446593435636,"standard_error":7.9875754887849}}