{"Mean":{"confidence_interval":{"confidence_level":0.95,"lower_bound":4258.238152888682,"upper_bound":4276.418526494647},"point_estimate":4266.5947933539155,"standard_error":4.663916856499076},"Median":{"confidence_interval":{"confidence_level":0.95,"lower_bound":4252.203986489701,"upper_bound":4259.934350145978},"point_estimate":4256.03206076803,"standard_error":1.949664729868481},"MedianAbsDev":{"confidence_interval":{"confidence_level":0.95,"lower_bound":13.054656492490032,"upper_bound":23.055498549931844},"point_estimate":17.344233861770565,"standard_error":2.582784183410493},"Slope":{"confidence_interval":{"confidence_level":0.95,"lower_bound":4264.810556380597,"upper_bound":4286.983753289325},"point_estimate":4274.969701102306,"standard_error":5.698610875339421},"StdDev":{"confidence_interval":{"confidence_level":0.95,"lower_bound":27.266669776519105,"upper_bound":62.96340414100483},"point_estimate":46.983116925573185,"standard_error":9.074222243067384}}