{"Mean":{"confidence_interval":{"confidence_level":0.95,"lower_bound":91.4836754597793,"upper_bound":91.90863404345812},"point_estimate":91.67520592950183,"standard_error":0.10880906684561581},"Median":{"confidence_interval":{"confidence_level":0.95,"lower_bound":91.33116530103544,"upper_bound":91.49888959390863},"point_estimate":91.39591017854818,"standard_error":0.04867463774699728},"MedianAbsDev":{"confidence_interval":{"confidence_level":0.95,"lower_bound":0.20923674901861977,"upper_bound":0.3614784532878597},"point_estimate":0.27143877687974605,"standard_error":0.039581334541097614},"Slope":{"confidence_interval":{"confidence_level":0.95,"lower_bound":91.38044218851316,"upper_bound":92.01810941348332},"point_estimate":91.66307256625352,"standard_error":0.1642766252724566},"StdDev":{"confidence_interval":{"confidence_level":0.95,"lower_bound":0.5950621501867696,"upper_bound":1.4976543204516157},"point_estimate":1.0895290196206444,"standard_error":0.23047171471748884}}