{"Mean":{"confidence_interval":{"confidence_level":0.95,"lower_bound":89.533836202787,"upper_bound":90.45657697137435},"point_estimate":89.96542307438169,"standard_error":0.23531831734500053},"Median":{"confidence_interval":{"confidence_level":0.95,"lower_bound":88.88826338818019,"upper_bound":89.66586316253537},"point_estimate":89.30931565776615,"standard_error":0.18448213705019834},"MedianAbsDev":{"confidence_interval":{"confidence_level":0.95,"lower_bound":1.022434662448706,"upper_bound":1.8445318189640485},"point_estimate":1.5075902489367263,"standard_error":0.21637668797574164},"Slope":{"confidence_interval":{"confidence_level":0.95,"lower_bound":89.14829951678963,"upper_bound":90.33515726994649},"point_estimate":89.65802125159992,"standard_error":0.30536035376029086},"StdDev":{"confidence_interval":{"confidence_level":0.95,"lower_bound":1.6116072050682828,"upper_bound":3.111442068303487},"point_estimate":2.367642533513338,"standard_error":0.39066540123262633}}