{"Mean":{"confidence_interval":{"confidence_level":0.95,"lower_bound":2327.718459210573,"upper_bound":2342.610866889437},"point_estimate":2333.6095308819918,"standard_error":3.917472547881235},"Median":{"confidence_interval":{"confidence_level":0.95,"lower_bound":2324.661298088708,"upper_bound":2326.5760980942696},"point_estimate":2325.6241133502544,"standard_error":0.45465313241411354},"MedianAbsDev":{"confidence_interval":{"confidence_level":0.95,"lower_bound":3.0700347252315785,"upper_bound":4.9433843197829885},"point_estimate":4.170720365333734,"standard_error":0.506542425113809},"Slope":{"confidence_interval":{"confidence_level":0.95,"lower_bound":2326.7249385074188,"upper_bound":2332.9967133169853},"point_estimate":2329.566460967288,"standard_error":1.609224974241792},"StdDev":{"confidence_interval":{"confidence_level":0.95,"lower_bound":10.594237460614048,"upper_bound":64.27908729768677},"point_estimate":39.37384935069876,"standard_error":16.75412096385042}}