{"Mean":{"confidence_interval":{"confidence_level":0.95,"lower_bound":2172.276436391914,"upper_bound":2181.319792676086},"point_estimate":2176.3776033621994,"standard_error":2.315887049411014},"Median":{"confidence_interval":{"confidence_level":0.95,"lower_bound":2168.7718431614694,"upper_bound":2171.4365660850285},"point_estimate":2169.7240067118114,"standard_error":0.6882692807287101},"MedianAbsDev":{"confidence_interval":{"confidence_level":0.95,"lower_bound":4.010291444853531,"upper_bound":7.210310730013138},"point_estimate":5.218128793540381,"standard_error":0.7892465912873775},"Slope":{"confidence_interval":{"confidence_level":0.95,"lower_bound":2174.8448299107863,"upper_bound":2186.1730186402765},"point_estimate":2180.2395468618574,"standard_error":2.8966414069707604},"StdDev":{"confidence_interval":{"confidence_level":0.95,"lower_bound":13.066407245064697,"upper_bound":31.956549484646384},"point_estimate":23.232084756017144,"standard_error":4.840676685033635}}