{"Mean":{"confidence_interval":{"confidence_level":0.95,"lower_bound":105.39600492015488,"upper_bound":105.72935301531228},"point_estimate":105.55014208688584,"standard_error":0.08537244753202868},"Median":{"confidence_interval":{"confidence_level":0.95,"lower_bound":105.22055400372439,"upper_bound":105.37842298142579},"point_estimate":105.28597254716686,"standard_error":0.045780530703449215},"MedianAbsDev":{"confidence_interval":{"confidence_level":0.95,"lower_bound":0.218543637953113,"upper_bound":0.4100623730770118},"point_estimate":0.29508593432228925,"standard_error":0.04760584216155385},"Slope":{"confidence_interval":{"confidence_level":0.95,"lower_bound":105.3398807400879,"upper_bound":105.71274423006486},"point_estimate":105.51409233864462,"standard_error":0.09562870285393368},"StdDev":{"confidence_interval":{"confidence_level":0.95,"lower_bound":0.5377882220131055,"upper_bound":1.1334300245674875},"point_estimate":0.8582586323754563,"standard_error":0.15245295020646618}}