{"Mean":{"confidence_interval":{"confidence_level":0.95,"lower_bound":108.31261652484653,"upper_bound":109.45763502675015},"point_estimate":108.84897483452042,"standard_error":0.2929086073422149},"Median":{"confidence_interval":{"confidence_level":0.95,"lower_bound":107.4761452524721,"upper_bound":107.89401951817136},"point_estimate":107.58200257958535,"standard_error":0.10645933793748588},"MedianAbsDev":{"confidence_interval":{"confidence_level":0.95,"lower_bound":0.5720667411354687,"upper_bound":1.4434690520160003},"point_estimate":0.8751488468038883,"standard_error":0.20894661380433566},"Slope":{"confidence_interval":{"confidence_level":0.95,"lower_bound":109.02814838042882,"upper_bound":110.50413720084555},"point_estimate":109.7358752648929,"standard_error":0.3769064140615599},"StdDev":{"confidence_interval":{"confidence_level":0.95,"lower_bound":2.03875362363212,"upper_bound":3.704439818000806},"point_estimate":2.946690406048699,"standard_error":0.42587461075735833}}