{"Mean":{"confidence_interval":{"confidence_level":0.95,"lower_bound":31.28724388552147,"upper_bound":31.79827859045373},"point_estimate":31.54158411801365,"standard_error":0.13048551358750762},"Median":{"confidence_interval":{"confidence_level":0.95,"lower_bound":30.304655054443018,"upper_bound":32.60558038564679},"point_estimate":32.31426541948666,"standard_error":0.9622194304460397},"MedianAbsDev":{"confidence_interval":{"confidence_level":0.95,"lower_bound":0.26645033429154585,"upper_bound":2.4709173144945145},"point_estimate":2.02614579234206,"standard_error":0.6335850481006482},"Slope":{"confidence_interval":{"confidence_level":0.95,"lower_bound":31.204209842635063,"upper_bound":31.86349450395047},"point_estimate":31.533614089249102,"standard_error":0.16853466008125345},"StdDev":{"confidence_interval":{"confidence_level":0.95,"lower_bound":1.2352198792334563,"upper_bound":1.3829514961302107},"point_estimate":1.3103409614397006,"standard_error":0.03803005629942716}}