{"Mean":{"confidence_interval":{"confidence_level":0.95,"lower_bound":82.51904345022032,"upper_bound":83.1527320859449},"point_estimate":82.77768235023845,"standard_error":0.16490161661609976},"Median":{"confidence_interval":{"confidence_level":0.95,"lower_bound":82.33058843250319,"upper_bound":82.68742374447359},"point_estimate":82.5240930180558,"standard_error":0.09598873850433352},"MedianAbsDev":{"confidence_interval":{"confidence_level":0.95,"lower_bound":0.5415452267742621,"upper_bound":0.8429082773436016},"point_estimate":0.6824646615380466,"standard_error":0.07605753625787365},"Slope":{"confidence_interval":{"confidence_level":0.95,"lower_bound":82.49012491694035,"upper_bound":83.74717842651843},"point_estimate":82.95689717917404,"standard_error":0.3427693434512984},"StdDev":{"confidence_interval":{"confidence_level":0.95,"lower_bound":0.6026290478118032,"upper_bound":2.6671506747803098},"point_estimate":1.6580875396806023,"standard_error":0.6555129167624247}}