{"Mean":{"confidence_interval":{"confidence_level":0.95,"lower_bound":84.99205367934256,"upper_bound":85.94520466511635},"point_estimate":85.41284239662518,"standard_error":0.24470947883036773},"Median":{"confidence_interval":{"confidence_level":0.95,"lower_bound":84.914164287864,"upper_bound":85.12811565095942},"point_estimate":84.98573796335162,"standard_error":0.05797553487553885},"MedianAbsDev":{"confidence_interval":{"confidence_level":0.95,"lower_bound":0.3751669963585261,"upper_bound":0.7464324055640051},"point_estimate":0.4964977711812459,"standard_error":0.10421726171825173},"Slope":{"confidence_interval":{"confidence_level":0.95,"lower_bound":85.05979814110015,"upper_bound":87.2772024921247},"point_estimate":86.06632225834666,"standard_error":0.5642284859629982},"StdDev":{"confidence_interval":{"confidence_level":0.95,"lower_bound":0.8245487137567871,"upper_bound":3.5480835592878393},"point_estimate":2.4688807242044106,"standard_error":0.6528658330346299}}