{"Mean":{"confidence_interval":{"confidence_level":0.95,"lower_bound":258.43314255702796,"upper_bound":259.7155162680325},"point_estimate":259.0058121372934,"standard_error":0.3275538794935409},"Median":{"confidence_interval":{"confidence_level":0.95,"lower_bound":257.97955257908234,"upper_bound":258.51370167189134},"point_estimate":258.1914313956938,"standard_error":0.1435693964055397},"MedianAbsDev":{"confidence_interval":{"confidence_level":0.95,"lower_bound":1.0101701924368192,"upper_bound":1.694323965661588},"point_estimate":1.4348163342447688,"standard_error":0.1767142804323728},"Slope":{"confidence_interval":{"confidence_level":0.95,"lower_bound":258.3834571784804,"upper_bound":260.0133654489412},"point_estimate":259.105988541726,"standard_error":0.41697327863517164},"StdDev":{"confidence_interval":{"confidence_level":0.95,"lower_bound":1.8143500901113374,"upper_bound":4.78220499139516},"point_estimate":3.2832821448982688,"standard_error":0.8384185621393878}}