{"Mean":{"confidence_interval":{"confidence_level":0.95,"lower_bound":88.3591170132201,"upper_bound":88.97143300516086},"point_estimate":88.63529709655049,"standard_error":0.15732159878352872},"Median":{"confidence_interval":{"confidence_level":0.95,"lower_bound":88.16734052406395,"upper_bound":88.28867780247596},"point_estimate":88.23622231028557,"standard_error":0.03204576405754593},"MedianAbsDev":{"confidence_interval":{"confidence_level":0.95,"lower_bound":0.18593626442123612,"upper_bound":0.3477126984221128},"point_estimate":0.24631581710897876,"standard_error":0.04058348484898503},"Slope":{"confidence_interval":{"confidence_level":0.95,"lower_bound":88.4293574568571,"upper_bound":89.48433141898072},"point_estimate":88.89408330344905,"standard_error":0.27175238677219976},"StdDev":{"confidence_interval":{"confidence_level":0.95,"lower_bound":0.8114035640886694,"upper_bound":2.165594153872123},"point_estimate":1.5809141683560093,"standard_error":0.3425584080159242}}