{"Mean":{"confidence_interval":{"confidence_level":0.95,"lower_bound":30.27628609984304,"upper_bound":30.43605807079258},"point_estimate":30.350754931535484,"standard_error":0.04094862728709552},"Median":{"confidence_interval":{"confidence_level":0.95,"lower_bound":30.239240726056693,"upper_bound":30.27655733803991},"point_estimate":30.258958938505785,"standard_error":0.009107701944669372},"MedianAbsDev":{"confidence_interval":{"confidence_level":0.95,"lower_bound":0.06568973880819955,"upper_bound":0.12652988109228241},"point_estimate":0.08675351187271546,"standard_error":0.015485356586623067},"Slope":{"confidence_interval":{"confidence_level":0.95,"lower_bound":30.281426348391825,"upper_bound":30.481040713995135},"point_estimate":30.36899899825932,"standard_error":0.051391120881458675},"StdDev":{"confidence_interval":{"confidence_level":0.95,"lower_bound":0.25708428681460255,"upper_bound":0.5438800498300617},"point_estimate":0.4121946114044388,"standard_error":0.07324245927587396}}