{"Mean":{"confidence_interval":{"confidence_level":0.95,"lower_bound":74.37408869448824,"upper_bound":74.9372111421013},"point_estimate":74.60779921137971,"standard_error":0.14653264982799719},"Median":{"confidence_interval":{"confidence_level":0.95,"lower_bound":74.22054241464238,"upper_bound":74.32143924375274},"point_estimate":74.26161502469087,"standard_error":0.024100922107481576},"MedianAbsDev":{"confidence_interval":{"confidence_level":0.95,"lower_bound":0.18119463302823471,"upper_bound":0.3518017172324766},"point_estimate":0.2416410222812933,"standard_error":0.043087834492618014},"Slope":{"confidence_interval":{"confidence_level":0.95,"lower_bound":74.22856202883197,"upper_bound":74.65060198328239},"point_estimate":74.40520756298638,"standard_error":0.10956775863622076},"StdDev":{"confidence_interval":{"confidence_level":0.95,"lower_bound":0.5510139628653271,"upper_bound":2.336487257265998},"point_estimate":1.4719651783581573,"standard_error":0.550090437068661}}