{"Mean":{"confidence_interval":{"confidence_level":0.95,"lower_bound":70.01147300627584,"upper_bound":70.83639170285714},"point_estimate":70.39864086973263,"standard_error":0.21153171938314216},"Median":{"confidence_interval":{"confidence_level":0.95,"lower_bound":69.310442314519,"upper_bound":70.20214587995038},"point_estimate":69.77410530615403,"standard_error":0.2649236924939252},"MedianAbsDev":{"confidence_interval":{"confidence_level":0.95,"lower_bound":0.735631803577023,"upper_bound":1.7178349757737774},"point_estimate":1.2301922802203162,"standard_error":0.26692808134459606},"Slope":{"confidence_interval":{"confidence_level":0.95,"lower_bound":69.72905251244383,"upper_bound":70.25281178521837},"point_estimate":69.98462353360414,"standard_error":0.1333332501849574},"StdDev":{"confidence_interval":{"confidence_level":0.95,"lower_bound":1.4507079334446378,"upper_bound":2.7510601902361467},"point_estimate":2.131500579098412,"standard_error":0.33593283816111263}}