{"Mean":{"confidence_interval":{"confidence_level":0.95,"lower_bound":71.47299563390683,"upper_bound":71.84483930786648},"point_estimate":71.63880831280382,"standard_error":0.09545484878548526},"Median":{"confidence_interval":{"confidence_level":0.95,"lower_bound":71.38219091027696,"upper_bound":71.4961881821723},"point_estimate":71.46024188743792,"standard_error":0.03303745335700077},"MedianAbsDev":{"confidence_interval":{"confidence_level":0.95,"lower_bound":0.18171613007057782,"upper_bound":0.3917149874195325},"point_estimate":0.25036684183502134,"standard_error":0.05120496963013971},"Slope":{"confidence_interval":{"confidence_level":0.95,"lower_bound":71.52224791065609,"upper_bound":71.9609025396637},"point_estimate":71.70360820858782,"standard_error":0.1146409844324329},"StdDev":{"confidence_interval":{"confidence_level":0.95,"lower_bound":0.4729091641131936,"upper_bound":1.3832815444543012},"point_estimate":0.9623764892456043,"standard_error":0.23497558755596987}}