{"Mean":{"confidence_interval":{"confidence_level":0.95,"lower_bound":277.3982608657133,"upper_bound":281.4990106525572},"point_estimate":279.26302715452226,"standard_error":1.0531107343745498},"Median":{"confidence_interval":{"confidence_level":0.95,"lower_bound":275.206783993376,"upper_bound":275.9401262348015},"point_estimate":275.51434578570763,"standard_error":0.19310269725095483},"MedianAbsDev":{"confidence_interval":{"confidence_level":0.95,"lower_bound":1.142299578388452,"upper_bound":2.434494576781913},"point_estimate":1.5408113471285036,"standard_error":0.32418593403820095},"Slope":{"confidence_interval":{"confidence_level":0.95,"lower_bound":280.13494624736484,"upper_bound":288.3067665746445},"point_estimate":283.9386423816955,"standard_error":2.0985668709667524},"StdDev":{"confidence_interval":{"confidence_level":0.95,"lower_bound":6.253176567076892,"upper_bound":14.645554863525257},"point_estimate":10.580652423766916,"standard_error":2.192922600048744}}