{"Mean":{"confidence_interval":{"confidence_level":0.95,"lower_bound":51.26426374023239,"upper_bound":51.5474252378352},"point_estimate":51.39532512556943,"standard_error":0.07263170158150023},"Median":{"confidence_interval":{"confidence_level":0.95,"lower_bound":51.12292584282113,"upper_bound":51.21435263551549},"point_estimate":51.175351767015705,"standard_error":0.02452486376704626},"MedianAbsDev":{"confidence_interval":{"confidence_level":0.95,"lower_bound":0.1707953198299107,"upper_bound":0.3381266761361624},"point_estimate":0.24153718993484108,"standard_error":0.04191894465119802},"Slope":{"confidence_interval":{"confidence_level":0.95,"lower_bound":51.22284472500675,"upper_bound":51.65563179279358},"point_estimate":51.42086885448053,"standard_error":0.11110594743319402},"StdDev":{"confidence_interval":{"confidence_level":0.95,"lower_bound":0.4493016258902928,"upper_bound":0.969991162073839},"point_estimate":0.7267718630044834,"standard_error":0.13371841070012472}}