{"Mean":{"confidence_interval":{"confidence_level":0.95,"lower_bound":54.62458233363619,"upper_bound":55.77573456419659},"point_estimate":55.12869249378643,"standard_error":0.29612684134329553},"Median":{"confidence_interval":{"confidence_level":0.95,"lower_bound":54.30337629244867,"upper_bound":54.51232573381683},"point_estimate":54.39967314334834,"standard_error":0.044342125584446675},"MedianAbsDev":{"confidence_interval":{"confidence_level":0.95,"lower_bound":0.2337269370640326,"upper_bound":0.47085604504476936},"point_estimate":0.3367775613496146,"standard_error":0.058722984183387915},"Slope":{"confidence_interval":{"confidence_level":0.95,"lower_bound":54.62851529376577,"upper_bound":55.494083849830965},"point_estimate":54.964843162494425,"standard_error":0.2279131843411708},"StdDev":{"confidence_interval":{"confidence_level":0.95,"lower_bound":0.7633966895658637,"upper_bound":4.326037231209827},"point_estimate":2.983909525093333,"standard_error":0.8374682734684001}}