{"Mean":{"confidence_interval":{"confidence_level":0.95,"lower_bound":1623.5686693069963,"upper_bound":1633.2951313485244},"point_estimate":1627.704043239732,"standard_error":2.5310539355275203},"Median":{"confidence_interval":{"confidence_level":0.95,"lower_bound":1621.3378611813005,"upper_bound":1623.262323655953},"point_estimate":1622.2405133523464,"standard_error":0.4974845384131647},"MedianAbsDev":{"confidence_interval":{"confidence_level":0.95,"lower_bound":3.36854214107554,"upper_bound":6.11878182710633},"point_estimate":4.7267915730358965,"standard_error":0.6757631215029632},"Slope":{"confidence_interval":{"confidence_level":0.95,"lower_bound":1623.8221194710577,"upper_bound":1644.3035478761549},"point_estimate":1632.5521008040807,"standard_error":5.3210775470164515},"StdDev":{"confidence_interval":{"confidence_level":0.95,"lower_bound":7.7219958365246315,"upper_bound":39.72233398841366},"point_estimate":25.419512776653313,"standard_error":8.614296246318894}}