{"Mean":{"confidence_interval":{"confidence_level":0.95,"lower_bound":45.0200943107425,"upper_bound":45.424772741817705},"point_estimate":45.20884907218857,"standard_error":0.10344707714464037},"Median":{"confidence_interval":{"confidence_level":0.95,"lower_bound":44.81371051023204,"upper_bound":44.99546507244035},"point_estimate":44.87361843803312,"standard_error":0.044828218321523824},"MedianAbsDev":{"confidence_interval":{"confidence_level":0.95,"lower_bound":0.21719070490328998,"upper_bound":0.4192604877153289},"point_estimate":0.2707860252733748,"standard_error":0.04919677681696543},"Slope":{"confidence_interval":{"confidence_level":0.95,"lower_bound":44.920228750682675,"upper_bound":45.24620499880392},"point_estimate":45.06475917065231,"standard_error":0.08391173275650998},"StdDev":{"confidence_interval":{"confidence_level":0.95,"lower_bound":0.6797236136703663,"upper_bound":1.3300342760252029},"point_estimate":1.037490082130492,"standard_error":0.16601877297795592}}