{"Mean":{"confidence_interval":{"confidence_level":0.95,"lower_bound":48.239034367172536,"upper_bound":48.34858149109965},"point_estimate":48.29119901119739,"standard_error":0.02805340242228369},"Median":{"confidence_interval":{"confidence_level":0.95,"lower_bound":48.187470980922214,"upper_bound":48.279866692805335},"point_estimate":48.23678342019976,"standard_error":0.024012131689707315},"MedianAbsDev":{"confidence_interval":{"confidence_level":0.95,"lower_bound":0.11864631722625045,"upper_bound":0.18921796644460595},"point_estimate":0.1414516846142452,"standard_error":0.017718822954467996},"Slope":{"confidence_interval":{"confidence_level":0.95,"lower_bound":48.25227204842876,"upper_bound":48.37881245176037},"point_estimate":48.31092923666048,"standard_error":0.0325143782607777},"StdDev":{"confidence_interval":{"confidence_level":0.95,"lower_bound":0.20074690238896836,"upper_bound":0.35083664202791826},"point_estimate":0.28261692705046526,"standard_error":0.038292352779926646}}