{"Mean":{"confidence_interval":{"confidence_level":0.95,"lower_bound":47.64775615839093,"upper_bound":48.230352428012964},"point_estimate":47.91531768335364,"standard_error":0.14909656932866847},"Median":{"confidence_interval":{"confidence_level":0.95,"lower_bound":47.3815279045073,"upper_bound":47.47265857424605},"point_estimate":47.420595668624884,"standard_error":0.02335926496795947},"MedianAbsDev":{"confidence_interval":{"confidence_level":0.95,"lower_bound":0.17362492651015682,"upper_bound":0.3605936959063198},"point_estimate":0.24596884618305484,"standard_error":0.04932008099406412},"Slope":{"confidence_interval":{"confidence_level":0.95,"lower_bound":47.70694215637284,"upper_bound":48.36765069178249},"point_estimate":47.99886794621227,"standard_error":0.16933952521352222},"StdDev":{"confidence_interval":{"confidence_level":0.95,"lower_bound":0.8958747328219107,"upper_bound":1.9670836139641357},"point_estimate":1.4951331160410273,"standard_error":0.272234148203866}}