{"Mean":{"confidence_interval":{"confidence_level":0.95,"lower_bound":4132.319553697658,"upper_bound":4145.341050795647},"point_estimate":4138.1507255655915,"standard_error":3.3351129600483365},"Median":{"confidence_interval":{"confidence_level":0.95,"lower_bound":4129.256655518395,"upper_bound":4134.168543735186},"point_estimate":4131.406183159763,"standard_error":1.6358176891343215},"MedianAbsDev":{"confidence_interval":{"confidence_level":0.95,"lower_bound":7.5182232825120066,"upper_bound":13.056160976231409},"point_estimate":9.930112878777711,"standard_error":1.4094072610637252},"Slope":{"confidence_interval":{"confidence_level":0.95,"lower_bound":4134.867173658478,"upper_bound":4145.954238872565},"point_estimate":4139.946388997758,"standard_error":2.8382158859004125},"StdDev":{"confidence_interval":{"confidence_level":0.95,"lower_bound":15.928473706639364,"upper_bound":47.47737110514374},"point_estimate":33.487527790644556,"standard_error":8.04064617213865}}