{"Mean":{"confidence_interval":{"confidence_level":0.95,"lower_bound":252.6139244008955,"upper_bound":254.58734331607053},"point_estimate":253.4917852997994,"standard_error":0.5069279250706165},"Median":{"confidence_interval":{"confidence_level":0.95,"lower_bound":251.77030169201458,"upper_bound":252.22141066044367},"point_estimate":251.99541360595146,"standard_error":0.11427201215248352},"MedianAbsDev":{"confidence_interval":{"confidence_level":0.95,"lower_bound":0.7250868438130647,"upper_bound":1.6551552431654262},"point_estimate":1.1246362224328288,"standard_error":0.23349219832194643},"Slope":{"confidence_interval":{"confidence_level":0.95,"lower_bound":252.33311714560202,"upper_bound":253.82478983270664},"point_estimate":253.00782806817105,"standard_error":0.3825968205463595},"StdDev":{"confidence_interval":{"confidence_level":0.95,"lower_bound":2.5892760601809686,"upper_bound":7.432138070704928},"point_estimate":5.068441154953091,"standard_error":1.2984406998843976}}