{"Mean":{"confidence_interval":{"confidence_level":0.95,"lower_bound":250.9766014346699,"upper_bound":252.35184928841215},"point_estimate":251.58769110894343,"standard_error":0.3525808937078068},"Median":{"confidence_interval":{"confidence_level":0.95,"lower_bound":250.57410824267328,"upper_bound":250.8455008967461},"point_estimate":250.64837367378314,"standard_error":0.06387379471866059},"MedianAbsDev":{"confidence_interval":{"confidence_level":0.95,"lower_bound":0.5184810431324998,"upper_bound":1.0388617362989705},"point_estimate":0.6777191457010101,"standard_error":0.13077449785286258},"Slope":{"confidence_interval":{"confidence_level":0.95,"lower_bound":251.07529423058975,"upper_bound":252.51852286954477},"point_estimate":251.698582284353,"standard_error":0.37324963954238405},"StdDev":{"confidence_interval":{"confidence_level":0.95,"lower_bound":1.6023237134406705,"upper_bound":5.026210110031336},"point_estimate":3.5328729296669876,"standard_error":0.8634927059136402}}