{"Mean":{"confidence_interval":{"confidence_level":0.95,"lower_bound":78.32382934956081,"upper_bound":79.42705740783727},"point_estimate":78.76679439309501,"standard_error":0.2898143972963436},"Median":{"confidence_interval":{"confidence_level":0.95,"lower_bound":78.16303225891608,"upper_bound":78.28976745358071},"point_estimate":78.22668213176351,"standard_error":0.03373817868193376},"MedianAbsDev":{"confidence_interval":{"confidence_level":0.95,"lower_bound":0.24357950070450077,"upper_bound":0.41634119342356996},"point_estimate":0.309195149565836,"standard_error":0.04425012074744463},"Slope":{"confidence_interval":{"confidence_level":0.95,"lower_bound":78.23444271265564,"upper_bound":80.03753864013812},"point_estimate":78.90081173328342,"standard_error":0.4872560107614297},"StdDev":{"confidence_interval":{"confidence_level":0.95,"lower_bound":0.5621936058296969,"upper_bound":4.754724167244962},"point_estimate":2.9184009605674404,"standard_error":1.1922344526424384}}