{"Mean":{"confidence_interval":{"confidence_level":0.95,"lower_bound":64.57922609895321,"upper_bound":65.19964889878767},"point_estimate":64.84936240410455,"standard_error":0.1597850660986101},"Median":{"confidence_interval":{"confidence_level":0.95,"lower_bound":64.40805813682388,"upper_bound":64.5482551811658},"point_estimate":64.45405198277275,"standard_error":0.03635458738855753},"MedianAbsDev":{"confidence_interval":{"confidence_level":0.95,"lower_bound":0.2045443544228392,"upper_bound":0.42633547949593625},"point_estimate":0.3109660119680056,"standard_error":0.05977073701154737},"Slope":{"confidence_interval":{"confidence_level":0.95,"lower_bound":64.62996317867044,"upper_bound":64.97426471958651},"point_estimate":64.78947992288401,"standard_error":0.08816066238435555},"StdDev":{"confidence_interval":{"confidence_level":0.95,"lower_bound":0.5710637707617781,"upper_bound":2.370876043992485},"point_estimate":1.6027967346593022,"standard_error":0.47469797379951373}}