{"Mean":{"confidence_interval":{"confidence_level":0.95,"lower_bound":62.140270408289034,"upper_bound":62.938148423992175},"point_estimate":62.44040992159152,"standard_error":0.2155387161011032},"Median":{"confidence_interval":{"confidence_level":0.95,"lower_bound":62.0624525162015,"upper_bound":62.14318038174694},"point_estimate":62.1028259941087,"standard_error":0.018406512471545438},"MedianAbsDev":{"confidence_interval":{"confidence_level":0.95,"lower_bound":0.10522359467170606,"upper_bound":0.16672762409023095},"point_estimate":0.13424104032801762,"standard_error":0.01570609482682658},"Slope":{"confidence_interval":{"confidence_level":0.95,"lower_bound":62.13808528263504,"upper_bound":62.29677768491175},"point_estimate":62.21086035110906,"standard_error":0.04056827698652633},"StdDev":{"confidence_interval":{"confidence_level":0.95,"lower_bound":0.25012983053637217,"upper_bound":3.621467006974747},"point_estimate":2.1675178684097336,"standard_error":1.0428569275262503}}