{"Mean":{"confidence_interval":{"confidence_level":0.95,"lower_bound":96.03689757737405,"upper_bound":99.63663078043044},"point_estimate":97.62020304169731,"standard_error":0.925475779873839},"Median":{"confidence_interval":{"confidence_level":0.95,"lower_bound":94.7938981123143,"upper_bound":95.72819448161985},"point_estimate":95.37074890198984,"standard_error":0.24031903558313356},"MedianAbsDev":{"confidence_interval":{"confidence_level":0.95,"lower_bound":1.4634794732784209,"upper_bound":2.6017312900971166},"point_estimate":2.0409669546738294,"standard_error":0.29570159148107433},"Slope":{"confidence_interval":{"confidence_level":0.95,"lower_bound":96.10662824928937,"upper_bound":99.77307266806153},"point_estimate":97.64276721825365,"standard_error":0.9457139072032114},"StdDev":{"confidence_interval":{"confidence_level":0.95,"lower_bound":3.8030656616623846,"upper_bound":13.905108233793959},"point_estimate":9.336063102593405,"standard_error":2.616705525430928}}