{"Mean":{"confidence_interval":{"confidence_level":0.95,"lower_bound":1799.433045655227,"upper_bound":1838.4732026241606},"point_estimate":1814.5495050818915,"standard_error":10.369343212252778},"Median":{"confidence_interval":{"confidence_level":0.95,"lower_bound":1787.9859622907404,"upper_bound":1796.4038461538462},"point_estimate":1789.8979906604686,"standard_error":1.7192652924139644},"MedianAbsDev":{"confidence_interval":{"confidence_level":0.95,"lower_bound":9.115288690818861,"upper_bound":20.353783853758998},"point_estimate":12.54411047028517,"standard_error":2.714706906548667},"Slope":{"confidence_interval":{"confidence_level":0.95,"lower_bound":1799.7415912758584,"upper_bound":1826.3591108629919},"point_estimate":1810.757919742815,"standard_error":6.854146189066836},"StdDev":{"confidence_interval":{"confidence_level":0.95,"lower_bound":25.478648057320008,"upper_bound":170.85468481014587},"point_estimate":103.79498911566768,"standard_error":46.14031650239818}}