{"Mean":{"confidence_interval":{"confidence_level":0.95,"lower_bound":19.720533540852653,"upper_bound":19.805324797229282},"point_estimate":19.761438454245056,"standard_error":0.02163699417741553},"Median":{"confidence_interval":{"confidence_level":0.95,"lower_bound":19.651346787341808,"upper_bound":19.73061877533678},"point_estimate":19.68927468119376,"standard_error":0.022528641941045632},"MedianAbsDev":{"confidence_interval":{"confidence_level":0.95,"lower_bound":0.09395926464158313,"upper_bound":0.17986819763319467},"point_estimate":0.1285582350966868,"standard_error":0.02166974502929385},"Slope":{"confidence_interval":{"confidence_level":0.95,"lower_bound":19.754654058951516,"upper_bound":19.89513881373754},"point_estimate":19.822580397270606,"standard_error":0.03595401198036841},"StdDev":{"confidence_interval":{"confidence_level":0.95,"lower_bound":0.17381818181028907,"upper_bound":0.25367830912360334},"point_estimate":0.217048977462745,"standard_error":0.02045415092146465}}