{"Mean":{"confidence_interval":{"confidence_level":0.95,"lower_bound":20.650890315558023,"upper_bound":20.905681015052608},"point_estimate":20.765097517018184,"standard_error":0.06552085522978608},"Median":{"confidence_interval":{"confidence_level":0.95,"lower_bound":20.53888014297391,"upper_bound":20.609741549299244},"point_estimate":20.555167968388027,"standard_error":0.015112114303263485},"MedianAbsDev":{"confidence_interval":{"confidence_level":0.95,"lower_bound":0.09076770696746712,"upper_bound":0.17489925713889717},"point_estimate":0.11444364947877994,"standard_error":0.018868317162757754},"Slope":{"confidence_interval":{"confidence_level":0.95,"lower_bound":20.68077611744053,"upper_bound":20.896538513288494},"point_estimate":20.779010781857618,"standard_error":0.055141193825062315},"StdDev":{"confidence_interval":{"confidence_level":0.95,"lower_bound":0.32793153972878925,"upper_bound":0.940599569298018},"point_estimate":0.6590777232068654,"standard_error":0.15896949288764134}}