{"Mean":{"confidence_interval":{"confidence_level":0.95,"lower_bound":2263.3618860934503,"upper_bound":2355.8377205158567},"point_estimate":2306.3125921118863,"standard_error":23.64363795235373},"Median":{"confidence_interval":{"confidence_level":0.95,"lower_bound":2210.8250155311657,"upper_bound":2217.219429783136},"point_estimate":2214.1924537018285,"standard_error":2.08548335150596},"MedianAbsDev":{"confidence_interval":{"confidence_level":0.95,"lower_bound":8.296988240437777,"upper_bound":18.751620697227157},"point_estimate":13.73095246693504,"standard_error":3.2365018992944226},"Slope":{"confidence_interval":{"confidence_level":0.95,"lower_bound":2238.9731063168756,"upper_bound":2295.9482293017004},"point_estimate":2263.687979781285,"standard_error":14.64702341944792},"StdDev":{"confidence_interval":{"confidence_level":0.95,"lower_bound":152.9515506324519,"upper_bound":305.54251643042846},"point_estimate":237.6949427330547,"standard_error":38.97794551475662}}