{"Mean":{"confidence_interval":{"confidence_level":0.95,"lower_bound":2213.933209008799,"upper_bound":2233.061920500343},"point_estimate":2222.56092393274,"standard_error":4.917947691943444},"Median":{"confidence_interval":{"confidence_level":0.95,"lower_bound":2204.8025727069353,"upper_bound":2209.5845637583893},"point_estimate":2206.3197730238626,"standard_error":1.3251323615580057},"MedianAbsDev":{"confidence_interval":{"confidence_level":0.95,"lower_bound":5.948573076718463,"upper_bound":12.000767840635076},"point_estimate":8.260971885881029,"standard_error":1.6457133786952398},"Slope":{"confidence_interval":{"confidence_level":0.95,"lower_bound":2213.206686193633,"upper_bound":2242.3798336870677},"point_estimate":2225.5578645347255,"standard_error":7.600173421803815},"StdDev":{"confidence_interval":{"confidence_level":0.95,"lower_bound":24.400098743095125,"upper_bound":68.16655832153957},"point_estimate":49.26253451084462,"standard_error":10.886284396367408}}