{"Mean":{"confidence_interval":{"confidence_level":0.95,"lower_bound":10.023199519488358,"upper_bound":10.257970789076987},"point_estimate":10.132761351334329,"standard_error":0.06023654207206071},"Median":{"confidence_interval":{"confidence_level":0.95,"lower_bound":9.864673582434364,"upper_bound":9.968383686533201},"point_estimate":9.889936003553116,"standard_error":0.02717713490874536},"MedianAbsDev":{"confidence_interval":{"confidence_level":0.95,"lower_bound":0.06801685034896872,"upper_bound":0.1787111910223853},"point_estimate":0.10962074920990164,"standard_error":0.028036675907699874},"Slope":{"confidence_interval":{"confidence_level":0.95,"lower_bound":9.95467499861363,"upper_bound":10.187280221316062},"point_estimate":10.054763066495267,"standard_error":0.06028460693398532},"StdDev":{"confidence_interval":{"confidence_level":0.95,"lower_bound":0.39702732192231194,"upper_bound":0.7741124011548433},"point_estimate":0.6046997225310481,"standard_error":0.09632736934934745}}