{"Mean":{"confidence_interval":{"confidence_level":0.95,"lower_bound":9.862054026859266,"upper_bound":10.073939969603613},"point_estimate":9.954318633883515,"standard_error":0.05443639859059625},"Median":{"confidence_interval":{"confidence_level":0.95,"lower_bound":9.807207994783047,"upper_bound":9.816070993288804},"point_estimate":9.810655906885632,"standard_error":0.0024796504848924815},"MedianAbsDev":{"confidence_interval":{"confidence_level":0.95,"lower_bound":0.018389655009286802,"upper_bound":0.03444430797668955},"point_estimate":0.023813384715968566,"standard_error":0.004129906959451778},"Slope":{"confidence_interval":{"confidence_level":0.95,"lower_bound":9.818586442203717,"upper_bound":9.867076868222423},"point_estimate":9.840088750069299,"standard_error":0.012482362674170326},"StdDev":{"confidence_interval":{"confidence_level":0.95,"lower_bound":0.21150278922169335,"upper_bound":0.8180288005316911},"point_estimate":0.5470467465436508,"standard_error":0.15613235474435908}}