{"Mean":{"confidence_interval":{"confidence_level":0.95,"lower_bound":89.44234074713302,"upper_bound":89.71530554299275},"point_estimate":89.56783578428674,"standard_error":0.06996145403126537},"Median":{"confidence_interval":{"confidence_level":0.95,"lower_bound":89.37397293945455,"upper_bound":89.44584420455828},"point_estimate":89.4059749757641,"standard_error":0.018442397933910802},"MedianAbsDev":{"confidence_interval":{"confidence_level":0.95,"lower_bound":0.12426777233940149,"upper_bound":0.23921084038734072},"point_estimate":0.1741448444041053,"standard_error":0.02967287247525674},"Slope":{"confidence_interval":{"confidence_level":0.95,"lower_bound":89.47366515837965,"upper_bound":89.90972625422955},"point_estimate":89.67223147579456,"standard_error":0.11211528884691845},"StdDev":{"confidence_interval":{"confidence_level":0.95,"lower_bound":0.3999213147433106,"upper_bound":0.9707555497533537},"point_estimate":0.7035109812151861,"standard_error":0.14774191804805137}}