{"Mean":{"confidence_interval":{"confidence_level":0.95,"lower_bound":79.15879556383196,"upper_bound":79.98939801733722},"point_estimate":79.5233817501926,"standard_error":0.21350237483333814},"Median":{"confidence_interval":{"confidence_level":0.95,"lower_bound":79.39002856503362,"upper_bound":79.67871379637764},"point_estimate":79.51023684429686,"standard_error":0.07293315415716844},"MedianAbsDev":{"confidence_interval":{"confidence_level":0.95,"lower_bound":0.6921037878419589,"upper_bound":1.5345112292524672},"point_estimate":1.0191876209304318,"standard_error":0.19603976444825252},"Slope":{"confidence_interval":{"confidence_level":0.95,"lower_bound":79.15176486182385,"upper_bound":79.88008003357525},"point_estimate":79.49724302357367,"standard_error":0.186214109628808},"StdDev":{"confidence_interval":{"confidence_level":0.95,"lower_bound":0.9910094830362195,"upper_bound":3.185986914987111},"point_estimate":2.1449891556420755,"standard_error":0.5984364698797481}}