{"Mean":{"confidence_interval":{"confidence_level":0.95,"lower_bound":76.46326700094937,"upper_bound":76.70577875105806},"point_estimate":76.57330775043528,"standard_error":0.061859743378408674},"Median":{"confidence_interval":{"confidence_level":0.95,"lower_bound":76.3217263150414,"upper_bound":76.4606915952523},"point_estimate":76.372292914264,"standard_error":0.033945400933705974},"MedianAbsDev":{"confidence_interval":{"confidence_level":0.95,"lower_bound":0.18286457238479864,"upper_bound":0.35617851370209846},"point_estimate":0.25232719268724135,"standard_error":0.041079850786925116},"Slope":{"confidence_interval":{"confidence_level":0.95,"lower_bound":76.49052831602242,"upper_bound":76.85620543330297},"point_estimate":76.65749610098165,"standard_error":0.09360064172477972},"StdDev":{"confidence_interval":{"confidence_level":0.95,"lower_bound":0.36980304884104764,"upper_bound":0.8711114167063813},"point_estimate":0.6208804648825111,"standard_error":0.13357716128677205}}