{"Mean":{"confidence_interval":{"confidence_level":0.95,"lower_bound":75.75691709958161,"upper_bound":76.3302940157046},"point_estimate":76.01059850810607,"standard_error":0.14748497139912262},"Median":{"confidence_interval":{"confidence_level":0.95,"lower_bound":75.60605241623688,"upper_bound":75.74746275421725},"point_estimate":75.65673995193939,"standard_error":0.033137413840357274},"MedianAbsDev":{"confidence_interval":{"confidence_level":0.95,"lower_bound":0.18915105247231187,"upper_bound":0.32282470945547864},"point_estimate":0.24474289142565625,"standard_error":0.03386976896690798},"Slope":{"confidence_interval":{"confidence_level":0.95,"lower_bound":75.72463850331782,"upper_bound":76.20099340697644},"point_estimate":75.93481947346697,"standard_error":0.122398734206702},"StdDev":{"confidence_interval":{"confidence_level":0.95,"lower_bound":0.587833846886342,"upper_bound":2.1562786244323093},"point_estimate":1.488395069396027,"standard_error":0.396040897696642}}