{"Mean":{"confidence_interval":{"confidence_level":0.95,"lower_bound":76.57813005025326,"upper_bound":77.73347790144388},"point_estimate":77.10260428000063,"standard_error":0.2967035252431246},"Median":{"confidence_interval":{"confidence_level":0.95,"lower_bound":75.76293534940011,"upper_bound":76.41324172713705},"point_estimate":76.05710796567095,"standard_error":0.13096576081420708},"MedianAbsDev":{"confidence_interval":{"confidence_level":0.95,"lower_bound":0.40331728664615396,"upper_bound":1.0852336921189787},"point_estimate":0.6587487518585866,"standard_error":0.1509334897589982},"Slope":{"confidence_interval":{"confidence_level":0.95,"lower_bound":76.19147157812765,"upper_bound":77.07084335048836},"point_estimate":76.59118026161116,"standard_error":0.22511342565928194},"StdDev":{"confidence_interval":{"confidence_level":0.95,"lower_bound":1.6947500219353977,"upper_bound":4.03860071039298},"point_estimate":2.98110375676541,"standard_error":0.591769690449272}}