{"Mean":{"confidence_interval":{"confidence_level":0.95,"lower_bound":64.15221508965558,"upper_bound":64.54385694713797},"point_estimate":64.31919675202161,"standard_error":0.10136076918490862},"Median":{"confidence_interval":{"confidence_level":0.95,"lower_bound":64.07128594249201,"upper_bound":64.20638415110454},"point_estimate":64.14152847507481,"standard_error":0.033807272568123325},"MedianAbsDev":{"confidence_interval":{"confidence_level":0.95,"lower_bound":0.19099838612118247,"upper_bound":0.3128305022379806},"point_estimate":0.254292191646258,"standard_error":0.030465439100088344},"Slope":{"confidence_interval":{"confidence_level":0.95,"lower_bound":64.08312584211473,"upper_bound":64.34013552188736},"point_estimate":64.1982418324629,"standard_error":0.06576102156819154},"StdDev":{"confidence_interval":{"confidence_level":0.95,"lower_bound":0.3256055528930925,"upper_bound":1.5633480525458956},"point_estimate":1.0229928716028087,"standard_error":0.33079153682984924}}