{"Mean":{"confidence_interval":{"confidence_level":0.95,"lower_bound":66.55206589222017,"upper_bound":67.47197221284104},"point_estimate":66.95572364623676,"standard_error":0.2356077923633525},"Median":{"confidence_interval":{"confidence_level":0.95,"lower_bound":66.26373903547817,"upper_bound":66.5893807093807},"point_estimate":66.44334606099312,"standard_error":0.09775398872689643},"MedianAbsDev":{"confidence_interval":{"confidence_level":0.95,"lower_bound":0.6781408979334941,"upper_bound":1.4067193191950877},"point_estimate":0.9933886050287151,"standard_error":0.1824666591192206},"Slope":{"confidence_interval":{"confidence_level":0.95,"lower_bound":66.05034080073213,"upper_bound":66.5511282295619},"point_estimate":66.28444434470443,"standard_error":0.12780682758190295},"StdDev":{"confidence_interval":{"confidence_level":0.95,"lower_bound":1.1893456016088981,"upper_bound":3.547700853399115},"point_estimate":2.366202638444294,"standard_error":0.6815467957208382}}