{"Mean":{"confidence_interval":{"confidence_level":0.95,"lower_bound":64.60313160606289,"upper_bound":64.9532056863448},"point_estimate":64.76520837820783,"standard_error":0.08973500067087192},"Median":{"confidence_interval":{"confidence_level":0.95,"lower_bound":64.40012986016669,"upper_bound":64.64123253722184},"point_estimate":64.48199234771963,"standard_error":0.06853649854870142},"MedianAbsDev":{"confidence_interval":{"confidence_level":0.95,"lower_bound":0.27168333896089636,"upper_bound":0.47214573544018384},"point_estimate":0.35387461877097964,"standard_error":0.050404190907523884},"Slope":{"confidence_interval":{"confidence_level":0.95,"lower_bound":64.6608787878958,"upper_bound":65.2167933211715},"point_estimate":64.9046645623694,"standard_error":0.1432234554721399},"StdDev":{"confidence_interval":{"confidence_level":0.95,"lower_bound":0.5571564830073961,"upper_bound":1.212610888799113},"point_estimate":0.9041070222108996,"standard_error":0.16933762740779337}}