{"Mean":{"confidence_interval":{"confidence_level":0.95,"lower_bound":51.013225329585374,"upper_bound":51.996069092327666},"point_estimate":51.50621561645384,"standard_error":0.2511624524496705},"Median":{"confidence_interval":{"confidence_level":0.95,"lower_bound":52.5559153186758,"upper_bound":52.80896727759645},"point_estimate":52.70571829138649,"standard_error":0.21073405306720447},"MedianAbsDev":{"confidence_interval":{"confidence_level":0.95,"lower_bound":1.1569972861313231,"upper_bound":2.4160712582833113},"point_estimate":1.6370888911755381,"standard_error":0.3858453992325778},"Slope":{"confidence_interval":{"confidence_level":0.95,"lower_bound":49.239654283286846,"upper_bound":50.262175670214845},"point_estimate":49.69310342963803,"standard_error":0.26251971890856324},"StdDev":{"confidence_interval":{"confidence_level":0.95,"lower_bound":2.2871373179465206,"upper_bound":2.7574074584370822},"point_estimate":2.528946138588198,"standard_error":0.11969102462676977}}