{"Mean":{"confidence_interval":{"confidence_level":0.95,"lower_bound":49.185815366835456,"upper_bound":49.57180944851885},"point_estimate":49.36734443102558,"standard_error":0.09862936041434986},"Median":{"confidence_interval":{"confidence_level":0.95,"lower_bound":48.84959397861963,"upper_bound":49.2805180627233},"point_estimate":49.037024861055976,"standard_error":0.10548490423627797},"MedianAbsDev":{"confidence_interval":{"confidence_level":0.95,"lower_bound":0.3563657875977496,"upper_bound":0.823047294216319},"point_estimate":0.5563681819303283,"standard_error":0.12157641984378047},"Slope":{"confidence_interval":{"confidence_level":0.95,"lower_bound":49.294819497754276,"upper_bound":49.77584653495671},"point_estimate":49.52069593814951,"standard_error":0.12255661691441065},"StdDev":{"confidence_interval":{"confidence_level":0.95,"lower_bound":0.6680828323414689,"upper_bound":1.3026774908539096},"point_estimate":0.994920002833386,"standard_error":0.16355252346695884}}