{"Mean":{"confidence_interval":{"confidence_level":0.95,"lower_bound":48.38349095969795,"upper_bound":48.76731702889461},"point_estimate":48.54300659945635,"standard_error":0.09954477686264443},"Median":{"confidence_interval":{"confidence_level":0.95,"lower_bound":48.32945011129169,"upper_bound":48.388001650184655},"point_estimate":48.35262323705413,"standard_error":0.017445098768261346},"MedianAbsDev":{"confidence_interval":{"confidence_level":0.95,"lower_bound":0.09046756315237518,"upper_bound":0.15517587056455062},"point_estimate":0.11495620890716624,"standard_error":0.016517820677818387},"Slope":{"confidence_interval":{"confidence_level":0.95,"lower_bound":48.405123946571486,"upper_bound":48.801711998560855},"point_estimate":48.57785277985497,"standard_error":0.10261910662934103},"StdDev":{"confidence_interval":{"confidence_level":0.95,"lower_bound":0.20704284429429243,"upper_bound":1.5891041609126544},"point_estimate":0.9991870157721778,"standard_error":0.3612695079138436}}