{"Mean":{"confidence_interval":{"confidence_level":0.95,"lower_bound":49.68907543959485,"upper_bound":49.83815740458995},"point_estimate":49.75863871458254,"standard_error":0.03824476931903317},"Median":{"confidence_interval":{"confidence_level":0.95,"lower_bound":49.63666369652897,"upper_bound":49.72644427465865},"point_estimate":49.67689554887366,"standard_error":0.024744662953977665},"MedianAbsDev":{"confidence_interval":{"confidence_level":0.95,"lower_bound":0.12382936017347425,"upper_bound":0.2063026989734888},"point_estimate":0.1671445661162324,"standard_error":0.0207452905958539},"Slope":{"confidence_interval":{"confidence_level":0.95,"lower_bound":49.691063964482964,"upper_bound":49.868534971384506},"point_estimate":49.77207750791802,"standard_error":0.04536123912873787},"StdDev":{"confidence_interval":{"confidence_level":0.95,"lower_bound":0.24147828356385403,"upper_bound":0.5045826155178349},"point_estimate":0.38395089716981806,"standard_error":0.06711936240368353}}