{"Mean":{"confidence_interval":{"confidence_level":0.95,"lower_bound":77.39632643688445,"upper_bound":78.48276137194514},"point_estimate":77.88088423979944,"standard_error":0.27927990709685263},"Median":{"confidence_interval":{"confidence_level":0.95,"lower_bound":76.79279297838579,"upper_bound":77.50019067429363},"point_estimate":76.98794567407697,"standard_error":0.17090228472697347},"MedianAbsDev":{"confidence_interval":{"confidence_level":0.95,"lower_bound":0.5735359892641324,"upper_bound":1.4291041095997545},"point_estimate":0.9425890090067232,"standard_error":0.22859339190048306},"Slope":{"confidence_interval":{"confidence_level":0.95,"lower_bound":77.35323091611296,"upper_bound":78.65791478981707},"point_estimate":77.92479538099803,"standard_error":0.3345665903975613},"StdDev":{"confidence_interval":{"confidence_level":0.95,"lower_bound":1.2379082303467113,"upper_bound":4.02696938782332},"point_estimate":2.8096698067987282,"standard_error":0.6984942196049299}}