{"Mean":{"confidence_interval":{"confidence_level":0.95,"lower_bound":54.61606195028416,"upper_bound":55.55840183066754},"point_estimate":54.94679753684432,"standard_error":0.28715625556475743},"Median":{"confidence_interval":{"confidence_level":0.95,"lower_bound":54.56572380899766,"upper_bound":54.65172423982743},"point_estimate":54.61055290465431,"standard_error":0.023689969559520935},"MedianAbsDev":{"confidence_interval":{"confidence_level":0.95,"lower_bound":0.11811973970080468,"upper_bound":0.19208996685295823},"point_estimate":0.14582977243405526,"standard_error":0.01893821134278401},"Slope":{"confidence_interval":{"confidence_level":0.95,"lower_bound":54.62997532141878,"upper_bound":54.78465347734225},"point_estimate":54.700201147907684,"standard_error":0.039658462636874},"StdDev":{"confidence_interval":{"confidence_level":0.95,"lower_bound":0.19739472226312144,"upper_bound":4.950626759081245},"point_estimate":2.8962929056712956,"standard_error":1.6799815328374799}}