{"Mean":{"confidence_interval":{"confidence_level":0.95,"lower_bound":1700.7514497232557,"upper_bound":1709.7555637503312},"point_estimate":1704.671121315638,"standard_error":2.3317934336698514},"Median":{"confidence_interval":{"confidence_level":0.95,"lower_bound":1698.7469089878484,"upper_bound":1700.890419480981},"point_estimate":1699.7428281450038,"standard_error":0.541920763492015},"MedianAbsDev":{"confidence_interval":{"confidence_level":0.95,"lower_bound":3.0025269913571746,"upper_bound":4.973441712009031},"point_estimate":3.769342060976398,"standard_error":0.5064258927410685},"Slope":{"confidence_interval":{"confidence_level":0.95,"lower_bound":1700.4816854245778,"upper_bound":1717.0129482255095},"point_estimate":1707.0249898054892,"standard_error":4.372772780888067},"StdDev":{"confidence_interval":{"confidence_level":0.95,"lower_bound":6.852055448968042,"upper_bound":35.42827609641673},"point_estimate":23.390528414487473,"standard_error":7.207752043061085}}