{"Mean":{"confidence_interval":{"confidence_level":0.95,"lower_bound":1710.768887531131,"upper_bound":1733.3307731506707},"point_estimate":1720.2532740745146,"standard_error":5.8530386242669605},"Median":{"confidence_interval":{"confidence_level":0.95,"lower_bound":1700.2269836328055,"upper_bound":1708.926160177405},"point_estimate":1705.0241438356165,"standard_error":2.4785831623755366},"MedianAbsDev":{"confidence_interval":{"confidence_level":0.95,"lower_bound":7.641986845805836,"upper_bound":17.148750467668627},"point_estimate":13.109962197046057,"standard_error":2.5276456922920243},"Slope":{"confidence_interval":{"confidence_level":0.95,"lower_bound":1707.5703635445036,"upper_bound":1716.2620779084334},"point_estimate":1711.6132158834878,"standard_error":2.2193211356805875},"StdDev":{"confidence_interval":{"confidence_level":0.95,"lower_bound":20.687874716602284,"upper_bound":92.757506502742},"point_estimate":59.0261273569428,"standard_error":20.640671484446496}}