{"Mean":{"confidence_interval":{"confidence_level":0.95,"lower_bound":1705.6975079879223,"upper_bound":1720.9561294898722},"point_estimate":1712.6177732028912,"standard_error":3.9033582613865083},"Median":{"confidence_interval":{"confidence_level":0.95,"lower_bound":1698.8251174757454,"upper_bound":1700.8665511265165},"point_estimate":1699.657961160734,"standard_error":0.5457772435354741},"MedianAbsDev":{"confidence_interval":{"confidence_level":0.95,"lower_bound":3.7580796737092768,"upper_bound":9.716104009013701},"point_estimate":5.570950363412655,"standard_error":1.6907015029955943},"Slope":{"confidence_interval":{"confidence_level":0.95,"lower_bound":1705.7464531760213,"upper_bound":1716.5539499445472},"point_estimate":1710.692584017811,"standard_error":2.7731403547525963},"StdDev":{"confidence_interval":{"confidence_level":0.95,"lower_bound":22.074347154461545,"upper_bound":53.514025444156935},"point_estimate":39.06500554311146,"standard_error":8.062391439780656}}