{"Mean":{"confidence_interval":{"confidence_level":0.95,"lower_bound":115.5342964108868,"upper_bound":116.0425760927026},"point_estimate":115.76738920620274,"standard_error":0.13030530842172408},"Median":{"confidence_interval":{"confidence_level":0.95,"lower_bound":115.3273682470064,"upper_bound":115.57451963241436},"point_estimate":115.43133141558349,"standard_error":0.07248832150725316},"MedianAbsDev":{"confidence_interval":{"confidence_level":0.95,"lower_bound":0.38154290321004736,"upper_bound":0.6574794580348555},"point_estimate":0.5105294776163197,"standard_error":0.07209840368550648},"Slope":{"confidence_interval":{"confidence_level":0.95,"lower_bound":115.27221784638103,"upper_bound":115.83248429587205},"point_estimate":115.52487501765101,"standard_error":0.14358274311344257},"StdDev":{"confidence_interval":{"confidence_level":0.95,"lower_bound":0.7404308689940011,"upper_bound":1.8033616062267601},"point_estimate":1.3149388819367795,"standard_error":0.2708503993579669}}