{"Mean":{"confidence_interval":{"confidence_level":0.95,"lower_bound":3814.7196905940273,"upper_bound":3837.9357864493877},"point_estimate":3825.9304304721322,"standard_error":5.9325954869598085},"Median":{"confidence_interval":{"confidence_level":0.95,"lower_bound":3801.6463535502958,"upper_bound":3831.28630950719},"point_estimate":3817.402453337104,"standard_error":7.10636466337866},"MedianAbsDev":{"confidence_interval":{"confidence_level":0.95,"lower_bound":43.41739229108798,"upper_bound":68.4532108251792},"point_estimate":60.42258930154644,"standard_error":6.037640111487078},"Slope":{"confidence_interval":{"confidence_level":0.95,"lower_bound":3812.7025092522663,"upper_bound":3835.5442759341777},"point_estimate":3823.7809218037764,"standard_error":5.828812118972586},"StdDev":{"confidence_interval":{"confidence_level":0.95,"lower_bound":46.80729309019395,"upper_bound":72.1342261890989},"point_estimate":59.716922524164914,"standard_error":6.501632232414766}}