{"Mean":{"confidence_interval":{"confidence_level":0.95,"lower_bound":54.7277828302144,"upper_bound":55.50620637700667},"point_estimate":55.060750684899496,"standard_error":0.20114976763384823},"Median":{"confidence_interval":{"confidence_level":0.95,"lower_bound":54.486101666296584,"upper_bound":54.69378510629595},"point_estimate":54.554735889522604,"standard_error":0.04832623570539094},"MedianAbsDev":{"confidence_interval":{"confidence_level":0.95,"lower_bound":0.21000685254817208,"upper_bound":0.41739035770055555},"point_estimate":0.29181605524445675,"standard_error":0.049217094468810924},"Slope":{"confidence_interval":{"confidence_level":0.95,"lower_bound":54.70826047590986,"upper_bound":55.97923764682938},"point_estimate":55.18292179478028,"standard_error":0.34821008569750345},"StdDev":{"confidence_interval":{"confidence_level":0.95,"lower_bound":0.5690677501791211,"upper_bound":3.061129053932819},"point_estimate":2.01518186332664,"standard_error":0.6306593874875682}}