{"Mean":{"confidence_interval":{"confidence_level":0.95,"lower_bound":54.50029556815976,"upper_bound":54.75983242035267},"point_estimate":54.61948730390693,"standard_error":0.06662526735786027},"Median":{"confidence_interval":{"confidence_level":0.95,"lower_bound":54.38585879889256,"upper_bound":54.49049409758477},"point_estimate":54.44130740017403,"standard_error":0.025553192723861844},"MedianAbsDev":{"confidence_interval":{"confidence_level":0.95,"lower_bound":0.14959590936990957,"upper_bound":0.2571999009844817},"point_estimate":0.20529480529841618,"standard_error":0.02856708388224027},"Slope":{"confidence_interval":{"confidence_level":0.95,"lower_bound":54.539031367738446,"upper_bound":54.78854101799681},"point_estimate":54.65351083415326,"standard_error":0.06408221958728795},"StdDev":{"confidence_interval":{"confidence_level":0.95,"lower_bound":0.38398415240917266,"upper_bound":0.9053055300953123},"point_estimate":0.6709608567021141,"standard_error":0.13273467724102253}}