{"Mean":{"confidence_interval":{"confidence_level":0.95,"lower_bound":55.005715806104966,"upper_bound":55.95843785563692},"point_estimate":55.43803206910961,"standard_error":0.24341920804694114},"Median":{"confidence_interval":{"confidence_level":0.95,"lower_bound":54.45702351344891,"upper_bound":54.798110534970704},"point_estimate":54.68173745994736,"standard_error":0.08590791599934576},"MedianAbsDev":{"confidence_interval":{"confidence_level":0.95,"lower_bound":0.4990913981739579,"upper_bound":0.981385287313026},"point_estimate":0.8068207418206945,"standard_error":0.12287226170565019},"Slope":{"confidence_interval":{"confidence_level":0.95,"lower_bound":54.705133541749305,"upper_bound":55.36104247023482},"point_estimate":54.99251837647241,"standard_error":0.1683672699262406},"StdDev":{"confidence_interval":{"confidence_level":0.95,"lower_bound":1.3287708798292799,"upper_bound":3.36777844572662},"point_estimate":2.45285866565214,"standard_error":0.5194585130520504}}