{"Mean":{"confidence_interval":{"confidence_level":0.95,"lower_bound":87.80720540576279,"upper_bound":88.2364658250994},"point_estimate":87.98861551789938,"standard_error":0.11099496191048823},"Median":{"confidence_interval":{"confidence_level":0.95,"lower_bound":87.72512303427719,"upper_bound":87.83990211798242},"point_estimate":87.78392174911416,"standard_error":0.032554546445542384},"MedianAbsDev":{"confidence_interval":{"confidence_level":0.95,"lower_bound":0.1742270506504457,"upper_bound":0.2956692199759846},"point_estimate":0.23260625272961793,"standard_error":0.031341423645743695},"Slope":{"confidence_interval":{"confidence_level":0.95,"lower_bound":87.84632215569191,"upper_bound":88.26384450941111},"point_estimate":88.02792309941684,"standard_error":0.107540448131216},"StdDev":{"confidence_interval":{"confidence_level":0.95,"lower_bound":0.36391663149530534,"upper_bound":1.7396701474544403},"point_estimate":1.1156905966720423,"standard_error":0.37197577850581637}}