{"Mean":{"confidence_interval":{"confidence_level":0.95,"lower_bound":123.37688195907418,"upper_bound":124.77160580488986},"point_estimate":123.96311769950003,"standard_error":0.36095159406813465},"Median":{"confidence_interval":{"confidence_level":0.95,"lower_bound":122.95478989797274,"upper_bound":123.81162183616571},"point_estimate":123.39720847974525,"standard_error":0.23549011231527536},"MedianAbsDev":{"confidence_interval":{"confidence_level":0.95,"lower_bound":1.2085488581467139,"upper_bound":1.8095842247061074},"point_estimate":1.667027414407549,"standard_error":0.16436957078850084},"Slope":{"confidence_interval":{"confidence_level":0.95,"lower_bound":123.22716406281575,"upper_bound":123.98411638136858},"point_estimate":123.59102647535718,"standard_error":0.19279174790738707},"StdDev":{"confidence_interval":{"confidence_level":0.95,"lower_bound":1.442107777471907,"upper_bound":5.715042427498839},"point_estimate":3.6279848515385607,"standard_error":1.3069787513610425}}