{"Mean":{"confidence_interval":{"confidence_level":0.95,"lower_bound":6.7781692121141015,"upper_bound":6.80584745738115},"point_estimate":6.790866150531287,"standard_error":0.007105055360386845},"Median":{"confidence_interval":{"confidence_level":0.95,"lower_bound":6.767276101194402,"upper_bound":6.781016581522811},"point_estimate":6.773380798210893,"standard_error":0.0034568309268934983},"MedianAbsDev":{"confidence_interval":{"confidence_level":0.95,"lower_bound":0.019125799340386516,"upper_bound":0.02975305318702957},"point_estimate":0.024257288742378365,"standard_error":0.0027285320271368684},"Slope":{"confidence_interval":{"confidence_level":0.95,"lower_bound":6.776993355317047,"upper_bound":6.8153269848283715},"point_estimate":6.79440907637646,"standard_error":0.00987876043440649},"StdDev":{"confidence_interval":{"confidence_level":0.95,"lower_bound":0.040438935754188894,"upper_bound":0.09588180237359159},"point_estimate":0.07146007271946277,"standard_error":0.014067551451117166}}