{"Mean":{"confidence_interval":{"confidence_level":0.95,"lower_bound":263.7343611634817,"upper_bound":265.6583433856371},"point_estimate":264.60083091762255,"standard_error":0.4926763006660488},"Median":{"confidence_interval":{"confidence_level":0.95,"lower_bound":263.4676357723577,"upper_bound":264.73728095238096},"point_estimate":263.9581195670996,"standard_error":0.3753508874675455},"MedianAbsDev":{"confidence_interval":{"confidence_level":0.95,"lower_bound":1.5557393574781648,"upper_bound":3.3233991523538697},"point_estimate":2.4568253281859227,"standard_error":0.43092046142838425},"Slope":{"confidence_interval":{"confidence_level":0.95,"lower_bound":263.26123104316275,"upper_bound":264.62527323460273},"point_estimate":263.89969574070244,"standard_error":0.34744661513929154},"StdDev":{"confidence_interval":{"confidence_level":0.95,"lower_bound":2.4709876598220335,"upper_bound":7.16247508340378},"point_estimate":4.975242870377528,"standard_error":1.237994568076808}}