{"Mean":{"confidence_interval":{"confidence_level":0.95,"lower_bound":265.1386737536439,"upper_bound":268.69259582236833},"point_estimate":266.6554131896753,"standard_error":0.9179928941076415},"Median":{"confidence_interval":{"confidence_level":0.95,"lower_bound":264.52990899459803,"upper_bound":264.7795907378205},"point_estimate":264.60893148037746,"standard_error":0.058250245976826424},"MedianAbsDev":{"confidence_interval":{"confidence_level":0.95,"lower_bound":0.44402446745956614,"upper_bound":1.010941811016519},"point_estimate":0.7062081743022653,"standard_error":0.1450000501927823},"Slope":{"confidence_interval":{"confidence_level":0.95,"lower_bound":264.83283762451356,"upper_bound":268.1763493537767},"point_estimate":266.1427594115547,"standard_error":0.8782020777318318},"StdDev":{"confidence_interval":{"confidence_level":0.95,"lower_bound":2.2485458642365708,"upper_bound":14.178686025642342},"point_estimate":9.264059063339394,"standard_error":3.11049527333356}}