{"Mean":{"confidence_interval":{"confidence_level":0.95,"lower_bound":34.971334471348875,"upper_bound":36.233238087109406},"point_estimate":35.55020524287335,"standard_error":0.3233827145546194},"Median":{"confidence_interval":{"confidence_level":0.95,"lower_bound":34.27264315920002,"upper_bound":34.47300969188734},"point_estimate":34.37420063850485,"standard_error":0.05639344989856778},"MedianAbsDev":{"confidence_interval":{"confidence_level":0.95,"lower_bound":0.2305699318212853,"upper_bound":0.5172707844955337},"point_estimate":0.355653820682759,"standard_error":0.08046435517728384},"Slope":{"confidence_interval":{"confidence_level":0.95,"lower_bound":34.4298151512974,"upper_bound":35.06300788623307},"point_estimate":34.699551963295164,"standard_error":0.16256724596875624},"StdDev":{"confidence_interval":{"confidence_level":0.95,"lower_bound":1.9419053701561875,"upper_bound":4.281194740989739},"point_estimate":3.2513828373071,"standard_error":0.5951230017868862}}