{"Mean":{"confidence_interval":{"confidence_level":0.95,"lower_bound":1967.9369266073656,"upper_bound":2040.0420749261416},"point_estimate":2000.9424639903484,"standard_error":18.414460538582556},"Median":{"confidence_interval":{"confidence_level":0.95,"lower_bound":1928.8816446814483,"upper_bound":1935.6168065726022},"point_estimate":1931.594470909618,"standard_error":1.6326399334529687},"MedianAbsDev":{"confidence_interval":{"confidence_level":0.95,"lower_bound":7.921921549995795,"upper_bound":15.09798803286345},"point_estimate":10.840560203173236,"standard_error":1.9348287186824402},"Slope":{"confidence_interval":{"confidence_level":0.95,"lower_bound":1944.7605674099113,"upper_bound":1976.239168815763},"point_estimate":1958.4265870979673,"standard_error":8.030536572724545},"StdDev":{"confidence_interval":{"confidence_level":0.95,"lower_bound":110.95752909620867,"upper_bound":253.0585470156862},"point_estimate":184.99066532126096,"standard_error":36.82431092303661}}