{"Mean":{"confidence_interval":{"confidence_level":0.95,"lower_bound":1943.8574427849687,"upper_bound":1970.898591731181},"point_estimate":1955.3892284648432,"standard_error":7.000036842571586},"Median":{"confidence_interval":{"confidence_level":0.95,"lower_bound":1940.87446133877,"upper_bound":1943.07678970368},"point_estimate":1941.9176136363635,"standard_error":0.5561955354490595},"MedianAbsDev":{"confidence_interval":{"confidence_level":0.95,"lower_bound":3.692670536508221,"upper_bound":6.919690084153092},"point_estimate":5.352411055381317,"standard_error":0.862672714445903},"Slope":{"confidence_interval":{"confidence_level":0.95,"lower_bound":1943.6480791923764,"upper_bound":1979.8712102396817},"point_estimate":1957.368507521096,"standard_error":9.75134306203266},"StdDev":{"confidence_interval":{"confidence_level":0.95,"lower_bound":11.38625483938714,"upper_bound":109.52552321233887},"point_estimate":70.63736120029233,"standard_error":24.61393363804035}}