{"Mean":{"confidence_interval":{"confidence_level":0.95,"lower_bound":6.417669404991557,"upper_bound":6.449138368681683},"point_estimate":6.4314500321072545,"standard_error":0.00812983216223052},"Median":{"confidence_interval":{"confidence_level":0.95,"lower_bound":6.407193598400426,"upper_bound":6.417158711261868},"point_estimate":6.413340087423931,"standard_error":0.00263542448162928},"MedianAbsDev":{"confidence_interval":{"confidence_level":0.95,"lower_bound":0.013188531929332326,"upper_bound":0.02337123147813004},"point_estimate":0.018381478459801644,"standard_error":0.0027835884274526384},"Slope":{"confidence_interval":{"confidence_level":0.95,"lower_bound":6.416101552571114,"upper_bound":6.459005042391495},"point_estimate":6.434949994147576,"standard_error":0.011056434955155948},"StdDev":{"confidence_interval":{"confidence_level":0.95,"lower_bound":0.032965060415249325,"upper_bound":0.12329619983475505},"point_estimate":0.08200563065297446,"standard_error":0.02363132300500126}}