{"Mean":{"confidence_interval":{"confidence_level":0.95,"lower_bound":102.47508885836456,"upper_bound":106.30551964892331},"point_estimate":104.14408272310526,"standard_error":0.9885885765564952},"Median":{"confidence_interval":{"confidence_level":0.95,"lower_bound":101.03830824596767,"upper_bound":101.46003199311494},"point_estimate":101.23065081770577,"standard_error":0.0917641237144159},"MedianAbsDev":{"confidence_interval":{"confidence_level":0.95,"lower_bound":0.6759199121944695,"upper_bound":1.2576765691421545},"point_estimate":0.885012362359312,"standard_error":0.13393528314893008},"Slope":{"confidence_interval":{"confidence_level":0.95,"lower_bound":102.71499686384682,"upper_bound":106.46852432331167},"point_estimate":104.38176129585203,"standard_error":0.9644618049109963},"StdDev":{"confidence_interval":{"confidence_level":0.95,"lower_bound":4.170966320843341,"upper_bound":14.977337806792988},"point_estimate":9.948003696176457,"standard_error":2.8779079101361646}}