{"Mean":{"confidence_interval":{"confidence_level":0.95,"lower_bound":106.6467042749154,"upper_bound":107.20064879752552},"point_estimate":106.89874023707688,"standard_error":0.1418634129958709},"Median":{"confidence_interval":{"confidence_level":0.95,"lower_bound":106.47482674922449,"upper_bound":106.71848147517379},"point_estimate":106.65022172248112,"standard_error":0.07127742632630027},"MedianAbsDev":{"confidence_interval":{"confidence_level":0.95,"lower_bound":0.34340257925074447,"upper_bound":0.5930532216773724},"point_estimate":0.4701868036753735,"standard_error":0.06401655803801479},"Slope":{"confidence_interval":{"confidence_level":0.95,"lower_bound":106.82779112682329,"upper_bound":107.73741795130928},"point_estimate":107.23767186395949,"standard_error":0.23379636690658498},"StdDev":{"confidence_interval":{"confidence_level":0.95,"lower_bound":0.8116944434802359,"upper_bound":1.943073797128263},"point_estimate":1.4263448719205156,"standard_error":0.28976163972748026}}