{"Mean":{"confidence_interval":{"confidence_level":0.95,"lower_bound":70.24592096075408,"upper_bound":70.86430307232276},"point_estimate":70.52431603173966,"standard_error":0.1587740182632667},"Median":{"confidence_interval":{"confidence_level":0.95,"lower_bound":70.04298574173734,"upper_bound":70.24626412855895},"point_estimate":70.14979970592854,"standard_error":0.05210434342964612},"MedianAbsDev":{"confidence_interval":{"confidence_level":0.95,"lower_bound":0.34092265961175566,"upper_bound":0.5509421486810139},"point_estimate":0.4520091030290649,"standard_error":0.05158507159136737},"Slope":{"confidence_interval":{"confidence_level":0.95,"lower_bound":70.18240116903605,"upper_bound":70.62601951269956},"point_estimate":70.38108957368509,"standard_error":0.11365685141681567},"StdDev":{"confidence_interval":{"confidence_level":0.95,"lower_bound":0.787550404946745,"upper_bound":2.232038761299724},"point_estimate":1.59529052716505,"standard_error":0.3673779461994045}}