{"Mean":{"confidence_interval":{"confidence_level":0.95,"lower_bound":75.24000632290175,"upper_bound":75.63331667362846},"point_estimate":75.4297621659603,"standard_error":0.10032035777050541},"Median":{"confidence_interval":{"confidence_level":0.95,"lower_bound":75.14920936414515,"upper_bound":75.48732686451281},"point_estimate":75.31154615404213,"standard_error":0.08615804312536574},"MedianAbsDev":{"confidence_interval":{"confidence_level":0.95,"lower_bound":0.5786463127988898,"upper_bound":0.9259164853247861},"point_estimate":0.7600821685910951,"standard_error":0.08796498088632246},"Slope":{"confidence_interval":{"confidence_level":0.95,"lower_bound":75.39073048776899,"upper_bound":75.85933590946713},"point_estimate":75.60807071505509,"standard_error":0.12002405434165749},"StdDev":{"confidence_interval":{"confidence_level":0.95,"lower_bound":0.7614706115541761,"upper_bound":1.2344087678984013},"point_estimate":1.0060425207780481,"standard_error":0.12115691509038568}}