{"Mean":{"confidence_interval":{"confidence_level":0.95,"lower_bound":4184.620274640984,"upper_bound":4211.724327503221},"point_estimate":4197.05579513072,"standard_error":6.92770221886794},"Median":{"confidence_interval":{"confidence_level":0.95,"lower_bound":4167.319394213381,"upper_bound":4193.759158036057},"point_estimate":4172.05516105794,"standard_error":5.984919248043588},"MedianAbsDev":{"confidence_interval":{"confidence_level":0.95,"lower_bound":24.107734246890967,"upper_bound":45.80627746666831},"point_estimate":35.55581814734958,"standard_error":4.877681699693617},"Slope":{"confidence_interval":{"confidence_level":0.95,"lower_bound":4189.515438221734,"upper_bound":4223.583939657122},"point_estimate":4206.003055670389,"standard_error":8.715199447069502},"StdDev":{"confidence_interval":{"confidence_level":0.95,"lower_bound":43.16376023935489,"upper_bound":97.66724003715059},"point_estimate":69.74541295753406,"standard_error":15.145950750724}}