{"Mean":{"confidence_interval":{"confidence_level":0.95,"lower_bound":1937.8378416281541,"upper_bound":2003.0149983372678},"point_estimate":1965.3403881446482,"standard_error":17.01258727494547},"Median":{"confidence_interval":{"confidence_level":0.95,"lower_bound":1934.2604646066184,"upper_bound":1936.7548898750822},"point_estimate":1935.5998484184381,"standard_error":0.6157606430096946},"MedianAbsDev":{"confidence_interval":{"confidence_level":0.95,"lower_bound":4.226279052962614,"upper_bound":6.678388109629302},"point_estimate":5.669109009545555,"standard_error":0.6226531868009881},"Slope":{"confidence_interval":{"confidence_level":0.95,"lower_bound":1937.9824336530385,"upper_bound":1944.2659826033332},"point_estimate":1940.8549973140916,"standard_error":1.609231478378562},"StdDev":{"confidence_interval":{"confidence_level":0.95,"lower_bound":12.627176719288444,"upper_bound":262.5502495141193},"point_estimate":170.71549083989922,"standard_error":63.497435584226295}}