{"Mean":{"confidence_interval":{"confidence_level":0.95,"lower_bound":27.251001620874646,"upper_bound":27.38421372578625},"point_estimate":27.303867127590344,"standard_error":0.035134954169902304},"Median":{"confidence_interval":{"confidence_level":0.95,"lower_bound":27.213758333792494,"upper_bound":27.250203944508726},"point_estimate":27.24080948751385,"standard_error":0.010064590957747017},"MedianAbsDev":{"confidence_interval":{"confidence_level":0.95,"lower_bound":0.04706843254912859,"upper_bound":0.0815359238317859},"point_estimate":0.06676291656535734,"standard_error":0.0086324563575711},"Slope":{"confidence_interval":{"confidence_level":0.95,"lower_bound":27.25026257666903,"upper_bound":27.345601823049552},"point_estimate":27.294564829157533,"standard_error":0.024474299160819148},"StdDev":{"confidence_interval":{"confidence_level":0.95,"lower_bound":0.10494185565109716,"upper_bound":0.5751586565592187},"point_estimate":0.352851698784321,"standard_error":0.14978839346708778}}