{"Mean":{"confidence_interval":{"confidence_level":0.95,"lower_bound":27.391392791528133,"upper_bound":27.52288093833437},"point_estimate":27.4526224564562,"standard_error":0.033638247198163385},"Median":{"confidence_interval":{"confidence_level":0.95,"lower_bound":27.313801061463273,"upper_bound":27.39582666385907},"point_estimate":27.355302622640675,"standard_error":0.019746153292968572},"MedianAbsDev":{"confidence_interval":{"confidence_level":0.95,"lower_bound":0.1062811591762878,"upper_bound":0.1873938343611122},"point_estimate":0.1383082591383854,"standard_error":0.021570759574229603},"Slope":{"confidence_interval":{"confidence_level":0.95,"lower_bound":27.39182627272241,"upper_bound":27.530127912760285},"point_estimate":27.45565407689188,"standard_error":0.035462389611806436},"StdDev":{"confidence_interval":{"confidence_level":0.95,"lower_bound":0.22487995287289445,"upper_bound":0.4453785826868608},"point_estimate":0.33780167562628693,"standard_error":0.05721219257031881}}