{"Mean":{"confidence_interval":{"confidence_level":0.95,"lower_bound":27.331762486282198,"upper_bound":27.591311394399277},"point_estimate":27.433365125473802,"standard_error":0.0692154215649258},"Median":{"confidence_interval":{"confidence_level":0.95,"lower_bound":27.281071131978138,"upper_bound":27.31920167458236},"point_estimate":27.297635546495467,"standard_error":0.01059573752800384},"MedianAbsDev":{"confidence_interval":{"confidence_level":0.95,"lower_bound":0.06626687645212252,"upper_bound":0.1222272737916205},"point_estimate":0.08957566107804289,"standard_error":0.014716247687866151},"Slope":{"confidence_interval":{"confidence_level":0.95,"lower_bound":27.32125066107576,"upper_bound":27.540496215778003},"point_estimate":27.416892847479826,"standard_error":0.05697203582563062},"StdDev":{"confidence_interval":{"confidence_level":0.95,"lower_bound":0.17209180420981385,"upper_bound":1.1426154535512314},"point_estimate":0.6947027968590075,"standard_error":0.3082231133490469}}