{"Mean":{"confidence_interval":{"confidence_level":0.95,"lower_bound":8.245094794925972,"upper_bound":8.26502780854082},"point_estimate":8.254261257740497,"standard_error":0.005108887788797189},"Median":{"confidence_interval":{"confidence_level":0.95,"lower_bound":8.238286269390105,"upper_bound":8.249030209214961},"point_estimate":8.243842910629052,"standard_error":0.0027116121897292314},"MedianAbsDev":{"confidence_interval":{"confidence_level":0.95,"lower_bound":0.014610704819733367,"upper_bound":0.024506646717656292},"point_estimate":0.018654533406588965,"standard_error":0.002493919516446906},"Slope":{"confidence_interval":{"confidence_level":0.95,"lower_bound":8.245818911840189,"upper_bound":8.261941220359612},"point_estimate":8.253586020559956,"standard_error":0.004126363823587113},"StdDev":{"confidence_interval":{"confidence_level":0.95,"lower_bound":0.0281118315150495,"upper_bound":0.07052510619172171},"point_estimate":0.051586501098184294,"standard_error":0.010789889593954643}}