{"Mean":{"confidence_interval":{"confidence_level":0.95,"lower_bound":3639.257833952223,"upper_bound":3700.934357454461},"point_estimate":3665.4940320438095,"standard_error":16.034135351635523},"Median":{"confidence_interval":{"confidence_level":0.95,"lower_bound":3619.5393170833117,"upper_bound":3630.0258153490627},"point_estimate":3623.122529934483,"standard_error":2.423256101307506},"MedianAbsDev":{"confidence_interval":{"confidence_level":0.95,"lower_bound":17.207008230998063,"upper_bound":32.08688485179161},"point_estimate":22.222587797300086,"standard_error":4.160363279042026},"Slope":{"confidence_interval":{"confidence_level":0.95,"lower_bound":3644.122273089185,"upper_bound":3724.0416307542155},"point_estimate":3678.374778862256,"standard_error":20.778109012066135},"StdDev":{"confidence_interval":{"confidence_level":0.95,"lower_bound":56.347905834645545,"upper_bound":250.32401593778394},"point_estimate":160.6536471584045,"standard_error":53.86251411045158}}