{"Mean":{"confidence_interval":{"confidence_level":0.95,"lower_bound":222.59486122838297,"upper_bound":226.85743016738323},"point_estimate":224.49164427082195,"standard_error":1.0987524899973018},"Median":{"confidence_interval":{"confidence_level":0.95,"lower_bound":220.64683271468547,"upper_bound":221.84463605875592},"point_estimate":220.95843897849477,"standard_error":0.3410812566385733},"MedianAbsDev":{"confidence_interval":{"confidence_level":0.95,"lower_bound":1.3041917402748873,"upper_bound":2.6432855449284185},"point_estimate":1.7051791568469374,"standard_error":0.3574264461745841},"Slope":{"confidence_interval":{"confidence_level":0.95,"lower_bound":221.47547898282025,"upper_bound":224.18730199656798},"point_estimate":222.63673083636945,"standard_error":0.7022754667329627},"StdDev":{"confidence_interval":{"confidence_level":0.95,"lower_bound":5.158215674364115,"upper_bound":16.241438908782396},"point_estimate":11.053413147288214,"standard_error":2.9156344047496976}}