{"Mean":{"confidence_interval":{"confidence_level":0.95,"lower_bound":49.096085330684396,"upper_bound":49.922572525831825},"point_estimate":49.432084883766876,"standard_error":0.21629953697628274},"Median":{"confidence_interval":{"confidence_level":0.95,"lower_bound":48.93557622266267,"upper_bound":49.03910294106971},"point_estimate":48.971050277597826,"standard_error":0.02274412840973119},"MedianAbsDev":{"confidence_interval":{"confidence_level":0.95,"lower_bound":0.15920865733879172,"upper_bound":0.262679037487572},"point_estimate":0.20161142770255075,"standard_error":0.02610008474693954},"Slope":{"confidence_interval":{"confidence_level":0.95,"lower_bound":49.18142712197225,"upper_bound":50.518088833669275},"point_estimate":49.733858977954284,"standard_error":0.3494183791597173},"StdDev":{"confidence_interval":{"confidence_level":0.95,"lower_bound":0.5087214695856469,"upper_bound":3.530037052057637},"point_estimate":2.1858472927415598,"standard_error":0.8653652308834288}}