{"Mean":{"confidence_interval":{"confidence_level":0.95,"lower_bound":49.273641223000176,"upper_bound":49.5712994616091},"point_estimate":49.407047842266735,"standard_error":0.07629151249733726},"Median":{"confidence_interval":{"confidence_level":0.95,"lower_bound":49.105723423335064,"upper_bound":49.21505485574969},"point_estimate":49.16963505050191,"standard_error":0.02854230106208077},"MedianAbsDev":{"confidence_interval":{"confidence_level":0.95,"lower_bound":0.14200190919430886,"upper_bound":0.27879809693981966},"point_estimate":0.2068793901187519,"standard_error":0.0358316072635851},"Slope":{"confidence_interval":{"confidence_level":0.95,"lower_bound":49.335651259111465,"upper_bound":49.76143675130256},"point_estimate":49.52420610992095,"standard_error":0.10932856886756122},"StdDev":{"confidence_interval":{"confidence_level":0.95,"lower_bound":0.42923776513723383,"upper_bound":1.1123231140031218},"point_estimate":0.7680965165853816,"standard_error":0.1934718713159397}}