{"Mean":{"confidence_interval":{"confidence_level":0.95,"lower_bound":609.9631306651553,"upper_bound":623.5973091385528},"point_estimate":615.912456171603,"standard_error":3.522242783458835},"Median":{"confidence_interval":{"confidence_level":0.95,"lower_bound":606.3434246169957,"upper_bound":608.5856861406542},"point_estimate":607.5909274055863,"standard_error":0.6397576558566246},"MedianAbsDev":{"confidence_interval":{"confidence_level":0.95,"lower_bound":3.8141900150517873,"upper_bound":6.599291642347012},"point_estimate":4.741072330293399,"standard_error":0.7085350217131705},"Slope":{"confidence_interval":{"confidence_level":0.95,"lower_bound":608.4712036641528,"upper_bound":618.6614974651525},"point_estimate":612.8392202206213,"standard_error":2.614526986943605},"StdDev":{"confidence_interval":{"confidence_level":0.95,"lower_bound":11.469745973183766,"upper_bound":51.736655918544166},"point_estimate":35.253389066438935,"standard_error":9.974698810249603}}