{"Mean":{"confidence_interval":{"confidence_level":0.95,"lower_bound":605.753717702841,"upper_bound":611.3591553550185},"point_estimate":608.2354288377153,"standard_error":1.4432516616350606},"Median":{"confidence_interval":{"confidence_level":0.95,"lower_bound":605.3103006483894,"upper_bound":606.3532770855451},"point_estimate":605.7600767206239,"standard_error":0.2698874894633969},"MedianAbsDev":{"confidence_interval":{"confidence_level":0.95,"lower_bound":1.7020053158602428,"upper_bound":3.8009322801789476},"point_estimate":2.60942118936019,"standard_error":0.5341947369957477},"Slope":{"confidence_interval":{"confidence_level":0.95,"lower_bound":606.1696036376625,"upper_bound":615.7960520615209},"point_estimate":610.1161289180501,"standard_error":2.540360659808652},"StdDev":{"confidence_interval":{"confidence_level":0.95,"lower_bound":6.060503954998112,"upper_bound":21.40367282420261},"point_estimate":14.539521732343832,"standard_error":3.899845555460531}}