{"Mean":{"confidence_interval":{"confidence_level":0.95,"lower_bound":260.7138673290656,"upper_bound":261.3984024974505},"point_estimate":261.03203859715137,"standard_error":0.17490682420238937},"Median":{"confidence_interval":{"confidence_level":0.95,"lower_bound":260.445034748328,"upper_bound":260.9255991114753},"point_estimate":260.7766508356535,"standard_error":0.1336621831775222},"MedianAbsDev":{"confidence_interval":{"confidence_level":0.95,"lower_bound":0.7689012804487892,"upper_bound":1.2132496290062291},"point_estimate":0.9933747129332143,"standard_error":0.11129034313679659},"Slope":{"confidence_interval":{"confidence_level":0.95,"lower_bound":260.7313419271967,"upper_bound":261.3833785084338},"point_estimate":261.0363994596069,"standard_error":0.16633118893926283},"StdDev":{"confidence_interval":{"confidence_level":0.95,"lower_bound":1.0848875532455682,"upper_bound":2.316326964695701},"point_estimate":1.7509750323060975,"standard_error":0.3130418548315446}}