{"Mean":{"confidence_interval":{"confidence_level":0.95,"lower_bound":251.4093379910465,"upper_bound":252.7785438401538},"point_estimate":252.04596616188752,"standard_error":0.3509933233960609},"Median":{"confidence_interval":{"confidence_level":0.95,"lower_bound":250.8640767782523,"upper_bound":251.92138094294955},"point_estimate":251.41285791372826,"standard_error":0.28969960362937663},"MedianAbsDev":{"confidence_interval":{"confidence_level":0.95,"lower_bound":1.5146639150497583,"upper_bound":2.309904141559671},"point_estimate":2.0525156320097486,"standard_error":0.20621025029420642},"Slope":{"confidence_interval":{"confidence_level":0.95,"lower_bound":252.0655559054362,"upper_bound":253.55053343391438},"point_estimate":252.76574838444586,"standard_error":0.38069852014915984},"StdDev":{"confidence_interval":{"confidence_level":0.95,"lower_bound":2.2742732579084914,"upper_bound":4.617645323071044},"point_estimate":3.5266999612037697,"standard_error":0.6014446464124951}}