{"Mean":{"confidence_interval":{"confidence_level":0.95,"lower_bound":61.359031643756055,"upper_bound":61.60916307127019},"point_estimate":61.47356069590394,"standard_error":0.06409376080886428},"Median":{"confidence_interval":{"confidence_level":0.95,"lower_bound":61.2768836447885,"upper_bound":61.368548924127026},"point_estimate":61.29662314581392,"standard_error":0.02065166494212223},"MedianAbsDev":{"confidence_interval":{"confidence_level":0.95,"lower_bound":0.13091367991675468,"upper_bound":0.23682874341019597},"point_estimate":0.1819630621112766,"standard_error":0.026683873559080893},"Slope":{"confidence_interval":{"confidence_level":0.95,"lower_bound":61.35982312713108,"upper_bound":61.67243668053445},"point_estimate":61.499361447461304,"standard_error":0.08037998545557591},"StdDev":{"confidence_interval":{"confidence_level":0.95,"lower_bound":0.3564982437109772,"upper_bound":0.8782272969178468},"point_estimate":0.6449731604700599,"standard_error":0.13247779244442426}}