{"Mean":{"confidence_interval":{"confidence_level":0.95,"lower_bound":61.38123617406283,"upper_bound":61.70352077919456},"point_estimate":61.531171385002324,"standard_error":0.08245632438565889},"Median":{"confidence_interval":{"confidence_level":0.95,"lower_bound":61.273577952365,"upper_bound":61.39996384143077},"point_estimate":61.33111121699503,"standard_error":0.03618657175564655},"MedianAbsDev":{"confidence_interval":{"confidence_level":0.95,"lower_bound":0.22770322144090596,"upper_bound":0.35976255542243185},"point_estimate":0.3002812926225054,"standard_error":0.0325718077893236},"Slope":{"confidence_interval":{"confidence_level":0.95,"lower_bound":61.29179353692627,"upper_bound":61.66521220149195},"point_estimate":61.463909226285836,"standard_error":0.09546988807749593},"StdDev":{"confidence_interval":{"confidence_level":0.95,"lower_bound":0.5371587037586997,"upper_bound":1.0732997140728473},"point_estimate":0.8299706891037549,"standard_error":0.13678402048010152}}