{"Mean":{"confidence_interval":{"confidence_level":0.95,"lower_bound":61.70402561296322,"upper_bound":61.97773003971778},"point_estimate":61.82829631205093,"standard_error":0.0702916579895313},"Median":{"confidence_interval":{"confidence_level":0.95,"lower_bound":61.601167661999376,"upper_bound":61.682022136014126},"point_estimate":61.639713563628646,"standard_error":0.019659098711942827},"MedianAbsDev":{"confidence_interval":{"confidence_level":0.95,"lower_bound":0.12406539816980158,"upper_bound":0.2299101665247241},"point_estimate":0.17339994043055262,"standard_error":0.02811794963066951},"Slope":{"confidence_interval":{"confidence_level":0.95,"lower_bound":61.66851257751229,"upper_bound":62.04328940407148},"point_estimate":61.833320605416574,"standard_error":0.09628410390613007},"StdDev":{"confidence_interval":{"confidence_level":0.95,"lower_bound":0.3827701489682197,"upper_bound":0.9672086188990052},"point_estimate":0.7074161178990059,"standard_error":0.14984218678659456}}