{"Mean":{"confidence_interval":{"confidence_level":0.95,"lower_bound":88.45167582441536,"upper_bound":89.45186066992095},"point_estimate":88.91984942484784,"standard_error":0.2559273172496016},"Median":{"confidence_interval":{"confidence_level":0.95,"lower_bound":87.84840439851726,"upper_bound":88.31423951221926},"point_estimate":88.06814472895124,"standard_error":0.11163104566349663},"MedianAbsDev":{"confidence_interval":{"confidence_level":0.95,"lower_bound":0.7938163068547901,"upper_bound":1.4456664166645152},"point_estimate":1.0971226604727515,"standard_error":0.16613464019328064},"Slope":{"confidence_interval":{"confidence_level":0.95,"lower_bound":88.27525335148601,"upper_bound":89.43868914308963},"point_estimate":88.78001954722127,"standard_error":0.3012636873791953},"StdDev":{"confidence_interval":{"confidence_level":0.95,"lower_bound":1.7286046569537648,"upper_bound":3.2976302345495045},"point_estimate":2.571147680021658,"standard_error":0.4004875999683189}}