{"Mean":{"confidence_interval":{"confidence_level":0.95,"lower_bound":87.19383455440233,"upper_bound":88.28981458766762},"point_estimate":87.60430642875822,"standard_error":0.30317596616704867},"Median":{"confidence_interval":{"confidence_level":0.95,"lower_bound":87.07129602746816,"upper_bound":87.21209525945764},"point_estimate":87.15932199930788,"standard_error":0.03167159339573091},"MedianAbsDev":{"confidence_interval":{"confidence_level":0.95,"lower_bound":0.22807919013027378,"upper_bound":0.4058304883990237},"point_estimate":0.30852174498655294,"standard_error":0.048384190558069355},"Slope":{"confidence_interval":{"confidence_level":0.95,"lower_bound":87.23560984184887,"upper_bound":87.53826278921792},"point_estimate":87.37237775664636,"standard_error":0.07769651296904206},"StdDev":{"confidence_interval":{"confidence_level":0.95,"lower_bound":0.5617016898772114,"upper_bound":5.115235854638717},"point_estimate":3.04763248069079,"standard_error":1.524904587434823}}