{"Mean":{"confidence_interval":{"confidence_level":0.95,"lower_bound":28.62531931366137,"upper_bound":28.929691567521868},"point_estimate":28.765615914118634,"standard_error":0.07788098993884184},"Median":{"confidence_interval":{"confidence_level":0.95,"lower_bound":28.502063670736284,"upper_bound":28.63831789188097},"point_estimate":28.59330972318948,"standard_error":0.03681951763801899},"MedianAbsDev":{"confidence_interval":{"confidence_level":0.95,"lower_bound":0.2728573793742097,"upper_bound":0.5197528343952225},"point_estimate":0.41606709490485755,"standard_error":0.0607955946519426},"Slope":{"confidence_interval":{"confidence_level":0.95,"lower_bound":28.46191923546441,"upper_bound":28.637488428524552},"point_estimate":28.544103452580607,"standard_error":0.04478131559113045},"StdDev":{"confidence_interval":{"confidence_level":0.95,"lower_bound":0.48359051485406535,"upper_bound":1.0638836186346947},"point_estimate":0.7834861979346696,"standard_error":0.15012147223918643}}