{"Mean":{"confidence_interval":{"confidence_level":0.95,"lower_bound":44.01921841103901,"upper_bound":44.27532771841315},"point_estimate":44.1337006592003,"standard_error":0.06557884784163961},"Median":{"confidence_interval":{"confidence_level":0.95,"lower_bound":43.93929706183582,"upper_bound":44.03832619486239},"point_estimate":43.97468625660311,"standard_error":0.022217305824906025},"MedianAbsDev":{"confidence_interval":{"confidence_level":0.95,"lower_bound":0.15349506346241532,"upper_bound":0.2630990744523489},"point_estimate":0.19887876826575449,"standard_error":0.026534486960481527},"Slope":{"confidence_interval":{"confidence_level":0.95,"lower_bound":44.13209028529589,"upper_bound":44.579384932473374},"point_estimate":44.33294209101414,"standard_error":0.1150154088098006},"StdDev":{"confidence_interval":{"confidence_level":0.95,"lower_bound":0.3290401205909399,"upper_bound":0.9265164956929262},"point_estimate":0.6572092781009403,"standard_error":0.15509881820867213}}