{"Mean":{"confidence_interval":{"confidence_level":0.95,"lower_bound":47.65999203009912,"upper_bound":47.92156403438575},"point_estimate":47.772053360339775,"standard_error":0.06742869458379275},"Median":{"confidence_interval":{"confidence_level":0.95,"lower_bound":47.600149200107786,"upper_bound":47.732371146117515},"point_estimate":47.63556012692266,"standard_error":0.039346416835365695},"MedianAbsDev":{"confidence_interval":{"confidence_level":0.95,"lower_bound":0.18941146072851017,"upper_bound":0.31628845278260553},"point_estimate":0.25672509745093125,"standard_error":0.03236895726775411},"Slope":{"confidence_interval":{"confidence_level":0.95,"lower_bound":47.64154449298799,"upper_bound":47.805145223825114},"point_estimate":47.71828921445698,"standard_error":0.04194318066975241},"StdDev":{"confidence_interval":{"confidence_level":0.95,"lower_bound":0.2857383279730487,"upper_bound":1.0555333234403301},"point_estimate":0.6787011707674023,"standard_error":0.2263613342948733}}