{"Mean":{"confidence_interval":{"confidence_level":0.95,"lower_bound":127.56797535618176,"upper_bound":129.25003377219826},"point_estimate":128.34068874136526,"standard_error":0.4307512383378204},"Median":{"confidence_interval":{"confidence_level":0.95,"lower_bound":126.87179155900085,"upper_bound":127.45547428523798},"point_estimate":127.30178163502228,"standard_error":0.14249380689516675},"MedianAbsDev":{"confidence_interval":{"confidence_level":0.95,"lower_bound":1.0746185252727423,"upper_bound":1.9464985352169955},"point_estimate":1.615977895765986,"standard_error":0.2362279078734303},"Slope":{"confidence_interval":{"confidence_level":0.95,"lower_bound":128.3016950478787,"upper_bound":131.49977025895583},"point_estimate":129.815812757534,"standard_error":0.8210594625439865},"StdDev":{"confidence_interval":{"confidence_level":0.95,"lower_bound":2.6131128027385837,"upper_bound":5.80694401949345},"point_estimate":4.326878020985969,"standard_error":0.8203102957993295}}