{"Mean":{"confidence_interval":{"confidence_level":0.95,"lower_bound":125.6910750454301,"upper_bound":126.17080126256607},"point_estimate":125.9156919440222,"standard_error":0.12257393824861232},"Median":{"confidence_interval":{"confidence_level":0.95,"lower_bound":125.6431170134595,"upper_bound":126.04041837694507},"point_estimate":125.76996365496896,"standard_error":0.123592532140514},"MedianAbsDev":{"confidence_interval":{"confidence_level":0.95,"lower_bound":0.51963678166572,"upper_bound":0.9187855296535719},"point_estimate":0.65585637433867,"standard_error":0.10326498133981549},"Slope":{"confidence_interval":{"confidence_level":0.95,"lower_bound":125.62019972585642,"upper_bound":126.28088408270901},"point_estimate":125.90500007665959,"standard_error":0.17064347897784415},"StdDev":{"confidence_interval":{"confidence_level":0.95,"lower_bound":0.7931922357517429,"upper_bound":1.6214874353724849},"point_estimate":1.2343890773704975,"standard_error":0.21110939460970574}}