{"Mean":{"confidence_interval":{"confidence_level":0.95,"lower_bound":62.535959859109546,"upper_bound":62.806328035036756},"point_estimate":62.665929760898145,"standard_error":0.06906165692987706},"Median":{"confidence_interval":{"confidence_level":0.95,"lower_bound":62.38873481457801,"upper_bound":62.60207697384704},"point_estimate":62.51666176470589,"standard_error":0.052012024529475176},"MedianAbsDev":{"confidence_interval":{"confidence_level":0.95,"lower_bound":0.2890452947068914,"upper_bound":0.4913059274939616},"point_estimate":0.4077235243471436,"standard_error":0.053012088332166765},"Slope":{"confidence_interval":{"confidence_level":0.95,"lower_bound":62.540265698778036,"upper_bound":62.82098442021682},"point_estimate":62.67384974301721,"standard_error":0.07175147709925808},"StdDev":{"confidence_interval":{"confidence_level":0.95,"lower_bound":0.5228927153119115,"upper_bound":0.8424118802701295},"point_estimate":0.6954988289234091,"standard_error":0.08187513420258895}}