{"Mean":{"confidence_interval":{"confidence_level":0.95,"lower_bound":2163.711161103,"upper_bound":2200.9089362517557},"point_estimate":2180.5795636869375,"standard_error":9.541116637654271},"Median":{"confidence_interval":{"confidence_level":0.95,"lower_bound":2144.119672386415,"upper_bound":2154.8981597005613},"point_estimate":2148.673202690287,"standard_error":2.031544492416781},"MedianAbsDev":{"confidence_interval":{"confidence_level":0.95,"lower_bound":12.330328201430833,"upper_bound":25.282346755383458},"point_estimate":16.67661406360837,"standard_error":2.7674459517504753},"Slope":{"confidence_interval":{"confidence_level":0.95,"lower_bound":2168.425119019864,"upper_bound":2216.508145207114},"point_estimate":2189.6098924332896,"standard_error":12.357141058131218},"StdDev":{"confidence_interval":{"confidence_level":0.95,"lower_bound":51.410070633610395,"upper_bound":136.26506921029798},"point_estimate":95.99678135735198,"standard_error":22.09401278880916}}