{"Mean":{"confidence_interval":{"confidence_level":0.95,"lower_bound":62.2118270415591,"upper_bound":62.47078716523286},"point_estimate":62.32042672046543,"standard_error":0.06687911727602189},"Median":{"confidence_interval":{"confidence_level":0.95,"lower_bound":62.15535291794836,"upper_bound":62.29750460804711},"point_estimate":62.23455378480244,"standard_error":0.036069866059900424},"MedianAbsDev":{"confidence_interval":{"confidence_level":0.95,"lower_bound":0.2090707908756577,"upper_bound":0.3248922087525635},"point_estimate":0.27320225965618294,"standard_error":0.028572851705812627},"Slope":{"confidence_interval":{"confidence_level":0.95,"lower_bound":62.370966618211355,"upper_bound":62.52321183876132},"point_estimate":62.44420765269716,"standard_error":0.038963058553512626},"StdDev":{"confidence_interval":{"confidence_level":0.95,"lower_bound":0.28411282871762095,"upper_bound":1.054462874867796},"point_estimate":0.6714511589372509,"standard_error":0.23937781239186218}}