{"Mean":{"confidence_interval":{"confidence_level":0.95,"lower_bound":62.7488360883342,"upper_bound":64.0808959677731},"point_estimate":63.28985811291228,"standard_error":0.3477991541860224},"Median":{"confidence_interval":{"confidence_level":0.95,"lower_bound":62.226040858508604,"upper_bound":62.53560747032925},"point_estimate":62.314645633480836,"standard_error":0.08704993446465775},"MedianAbsDev":{"confidence_interval":{"confidence_level":0.95,"lower_bound":0.3993767216059379,"upper_bound":0.9321798713789684},"point_estimate":0.6406563835412663,"standard_error":0.14579283611013796},"Slope":{"confidence_interval":{"confidence_level":0.95,"lower_bound":62.758878890181826,"upper_bound":63.52251336344228},"point_estimate":63.118738652707655,"standard_error":0.1951605079761134},"StdDev":{"confidence_interval":{"confidence_level":0.95,"lower_bound":1.114753744486508,"upper_bound":5.623933076143752},"point_estimate":3.4938002545240083,"standard_error":1.3732379911369557}}