{"Mean":{"confidence_interval":{"confidence_level":0.95,"lower_bound":9.966221623552325,"upper_bound":9.99848790619258},"point_estimate":9.981614488643945,"standard_error":0.008239016214705259},"Median":{"confidence_interval":{"confidence_level":0.95,"lower_bound":9.949431383447738,"upper_bound":9.97260072246933},"point_estimate":9.96182374430191,"standard_error":0.006526197430453286},"MedianAbsDev":{"confidence_interval":{"confidence_level":0.95,"lower_bound":0.030795940869213737,"upper_bound":0.06252267259686133},"point_estimate":0.04209531340763835,"standard_error":0.008689160553541651},"Slope":{"confidence_interval":{"confidence_level":0.95,"lower_bound":9.975913680469777,"upper_bound":10.015498423359533},"point_estimate":9.994699397072601,"standard_error":0.010127058470792882},"StdDev":{"confidence_interval":{"confidence_level":0.95,"lower_bound":0.06031910088690395,"upper_bound":0.10238718654647481},"point_estimate":0.08274323843153313,"standard_error":0.01075621474027025}}