{"Mean":{"confidence_interval":{"confidence_level":0.95,"lower_bound":10.253337285740951,"upper_bound":10.660791889328982},"point_estimate":10.432404071268554,"standard_error":0.10529588593234451},"Median":{"confidence_interval":{"confidence_level":0.95,"lower_bound":10.144909667552104,"upper_bound":10.171020112912297},"point_estimate":10.15550907738694,"standard_error":0.005770635435957442},"MedianAbsDev":{"confidence_interval":{"confidence_level":0.95,"lower_bound":0.03372761642644241,"upper_bound":0.06170931436912477},"point_estimate":0.04679148091372549,"standard_error":0.006777805034334795},"Slope":{"confidence_interval":{"confidence_level":0.95,"lower_bound":10.190159585544647,"upper_bound":10.363366585249034},"point_estimate":10.265007855071648,"standard_error":0.04461846774619451},"StdDev":{"confidence_interval":{"confidence_level":0.95,"lower_bound":0.33989606872526,"upper_bound":1.5356524793476152},"point_estimate":1.0566622719539307,"standard_error":0.2904377513590132}}