{"Mean":{"confidence_interval":{"confidence_level":0.95,"lower_bound":37.6288805209168,"upper_bound":37.80513351790957},"point_estimate":37.71280214796821,"standard_error":0.04496670705350472},"Median":{"confidence_interval":{"confidence_level":0.95,"lower_bound":37.542980710507365,"upper_bound":37.67508437710276},"point_estimate":37.59612830091511,"standard_error":0.03194896796505284},"MedianAbsDev":{"confidence_interval":{"confidence_level":0.95,"lower_bound":0.19126945114341784,"upper_bound":0.3609002503780879},"point_estimate":0.2725521242274747,"standard_error":0.045103373915416786},"Slope":{"confidence_interval":{"confidence_level":0.95,"lower_bound":37.77603322951387,"upper_bound":38.050016950215436},"point_estimate":37.903384618537224,"standard_error":0.0701475354347305},"StdDev":{"confidence_interval":{"confidence_level":0.95,"lower_bound":0.3229440375093714,"upper_bound":0.567009363488036},"point_estimate":0.45236671399240763,"standard_error":0.06266196667867008}}