{"Mean":{"confidence_interval":{"confidence_level":0.95,"lower_bound":37.38219318444119,"upper_bound":37.51000030955611},"point_estimate":37.44109735002091,"standard_error":0.032743060028815246},"Median":{"confidence_interval":{"confidence_level":0.95,"lower_bound":37.32896257672201,"upper_bound":37.39975920304913},"point_estimate":37.3552346138364,"standard_error":0.01783271768201237},"MedianAbsDev":{"confidence_interval":{"confidence_level":0.95,"lower_bound":0.08825836575089673,"upper_bound":0.1611553810186973},"point_estimate":0.11018205837030691,"standard_error":0.019632287397771595},"Slope":{"confidence_interval":{"confidence_level":0.95,"lower_bound":37.40111330491517,"upper_bound":37.54492629117705},"point_estimate":37.465736324924016,"standard_error":0.036987831243705},"StdDev":{"confidence_interval":{"confidence_level":0.95,"lower_bound":0.19176650128122943,"upper_bound":0.4455147196158015},"point_estimate":0.3297930078900237,"standard_error":0.0647608509453784}}