{"Mean":{"confidence_interval":{"confidence_level":0.95,"lower_bound":66.11838969417242,"upper_bound":66.36332451522634},"point_estimate":66.2341512212745,"standard_error":0.06264143031826525},"Median":{"confidence_interval":{"confidence_level":0.95,"lower_bound":65.93502423691585,"upper_bound":66.10665935298795},"point_estimate":66.02343129109195,"standard_error":0.037518150105578865},"MedianAbsDev":{"confidence_interval":{"confidence_level":0.95,"lower_bound":0.19057231707250286,"upper_bound":0.3691929961721909},"point_estimate":0.2895013074752361,"standard_error":0.04135780262777151},"Slope":{"confidence_interval":{"confidence_level":0.95,"lower_bound":66.30349622252464,"upper_bound":66.69802590618437},"point_estimate":66.50595893540458,"standard_error":0.10072111007392805},"StdDev":{"confidence_interval":{"confidence_level":0.95,"lower_bound":0.4633681588952542,"upper_bound":0.7897156703599691},"point_estimate":0.6277336768141332,"standard_error":0.08417090979131485}}