{"Mean":{"confidence_interval":{"confidence_level":0.95,"lower_bound":67.1834383427302,"upper_bound":67.53807770873415},"point_estimate":67.33067518419155,"standard_error":0.09229789641135763},"Median":{"confidence_interval":{"confidence_level":0.95,"lower_bound":67.08945719539604,"upper_bound":67.19405726739377},"point_estimate":67.1566051275785,"standard_error":0.030238193769360995},"MedianAbsDev":{"confidence_interval":{"confidence_level":0.95,"lower_bound":0.15790975956860914,"upper_bound":0.3028270439005599},"point_estimate":0.22889257971955917,"standard_error":0.039515035486894834},"Slope":{"confidence_interval":{"confidence_level":0.95,"lower_bound":67.1435849167636,"upper_bound":67.42597903141798},"point_estimate":67.27093357527946,"standard_error":0.07236807526541135},"StdDev":{"confidence_interval":{"confidence_level":0.95,"lower_bound":0.34300047050862664,"upper_bound":1.4703113144711368},"point_estimate":0.9264413227225768,"standard_error":0.3450423768188089}}