{"Mean":{"confidence_interval":{"confidence_level":0.95,"lower_bound":66.57590592146116,"upper_bound":67.15027021707992},"point_estimate":66.8279270547812,"standard_error":0.14815226796698494},"Median":{"confidence_interval":{"confidence_level":0.95,"lower_bound":66.34160924043343,"upper_bound":66.4779924939019},"point_estimate":66.4074335474459,"standard_error":0.039218041622372864},"MedianAbsDev":{"confidence_interval":{"confidence_level":0.95,"lower_bound":0.1713024790427931,"upper_bound":0.34718000353033057},"point_estimate":0.2522686313254263,"standard_error":0.045729603054407285},"Slope":{"confidence_interval":{"confidence_level":0.95,"lower_bound":66.73733410625096,"upper_bound":67.70163043005047},"point_estimate":67.16381129142323,"standard_error":0.2483361996445666},"StdDev":{"confidence_interval":{"confidence_level":0.95,"lower_bound":0.5874492589082526,"upper_bound":2.195547527010757},"point_estimate":1.488686194728122,"standard_error":0.4176834738206067}}