{"Mean":{"confidence_interval":{"confidence_level":0.95,"lower_bound":47.46317074946559,"upper_bound":47.75912556369236},"point_estimate":47.591301320878046,"standard_error":0.07621463019116415},"Median":{"confidence_interval":{"confidence_level":0.95,"lower_bound":47.3659252583858,"upper_bound":47.43246191109277},"point_estimate":47.39238472300752,"standard_error":0.01383740981529256},"MedianAbsDev":{"confidence_interval":{"confidence_level":0.95,"lower_bound":0.0923009127524195,"upper_bound":0.16828705855339773},"point_estimate":0.12322223791383669,"standard_error":0.018700981179707796},"Slope":{"confidence_interval":{"confidence_level":0.95,"lower_bound":47.513892398087414,"upper_bound":47.80605319238967},"point_estimate":47.65333793699554,"standard_error":0.07479958742541416},"StdDev":{"confidence_interval":{"confidence_level":0.95,"lower_bound":0.2929525292876421,"upper_bound":1.1524395253071065},"point_estimate":0.763710384520305,"standard_error":0.22580052088472524}}