{"Mean":{"confidence_interval":{"confidence_level":0.95,"lower_bound":44.756702082895686,"upper_bound":45.315557022820784},"point_estimate":45.00803429099353,"standard_error":0.14329433221754143},"Median":{"confidence_interval":{"confidence_level":0.95,"lower_bound":44.570602234610476,"upper_bound":44.977384318025656},"point_estimate":44.758595139330005,"standard_error":0.11473754776918799},"MedianAbsDev":{"confidence_interval":{"confidence_level":0.95,"lower_bound":0.5962815687954335,"upper_bound":0.8847506705464113},"point_estimate":0.7395922281438904,"standard_error":0.07536146673604181},"Slope":{"confidence_interval":{"confidence_level":0.95,"lower_bound":44.81520903850064,"upper_bound":46.15191909448144},"point_estimate":45.39514638670156,"standard_error":0.3481449212936326},"StdDev":{"confidence_interval":{"confidence_level":0.95,"lower_bound":0.7196409777148781,"upper_bound":2.0538378363775633},"point_estimate":1.4396313853554554,"standard_error":0.3499780384913194}}