{"Mean":{"confidence_interval":{"confidence_level":0.95,"lower_bound":83.6068803100112,"upper_bound":84.4773560458454},"point_estimate":84.011906186436,"standard_error":0.22202896087634127},"Median":{"confidence_interval":{"confidence_level":0.95,"lower_bound":83.67294378236134,"upper_bound":84.22487917350242},"point_estimate":83.95598124510994,"standard_error":0.1406540793914498},"MedianAbsDev":{"confidence_interval":{"confidence_level":0.95,"lower_bound":0.9100209222334694,"upper_bound":1.947612495014733},"point_estimate":1.3600625388464882,"standard_error":0.2629988849109271},"Slope":{"confidence_interval":{"confidence_level":0.95,"lower_bound":83.27631256989336,"upper_bound":83.92845856809132},"point_estimate":83.59435215399974,"standard_error":0.16637513113246027},"StdDev":{"confidence_interval":{"confidence_level":0.95,"lower_bound":1.4118422109093758,"upper_bound":3.08124173623464},"point_estimate":2.2374203073760115,"standard_error":0.44241799827812855}}