{"Mean":{"confidence_interval":{"confidence_level":0.95,"lower_bound":1691.3062003578111,"upper_bound":1701.1057591572994},"point_estimate":1695.9542449650587,"standard_error":2.51139430485953},"Median":{"confidence_interval":{"confidence_level":0.95,"lower_bound":1686.5434657455382,"upper_bound":1693.8755243029855},"point_estimate":1690.5277866192246,"standard_error":2.125614771996416},"MedianAbsDev":{"confidence_interval":{"confidence_level":0.95,"lower_bound":9.389152017889183,"upper_bound":19.471636288588574},"point_estimate":14.196568886961456,"standard_error":2.591826055265806},"Slope":{"confidence_interval":{"confidence_level":0.95,"lower_bound":1695.1636470249634,"upper_bound":1703.7366375040108},"point_estimate":1699.1769575913588,"standard_error":2.1978603990873076},"StdDev":{"confidence_interval":{"confidence_level":0.95,"lower_bound":18.34428540808481,"upper_bound":31.426088508838856},"point_estimate":25.223973481595184,"standard_error":3.345836337364145}}