{"Mean":{"confidence_interval":{"confidence_level":0.95,"lower_bound":1679.6104827647594,"upper_bound":1685.513776713113},"point_estimate":1682.0579708935982,"standard_error":1.5443961313025074},"Median":{"confidence_interval":{"confidence_level":0.95,"lower_bound":1678.0603152709,"upper_bound":1680.4725766497077},"point_estimate":1679.1947941514268,"standard_error":0.5472904978783066},"MedianAbsDev":{"confidence_interval":{"confidence_level":0.95,"lower_bound":3.400226311491459,"upper_bound":5.589222447558234},"point_estimate":4.583427872772532,"standard_error":0.545303742454071},"Slope":{"confidence_interval":{"confidence_level":0.95,"lower_bound":1678.9388672930145,"upper_bound":1688.624361482961},"point_estimate":1682.689970500096,"standard_error":2.58207437865794},"StdDev":{"confidence_interval":{"confidence_level":0.95,"lower_bound":5.591943124906321,"upper_bound":24.686302004447132},"point_estimate":15.480229073141194,"standard_error":5.910269192084765}}