{"Mean":{"confidence_interval":{"confidence_level":0.95,"lower_bound":90.8975631399984,"upper_bound":91.6600796172181},"point_estimate":91.25318061449396,"standard_error":0.1955568809978988},"Median":{"confidence_interval":{"confidence_level":0.95,"lower_bound":90.58100589799383,"upper_bound":91.02241800657775},"point_estimate":90.82572620042929,"standard_error":0.11838085742460075},"MedianAbsDev":{"confidence_interval":{"confidence_level":0.95,"lower_bound":0.7705207378215763,"upper_bound":1.353706015954668},"point_estimate":1.0645664658130038,"standard_error":0.14717115248516963},"Slope":{"confidence_interval":{"confidence_level":0.95,"lower_bound":91.22916569552537,"upper_bound":92.65326121812197},"point_estimate":91.87452340359087,"standard_error":0.36617344846262484},"StdDev":{"confidence_interval":{"confidence_level":0.95,"lower_bound":1.2679919694856874,"upper_bound":2.5795553622231777},"point_estimate":1.9639611478195718,"standard_error":0.335741366139951}}