{"Mean":{"confidence_interval":{"confidence_level":0.95,"lower_bound":3425.187445154831,"upper_bound":3448.1678263852014},"point_estimate":3435.9675555758154,"standard_error":5.867119015581913},"Median":{"confidence_interval":{"confidence_level":0.95,"lower_bound":3409.5080220306513,"upper_bound":3445.624578268027},"point_estimate":3426.2572011387456,"standard_error":10.675985653368805},"MedianAbsDev":{"confidence_interval":{"confidence_level":0.95,"lower_bound":38.70736792102194,"upper_bound":59.58532892803321},"point_estimate":48.631503910307096,"standard_error":5.431299279033408},"Slope":{"confidence_interval":{"confidence_level":0.95,"lower_bound":3433.849950381791,"upper_bound":3457.11245703838},"point_estimate":3445.0493740456136,"standard_error":5.954930078119097},"StdDev":{"confidence_interval":{"confidence_level":0.95,"lower_bound":39.927200868541675,"upper_bound":80.57933787895172},"point_estimate":58.98886800865907,"standard_error":11.385411444034268}}