{"Mean":{"confidence_interval":{"confidence_level":0.95,"lower_bound":3382.7391450694677,"upper_bound":3428.5959393721537},"point_estimate":3399.8185109210876,"standard_error":12.72484942623969},"Median":{"confidence_interval":{"confidence_level":0.95,"lower_bound":3378.1796610923325,"upper_bound":3381.9959274342837},"point_estimate":3379.9919913419913,"standard_error":0.9173572035432852},"MedianAbsDev":{"confidence_interval":{"confidence_level":0.95,"lower_bound":7.149850838279562,"upper_bound":12.616008063743394},"point_estimate":9.501212770850811,"standard_error":1.3435188991708489},"Slope":{"confidence_interval":{"confidence_level":0.95,"lower_bound":3384.830641667513,"upper_bound":3399.4788855836555},"point_estimate":3391.578789816009,"standard_error":3.7550512742881996},"StdDev":{"confidence_interval":{"confidence_level":0.95,"lower_bound":16.595829489296705,"upper_bound":215.79459276684923},"point_estimate":128.27627324053358,"standard_error":64.88996371909484}}