{"Mean":{"confidence_interval":{"confidence_level":0.95,"lower_bound":48.89157552054378,"upper_bound":49.46256336445387},"point_estimate":49.13962891792417,"standard_error":0.14701140931813475},"Median":{"confidence_interval":{"confidence_level":0.95,"lower_bound":48.71582170873267,"upper_bound":48.7984058590841},"point_estimate":48.74335732884348,"standard_error":0.023724069865348852},"MedianAbsDev":{"confidence_interval":{"confidence_level":0.95,"lower_bound":0.12236459526976876,"upper_bound":0.24073239095019744},"point_estimate":0.1759556714967615,"standard_error":0.029753550305300115},"Slope":{"confidence_interval":{"confidence_level":0.95,"lower_bound":48.831068944589965,"upper_bound":49.47940992782098},"point_estimate":49.09431520185412,"standard_error":0.17195877514973243},"StdDev":{"confidence_interval":{"confidence_level":0.95,"lower_bound":0.6301552483483166,"upper_bound":2.2206305313934855},"point_estimate":1.4724466199710415,"standard_error":0.425926844573518}}