{"Mean":{"confidence_interval":{"confidence_level":0.95,"lower_bound":1879.4664742291577,"upper_bound":1889.860773162929},"point_estimate":1883.9743979928223,"standard_error":2.686202808616975},"Median":{"confidence_interval":{"confidence_level":0.95,"lower_bound":1876.3725245564005,"upper_bound":1879.9248592886775},"point_estimate":1877.6475071532818,"standard_error":0.8574438641680662},"MedianAbsDev":{"confidence_interval":{"confidence_level":0.95,"lower_bound":5.339545818759996,"upper_bound":8.766775782411742},"point_estimate":6.320864455084045,"standard_error":0.8701041032110709},"Slope":{"confidence_interval":{"confidence_level":0.95,"lower_bound":1876.1742227422085,"upper_bound":1883.2649047869863},"point_estimate":1879.2312042955048,"standard_error":1.8223048446894046},"StdDev":{"confidence_interval":{"confidence_level":0.95,"lower_bound":10.213310974653208,"upper_bound":41.49247666787088},"point_estimate":27.02076814288227,"standard_error":8.492871349652424}}