{"Mean":{"confidence_interval":{"confidence_level":0.95,"lower_bound":1915.8769807313417,"upper_bound":1921.432127033213},"point_estimate":1918.414335122545,"standard_error":1.423440855780386},"Median":{"confidence_interval":{"confidence_level":0.95,"lower_bound":1913.404196157735,"upper_bound":1916.4554655077911},"point_estimate":1914.1667516107923,"standard_error":0.7485106574627484},"MedianAbsDev":{"confidence_interval":{"confidence_level":0.95,"lower_bound":4.074195818573322,"upper_bound":7.0274267440088165},"point_estimate":5.5755889569067225,"standard_error":0.7634283620717274},"Slope":{"confidence_interval":{"confidence_level":0.95,"lower_bound":1915.5523335838047,"upper_bound":1923.8862870082664},"point_estimate":1919.2269149818487,"standard_error":2.1329993899907875},"StdDev":{"confidence_interval":{"confidence_level":0.95,"lower_bound":8.424589253817778,"upper_bound":20.22050697111544},"point_estimate":14.345324904755252,"standard_error":3.1841050771415365}}