{"Mean":{"confidence_interval":{"confidence_level":0.95,"lower_bound":44.7591272791383,"upper_bound":45.13162675220695},"point_estimate":44.93266213557761,"standard_error":0.09532364381544522},"Median":{"confidence_interval":{"confidence_level":0.95,"lower_bound":44.51469350663275,"upper_bound":44.676039323495786},"point_estimate":44.560060620119074,"standard_error":0.046841782957500695},"MedianAbsDev":{"confidence_interval":{"confidence_level":0.95,"lower_bound":0.2472276445032398,"upper_bound":0.4912125162513149},"point_estimate":0.34471162635759034,"standard_error":0.062258024202840774},"Slope":{"confidence_interval":{"confidence_level":0.95,"lower_bound":44.90238185107048,"upper_bound":45.23200676542342},"point_estimate":45.069053431040295,"standard_error":0.08397675399808507},"StdDev":{"confidence_interval":{"confidence_level":0.95,"lower_bound":0.6057760675647088,"upper_bound":1.2509296654433877},"point_estimate":0.9545428522231484,"standard_error":0.16408414230848986}}