{"Mean":{"confidence_interval":{"confidence_level":0.95,"lower_bound":45.71360620720496,"upper_bound":47.666924468386235},"point_estimate":46.48518865330259,"standard_error":0.5152262588064389},"Median":{"confidence_interval":{"confidence_level":0.95,"lower_bound":45.34417831925793,"upper_bound":45.46937084223097},"point_estimate":45.39838815435261,"standard_error":0.03167181777910939},"MedianAbsDev":{"confidence_interval":{"confidence_level":0.95,"lower_bound":0.16595112212694796,"upper_bound":0.3107673917201328},"point_estimate":0.22142353420296237,"standard_error":0.03668586048183314},"Slope":{"confidence_interval":{"confidence_level":0.95,"lower_bound":45.445422947717326,"upper_bound":45.71866371747523},"point_estimate":45.56591292751142,"standard_error":0.07008374776366583},"StdDev":{"confidence_interval":{"confidence_level":0.95,"lower_bound":1.152680881312073,"upper_bound":8.456858657032354},"point_estimate":5.174738497972661,"standard_error":2.1837269593627737}}