{"Mean":{"confidence_interval":{"confidence_level":0.95,"lower_bound":46.00963241851221,"upper_bound":46.80564341596734},"point_estimate":46.3733040168041,"standard_error":0.20428439137716928},"Median":{"confidence_interval":{"confidence_level":0.95,"lower_bound":45.525049792973604,"upper_bound":45.737685930887004},"point_estimate":45.60468996556227,"standard_error":0.051286778814394675},"MedianAbsDev":{"confidence_interval":{"confidence_level":0.95,"lower_bound":0.2043085564962671,"upper_bound":0.5133444034668315},"point_estimate":0.31358761814801356,"standard_error":0.07581890738310798},"Slope":{"confidence_interval":{"confidence_level":0.95,"lower_bound":46.15426808900457,"upper_bound":47.48189480933398},"point_estimate":46.758792510871324,"standard_error":0.3412936664697255},"StdDev":{"confidence_interval":{"confidence_level":0.95,"lower_bound":1.2672490048078517,"upper_bound":2.6797427143281363},"point_estimate":2.052404241148769,"standard_error":0.3603323737688804}}