{"Mean":{"confidence_interval":{"confidence_level":0.95,"lower_bound":2170.7117256823494,"upper_bound":2192.5396813147836},"point_estimate":2179.628159657474,"standard_error":5.7071651037470295},"Median":{"confidence_interval":{"confidence_level":0.95,"lower_bound":2164.746139164827,"upper_bound":2168.776158940397},"point_estimate":2167.266919455975,"standard_error":1.079016368643727},"MedianAbsDev":{"confidence_interval":{"confidence_level":0.95,"lower_bound":4.762641204090555,"upper_bound":9.032208422581983},"point_estimate":6.889940634117717,"standard_error":1.1114592177847924},"Slope":{"confidence_interval":{"confidence_level":0.95,"lower_bound":2168.964137854275,"upper_bound":2182.129975840638},"point_estimate":2174.702823525804,"standard_error":3.3731576137927153},"StdDev":{"confidence_interval":{"confidence_level":0.95,"lower_bound":15.121766462396547,"upper_bound":92.04220386231873},"point_estimate":57.28814932121774,"standard_error":22.239848105886743}}