{"Mean":{"confidence_interval":{"confidence_level":0.95,"lower_bound":1946.8484212312046,"upper_bound":1953.8430197914504},"point_estimate":1950.0664155726606,"standard_error":1.7906672680228888},"Median":{"confidence_interval":{"confidence_level":0.95,"lower_bound":1943.9941887138707,"upper_bound":1946.6628230616302},"point_estimate":1944.9373099637469,"standard_error":0.6154463109464536},"MedianAbsDev":{"confidence_interval":{"confidence_level":0.95,"lower_bound":4.82166354932382,"upper_bound":9.74143835588164},"point_estimate":6.592540477670535,"standard_error":1.2714859249602393},"Slope":{"confidence_interval":{"confidence_level":0.95,"lower_bound":1947.6312612530703,"upper_bound":1953.437476940201},"point_estimate":1950.4337477425972,"standard_error":1.4877198318009859},"StdDev":{"confidence_interval":{"confidence_level":0.95,"lower_bound":10.887370571108146,"upper_bound":24.671220058952112},"point_estimate":18.064383111498884,"standard_error":3.544588724452391}}