{"Mean":{"confidence_interval":{"confidence_level":0.95,"lower_bound":1805.1475110102408,"upper_bound":1822.091632475454},"point_estimate":1812.8156568971735,"standard_error":4.3453461960176565},"Median":{"confidence_interval":{"confidence_level":0.95,"lower_bound":1798.5651787385364,"upper_bound":1801.793795620438},"point_estimate":1800.1142572641775,"standard_error":0.8598594542750971},"MedianAbsDev":{"confidence_interval":{"confidence_level":0.95,"lower_bound":5.733442684278027,"upper_bound":10.308415250145163},"point_estimate":8.287676483156861,"standard_error":1.1746415972040036},"Slope":{"confidence_interval":{"confidence_level":0.95,"lower_bound":1802.3044632765068,"upper_bound":1814.8388045583813},"point_estimate":1807.858495338585,"standard_error":3.2103417140981514},"StdDev":{"confidence_interval":{"confidence_level":0.95,"lower_bound":24.806054535959923,"upper_bound":58.41890801800306},"point_estimate":43.65477035633327,"standard_error":8.595108293189561}}