{"Mean":{"confidence_interval":{"confidence_level":0.95,"lower_bound":1943.4726197122561,"upper_bound":1953.301796625391},"point_estimate":1948.0000768519956,"standard_error":2.5153234468728427},"Median":{"confidence_interval":{"confidence_level":0.95,"lower_bound":1938.839593275426,"upper_bound":1941.8933463796477},"point_estimate":1940.4365781418774,"standard_error":0.765280316382086},"MedianAbsDev":{"confidence_interval":{"confidence_level":0.95,"lower_bound":4.677445300608101,"upper_bound":8.336519458782247},"point_estimate":6.272428110804484,"standard_error":0.9109990988127133},"Slope":{"confidence_interval":{"confidence_level":0.95,"lower_bound":1944.394153393241,"upper_bound":1955.8707386350804},"point_estimate":1949.658906937865,"standard_error":2.9347766201443486},"StdDev":{"confidence_interval":{"confidence_level":0.95,"lower_bound":15.321385601511103,"upper_bound":33.83105155711987},"point_estimate":25.38385698498932,"standard_error":4.733763535048197}}