{"Mean":{"confidence_interval":{"confidence_level":0.95,"lower_bound":53.1085207354968,"upper_bound":53.96433383137294},"point_estimate":53.49817041866552,"standard_error":0.21980058035291558},"Median":{"confidence_interval":{"confidence_level":0.95,"lower_bound":52.62832425504646,"upper_bound":52.82349916594714},"point_estimate":52.71800293163017,"standard_error":0.04918149651679618},"MedianAbsDev":{"confidence_interval":{"confidence_level":0.95,"lower_bound":0.19053349046797777,"upper_bound":0.4634324911848674},"point_estimate":0.32046411799434404,"standard_error":0.07348369181808205},"Slope":{"confidence_interval":{"confidence_level":0.95,"lower_bound":53.00245737194213,"upper_bound":53.611836925938526},"point_estimate":53.282587457356975,"standard_error":0.1559157715521983},"StdDev":{"confidence_interval":{"confidence_level":0.95,"lower_bound":1.2502101940023505,"upper_bound":2.9739704414858013},"point_estimate":2.209420567426315,"standard_error":0.4478326448603874}}