{"Mean":{"confidence_interval":{"confidence_level":0.95,"lower_bound":53.3880084591857,"upper_bound":54.39592753447406},"point_estimate":53.840482905675174,"standard_error":0.2586266039581907},"Median":{"confidence_interval":{"confidence_level":0.95,"lower_bound":52.88178434407456,"upper_bound":53.29928902116402},"point_estimate":53.070864033649144,"standard_error":0.09668339236254693},"MedianAbsDev":{"confidence_interval":{"confidence_level":0.95,"lower_bound":0.3923779955575168,"upper_bound":0.8290733263303957},"point_estimate":0.6232213347830095,"standard_error":0.10751349572146893},"Slope":{"confidence_interval":{"confidence_level":0.95,"lower_bound":53.23490944971255,"upper_bound":54.69851764307094},"point_estimate":53.863979730551236,"standard_error":0.3786091373216008},"StdDev":{"confidence_interval":{"confidence_level":0.95,"lower_bound":1.2937033553453778,"upper_bound":3.7154793289047},"point_estimate":2.6016657168741593,"standard_error":0.6270129853072116}}