{"Mean":{"confidence_interval":{"confidence_level":0.95,"lower_bound":52.57457899900839,"upper_bound":52.87912753783085},"point_estimate":52.71626272541275,"standard_error":0.07769151762076579},"Median":{"confidence_interval":{"confidence_level":0.95,"lower_bound":52.4197731448486,"upper_bound":52.77535905271199},"point_estimate":52.60626260504202,"standard_error":0.09058324479477808},"MedianAbsDev":{"confidence_interval":{"confidence_level":0.95,"lower_bound":0.43160160641096423,"upper_bound":0.7021828212764376},"point_estimate":0.5236738641467389,"standard_error":0.06752545128691889},"Slope":{"confidence_interval":{"confidence_level":0.95,"lower_bound":52.643670240466754,"upper_bound":52.869420745844025},"point_estimate":52.75570405972994,"standard_error":0.05777005356169486},"StdDev":{"confidence_interval":{"confidence_level":0.95,"lower_bound":0.522561266729206,"upper_bound":1.076257593651536},"point_estimate":0.7822484294194719,"standard_error":0.15663790564177946}}