{"Mean":{"confidence_interval":{"confidence_level":0.95,"lower_bound":3983.063967849159,"upper_bound":4014.8765365324903},"point_estimate":3998.082302316896,"standard_error":8.116924537695164},"Median":{"confidence_interval":{"confidence_level":0.95,"lower_bound":3952.916636035668,"upper_bound":3994.7373854391926},"point_estimate":3972.2614849642473,"standard_error":11.800423661230203},"MedianAbsDev":{"confidence_interval":{"confidence_level":0.95,"lower_bound":21.858013933470875,"upper_bound":67.30606117247002},"point_estimate":46.06504687704146,"standard_error":12.586630921396411},"Slope":{"confidence_interval":{"confidence_level":0.95,"lower_bound":3991.7509843529224,"upper_bound":4039.4604310517325},"point_estimate":4013.6208577415914,"standard_error":12.169413415334446},"StdDev":{"confidence_interval":{"confidence_level":0.95,"lower_bound":54.512360094936646,"upper_bound":105.38708622956179},"point_estimate":81.68769436067313,"standard_error":13.000448988650065}}