{"Mean":{"confidence_interval":{"confidence_level":0.95,"lower_bound":4071.218437239007,"upper_bound":4128.3283811743195},"point_estimate":4092.993726836495,"standard_error":15.36334630809729},"Median":{"confidence_interval":{"confidence_level":0.95,"lower_bound":4059.3246142058124,"upper_bound":4072.408832599532},"point_estimate":4068.6718682425426,"standard_error":3.632641317687371},"MedianAbsDev":{"confidence_interval":{"confidence_level":0.95,"lower_bound":14.766445851661036,"upper_bound":25.684615039874828},"point_estimate":20.637209277037254,"standard_error":2.6701392919630105},"Slope":{"confidence_interval":{"confidence_level":0.95,"lower_bound":4078.0646303858525,"upper_bound":4096.359791540754},"point_estimate":4086.61422432881,"standard_error":4.667313995558144},"StdDev":{"confidence_interval":{"confidence_level":0.95,"lower_bound":29.126172090939306,"upper_bound":256.9546532691147},"point_estimate":154.39061102979895,"standard_error":72.32420466499171}}