{"Mean":{"confidence_interval":{"confidence_level":0.95,"lower_bound":74.54862541380986,"upper_bound":74.8187012014484},"point_estimate":74.67846747595785,"standard_error":0.06899482194868786},"Median":{"confidence_interval":{"confidence_level":0.95,"lower_bound":74.50295334592346,"upper_bound":74.69470499859848},"point_estimate":74.59079364927337,"standard_error":0.03787735322219995},"MedianAbsDev":{"confidence_interval":{"confidence_level":0.95,"lower_bound":0.3197978789068616,"upper_bound":0.49797581901398036},"point_estimate":0.4020140401580562,"standard_error":0.04273369391214175},"Slope":{"confidence_interval":{"confidence_level":0.95,"lower_bound":74.76279858891603,"upper_bound":75.12823343114644},"point_estimate":74.94338867796917,"standard_error":0.09358113168081202},"StdDev":{"confidence_interval":{"confidence_level":0.95,"lower_bound":0.517770885583191,"upper_bound":0.8511193704945857},"point_estimate":0.6910449131927949,"standard_error":0.08548407629267192}}