{"Mean":{"confidence_interval":{"confidence_level":0.95,"lower_bound":88.56462032970053,"upper_bound":89.51757393318194},"point_estimate":88.99466476281414,"standard_error":0.24474182806108252},"Median":{"confidence_interval":{"confidence_level":0.95,"lower_bound":87.92677192245013,"upper_bound":88.22413558651752},"point_estimate":88.07422044428368,"standard_error":0.09099710678143663},"MedianAbsDev":{"confidence_interval":{"confidence_level":0.95,"lower_bound":0.32521642783774957,"upper_bound":0.7934354842945166},"point_estimate":0.5425250523229987,"standard_error":0.1390543410890553},"Slope":{"confidence_interval":{"confidence_level":0.95,"lower_bound":88.14717200848989,"upper_bound":88.96316218127427},"point_estimate":88.48710039470421,"standard_error":0.21268909660314764},"StdDev":{"confidence_interval":{"confidence_level":0.95,"lower_bound":1.3994594794517445,"upper_bound":3.5223272170958864},"point_estimate":2.4692910573442446,"standard_error":0.5694109625658256}}