{"Mean":{"confidence_interval":{"confidence_level":0.95,"lower_bound":94.05164446015006,"upper_bound":96.20764199007573},"point_estimate":95.11218732561333,"standard_error":0.5509962765891593},"Median":{"confidence_interval":{"confidence_level":0.95,"lower_bound":96.33241130957818,"upper_bound":96.77111749910837},"point_estimate":96.5335705501405,"standard_error":0.11101327294949404},"MedianAbsDev":{"confidence_interval":{"confidence_level":0.95,"lower_bound":0.7375380938751832,"upper_bound":3.0280078792735665},"point_estimate":1.252544651656433,"standard_error":0.7587806494773188},"Slope":{"confidence_interval":{"confidence_level":0.95,"lower_bound":90.4906679798915,"upper_bound":92.48457662584403},"point_estimate":91.3868301554706,"standard_error":0.5086855640904756},"StdDev":{"confidence_interval":{"confidence_level":0.95,"lower_bound":4.410282338139626,"upper_bound":6.589116332754136},"point_estimate":5.5255833550482105,"standard_error":0.5578868166522355}}