{"Mean":{"confidence_interval":{"confidence_level":0.95,"lower_bound":52.84871102797688,"upper_bound":53.92882081999355},"point_estimate":53.322507745731144,"standard_error":0.27840195898729825},"Median":{"confidence_interval":{"confidence_level":0.95,"lower_bound":52.37401407415354,"upper_bound":52.64005312575745},"point_estimate":52.47226536126283,"standard_error":0.06638745441943218},"MedianAbsDev":{"confidence_interval":{"confidence_level":0.95,"lower_bound":0.22398772116613305,"upper_bound":0.5341258146218344},"point_estimate":0.3365612348255151,"standard_error":0.07473143512250065},"Slope":{"confidence_interval":{"confidence_level":0.95,"lower_bound":52.92913191633967,"upper_bound":54.38679414927617},"point_estimate":53.59648776864101,"standard_error":0.3743503744123267},"StdDev":{"confidence_interval":{"confidence_level":0.95,"lower_bound":1.256893271822681,"upper_bound":4.202409336001998},"point_estimate":2.804502349982549,"standard_error":0.8045422779231399}}