{"Mean":{"confidence_interval":{"confidence_level":0.95,"lower_bound":52.4466220097722,"upper_bound":52.76755962220979},"point_estimate":52.58782097794542,"standard_error":0.08265154034565242},"Median":{"confidence_interval":{"confidence_level":0.95,"lower_bound":52.374651476991744,"upper_bound":52.4273381325202},"point_estimate":52.400309722113604,"standard_error":0.013456022102808027},"MedianAbsDev":{"confidence_interval":{"confidence_level":0.95,"lower_bound":0.12927029666264225,"upper_bound":0.24248285389652868},"point_estimate":0.1847988089941408,"standard_error":0.028334691709760048},"Slope":{"confidence_interval":{"confidence_level":0.95,"lower_bound":52.44745588230798,"upper_bound":52.750149942502254},"point_estimate":52.58163353648164,"standard_error":0.07773899982332345},"StdDev":{"confidence_interval":{"confidence_level":0.95,"lower_bound":0.3506897874018707,"upper_bound":1.2206758157069093},"point_estimate":0.8322379066903314,"standard_error":0.2256790490892683}}