{"Mean":{"confidence_interval":{"confidence_level":0.95,"lower_bound":753.5581531906563,"upper_bound":756.0501662089104},"point_estimate":754.7606253800855,"standard_error":0.6361669010811098},"Median":{"confidence_interval":{"confidence_level":0.95,"lower_bound":752.3621603927987,"upper_bound":754.8831002331002},"point_estimate":753.9654781183729,"standard_error":0.5431868920390225},"MedianAbsDev":{"confidence_interval":{"confidence_level":0.95,"lower_bound":3.3585998370781014,"upper_bound":5.903079437865024},"point_estimate":4.5811888760694,"standard_error":0.6565001217938953},"Slope":{"confidence_interval":{"confidence_level":0.95,"lower_bound":752.6564265176836,"upper_bound":755.464567621807},"point_estimate":753.9918891839357,"standard_error":0.7158213534847113},"StdDev":{"confidence_interval":{"confidence_level":0.95,"lower_bound":4.929228186767918,"upper_bound":7.853399698294351},"point_estimate":6.3812497653434,"standard_error":0.7563386580551664}}