{"Mean":{"confidence_interval":{"confidence_level":0.95,"lower_bound":736.6223647778324,"upper_bound":740.4384126819341},"point_estimate":738.3956284202109,"standard_error":0.9714918426941288},"Median":{"confidence_interval":{"confidence_level":0.95,"lower_bound":735.1953046953047,"upper_bound":736.6991321255296},"point_estimate":735.7430172458467,"standard_error":0.46237222114511667},"MedianAbsDev":{"confidence_interval":{"confidence_level":0.95,"lower_bound":2.765638294482092,"upper_bound":6.260585694387229},"point_estimate":4.50377708187989,"standard_error":0.9164765539666928},"Slope":{"confidence_interval":{"confidence_level":0.95,"lower_bound":736.7177027407301,"upper_bound":740.3498258016898},"point_estimate":738.4388870886819,"standard_error":0.9330357331482468},"StdDev":{"confidence_interval":{"confidence_level":0.95,"lower_bound":6.399407115217883,"upper_bound":13.405111292799957},"point_estimate":9.753948193564705,"standard_error":1.931034295841034}}