{"Mean":{"confidence_interval":{"confidence_level":0.95,"lower_bound":78.42248467027537,"upper_bound":78.86568508017778},"point_estimate":78.62097021787696,"standard_error":0.11379044743299221},"Median":{"confidence_interval":{"confidence_level":0.95,"lower_bound":78.25755788577797,"upper_bound":78.40672342975978},"point_estimate":78.32509716131737,"standard_error":0.036774437433625996},"MedianAbsDev":{"confidence_interval":{"confidence_level":0.95,"lower_bound":0.20232513472400265,"upper_bound":0.38644058249988356},"point_estimate":0.29388967137128685,"standard_error":0.050925171326686024},"Slope":{"confidence_interval":{"confidence_level":0.95,"lower_bound":78.34513618348038,"upper_bound":78.6566843455726},"point_estimate":78.48200253607332,"standard_error":0.07988321154152933},"StdDev":{"confidence_interval":{"confidence_level":0.95,"lower_bound":0.5420567295355927,"upper_bound":1.6141862359537846},"point_estimate":1.1412025630828482,"standard_error":0.275755604351229}}