{"Mean":{"confidence_interval":{"confidence_level":0.95,"lower_bound":77.64243608472562,"upper_bound":78.09057363298864},"point_estimate":77.8556081309442,"standard_error":0.11466946780921566},"Median":{"confidence_interval":{"confidence_level":0.95,"lower_bound":77.33000800019394,"upper_bound":77.5531629268235},"point_estimate":77.40793604428359,"standard_error":0.054903357092615686},"MedianAbsDev":{"confidence_interval":{"confidence_level":0.95,"lower_bound":0.3070783592763041,"upper_bound":0.597869420507718},"point_estimate":0.41692570819665825,"standard_error":0.07272526183263711},"Slope":{"confidence_interval":{"confidence_level":0.95,"lower_bound":77.82188151726139,"upper_bound":78.49910729870162},"point_estimate":78.13622126547928,"standard_error":0.17373996755580406},"StdDev":{"confidence_interval":{"confidence_level":0.95,"lower_bound":0.8330237305993787,"upper_bound":1.4316806555949342},"point_estimate":1.1520558996337287,"standard_error":0.15315288630931745}}