{"Mean":{"confidence_interval":{"confidence_level":0.95,"lower_bound":1427.7908500195058,"upper_bound":1440.9214151849392},"point_estimate":1433.874566862663,"standard_error":3.353132915024378},"Median":{"confidence_interval":{"confidence_level":0.95,"lower_bound":1420.4662826040858,"upper_bound":1427.5556067345815},"point_estimate":1424.356371153306,"standard_error":1.8585919066748524},"MedianAbsDev":{"confidence_interval":{"confidence_level":0.95,"lower_bound":11.142100495820836,"upper_bound":20.396665670007632},"point_estimate":14.790104559820394,"standard_error":2.1591250092957224},"Slope":{"confidence_interval":{"confidence_level":0.95,"lower_bound":1425.5777550470173,"upper_bound":1439.8287400332076},"point_estimate":1432.100564513195,"standard_error":3.6439768446279595},"StdDev":{"confidence_interval":{"confidence_level":0.95,"lower_bound":22.133995115874043,"upper_bound":43.766204120240864},"point_estimate":33.62116780597211,"standard_error":5.543971912406585}}