{"Mean":{"confidence_interval":{"confidence_level":0.95,"lower_bound":1472.9736907629726,"upper_bound":1527.7264154937511},"point_estimate":1496.806437521026,"standard_error":14.101330652878358},"Median":{"confidence_interval":{"confidence_level":0.95,"lower_bound":1458.2242815321815,"upper_bound":1465.0151576843352},"point_estimate":1461.5854019846304,"standard_error":1.6687480814447564},"MedianAbsDev":{"confidence_interval":{"confidence_level":0.95,"lower_bound":9.600254425866437,"upper_bound":18.483997915208956},"point_estimate":13.606337006268053,"standard_error":2.228962679728362},"Slope":{"confidence_interval":{"confidence_level":0.95,"lower_bound":1464.1219874994342,"upper_bound":1487.944919843231},"point_estimate":1474.607357982237,"standard_error":6.154977352602896},"StdDev":{"confidence_interval":{"confidence_level":0.95,"lower_bound":51.74598069007297,"upper_bound":207.08430010164534},"point_estimate":141.13001560186555,"standard_error":39.924226574509774}}