{"Mean":{"confidence_interval":{"confidence_level":0.95,"lower_bound":334.9097790277202,"upper_bound":338.7684207850034},"point_estimate":336.9337002548225,"standard_error":0.984623515242678},"Median":{"confidence_interval":{"confidence_level":0.95,"lower_bound":338.49006800286327,"upper_bound":339.13464566929133},"point_estimate":338.86617754186653,"standard_error":0.15027836568285516},"MedianAbsDev":{"confidence_interval":{"confidence_level":0.95,"lower_bound":1.0718216059927004,"upper_bound":1.8814059817354756},"point_estimate":1.3877475244304203,"standard_error":0.2028699461166586},"Slope":{"confidence_interval":{"confidence_level":0.95,"lower_bound":327.4578086388282,"upper_bound":335.67061790270975},"point_estimate":331.4961164872216,"standard_error":2.096008501257446},"StdDev":{"confidence_interval":{"confidence_level":0.95,"lower_bound":7.221286066796077,"upper_bound":11.948602464541262},"point_estimate":9.875928758609426,"standard_error":1.2056344056698203}}