{"Mean":{"confidence_interval":{"confidence_level":0.95,"lower_bound":318.78379138046205,"upper_bound":326.52860604643166},"point_estimate":321.8380112191954,"standard_error":2.0481205567214453},"Median":{"confidence_interval":{"confidence_level":0.95,"lower_bound":316.84490755699153,"upper_bound":317.48081713481685},"point_estimate":317.17769794326614,"standard_error":0.15465691395458095},"MedianAbsDev":{"confidence_interval":{"confidence_level":0.95,"lower_bound":0.9221029277130952,"upper_bound":1.564269064352718},"point_estimate":1.1576672026645405,"standard_error":0.16339997354308622},"Slope":{"confidence_interval":{"confidence_level":0.95,"lower_bound":318.25653486427126,"upper_bound":320.7437456039039},"point_estimate":319.4249311184922,"standard_error":0.6383520612937048},"StdDev":{"confidence_interval":{"confidence_level":0.95,"lower_bound":5.4605429177212095,"upper_bound":33.68553279318317},"point_estimate":20.54133056168835,"standard_error":8.950051742288649}}