{"Mean":{"confidence_interval":{"confidence_level":0.95,"lower_bound":37.13150910496295,"upper_bound":37.47633423335078},"point_estimate":37.292338874272076,"standard_error":0.08814125384490143},"Median":{"confidence_interval":{"confidence_level":0.95,"lower_bound":36.82627543711055,"upper_bound":37.208948650981846},"point_estimate":36.909370408525156,"standard_error":0.07382245602652343},"MedianAbsDev":{"confidence_interval":{"confidence_level":0.95,"lower_bound":0.19789620324866936,"upper_bound":0.634926010328289},"point_estimate":0.34059123930742247,"standard_error":0.11179446269187987},"Slope":{"confidence_interval":{"confidence_level":0.95,"lower_bound":37.21373869032466,"upper_bound":37.60662026079475},"point_estimate":37.403819581982596,"standard_error":0.10015495481818197},"StdDev":{"confidence_interval":{"confidence_level":0.95,"lower_bound":0.5790377479854973,"upper_bound":1.1670497201423566},"point_estimate":0.8871654467265863,"standard_error":0.15069744492508644}}