{"Mean":{"confidence_interval":{"confidence_level":0.95,"lower_bound":35.187846581974014,"upper_bound":35.351432888786206},"point_estimate":35.26217957727429,"standard_error":0.04178156620368945},"Median":{"confidence_interval":{"confidence_level":0.95,"lower_bound":35.11999386339985,"upper_bound":35.19851618705036},"point_estimate":35.15143560554782,"standard_error":0.021315821729406593},"MedianAbsDev":{"confidence_interval":{"confidence_level":0.95,"lower_bound":0.10499064749155944,"upper_bound":0.17962909304007973},"point_estimate":0.13174305674204842,"standard_error":0.018801962348538665},"Slope":{"confidence_interval":{"confidence_level":0.95,"lower_bound":35.198159837528685,"upper_bound":35.405799137979166},"point_estimate":35.29109331272975,"standard_error":0.05330638715409884},"StdDev":{"confidence_interval":{"confidence_level":0.95,"lower_bound":0.22584038527372458,"upper_bound":0.5724958380980846},"point_estimate":0.4188056043659593,"standard_error":0.08730039876479086}}