{"Mean":{"confidence_interval":{"confidence_level":0.95,"lower_bound":45.77812545869704,"upper_bound":46.21639259384655},"point_estimate":45.95993245624332,"standard_error":0.11416818681293822},"Median":{"confidence_interval":{"confidence_level":0.95,"lower_bound":45.69298310833844,"upper_bound":45.786704676249364},"point_estimate":45.7061339238964,"standard_error":0.021951794576037114},"MedianAbsDev":{"confidence_interval":{"confidence_level":0.95,"lower_bound":0.11706149502159154,"upper_bound":0.19095681826667837},"point_estimate":0.14013246295609474,"standard_error":0.019998056137140473},"Slope":{"confidence_interval":{"confidence_level":0.95,"lower_bound":45.82104562737578,"upper_bound":46.54177024514292},"point_estimate":46.10082795952949,"standard_error":0.19229877078426036},"StdDev":{"confidence_interval":{"confidence_level":0.95,"lower_bound":0.3380166689368006,"upper_bound":1.8258974561071688},"point_estimate":1.14594319103315,"standard_error":0.4223152384119575}}