{"Mean":{"confidence_interval":{"confidence_level":0.95,"lower_bound":45.48671314440933,"upper_bound":46.43696800585262},"point_estimate":45.904315030463984,"standard_error":0.24433799257980052},"Median":{"confidence_interval":{"confidence_level":0.95,"lower_bound":45.03663284043313,"upper_bound":45.217681140783654},"point_estimate":45.11506440704254,"standard_error":0.04166911289477877},"MedianAbsDev":{"confidence_interval":{"confidence_level":0.95,"lower_bound":0.25197280255947196,"upper_bound":0.4651023253429233},"point_estimate":0.3746720942802499,"standard_error":0.053731351879620956},"Slope":{"confidence_interval":{"confidence_level":0.95,"lower_bound":45.525923041516414,"upper_bound":46.28827062357133},"point_estimate":45.883094761844504,"standard_error":0.19535199581539348},"StdDev":{"confidence_interval":{"confidence_level":0.95,"lower_bound":1.130754775833509,"upper_bound":3.666058914478115},"point_estimate":2.458022869523367,"standard_error":0.6763381485803673}}