{"Mean":{"confidence_interval":{"confidence_level":0.95,"lower_bound":1829.1111511982242,"upper_bound":1842.0344018520148},"point_estimate":1835.1054641477147,"standard_error":3.3113969935047125},"Median":{"confidence_interval":{"confidence_level":0.95,"lower_bound":1826.2593483812002,"upper_bound":1834.085218140069},"point_estimate":1830.648364205757,"standard_error":2.0427927795955463},"MedianAbsDev":{"confidence_interval":{"confidence_level":0.95,"lower_bound":12.344279530469477,"upper_bound":24.131041075745546},"point_estimate":18.958805966842696,"standard_error":2.9979389738637594},"Slope":{"confidence_interval":{"confidence_level":0.95,"lower_bound":1826.0657172801568,"upper_bound":1838.4655756853317},"point_estimate":1831.7869887392503,"standard_error":3.1573300161891575},"StdDev":{"confidence_interval":{"confidence_level":0.95,"lower_bound":21.235254961485197,"upper_bound":44.388454816041424},"point_estimate":33.23194364724563,"standard_error":5.964114371285346}}