{"Mean":{"confidence_interval":{"confidence_level":0.95,"lower_bound":44.77509274346414,"upper_bound":44.985832488936424},"point_estimate":44.871671091430464,"standard_error":0.05374840861999828},"Median":{"confidence_interval":{"confidence_level":0.95,"lower_bound":44.74219078298627,"upper_bound":44.8564786709149},"point_estimate":44.78736454879876,"standard_error":0.03480046598535315},"MedianAbsDev":{"confidence_interval":{"confidence_level":0.95,"lower_bound":0.1886452140483181,"upper_bound":0.34680737955494023},"point_estimate":0.2624150587463905,"standard_error":0.039282424837735364},"Slope":{"confidence_interval":{"confidence_level":0.95,"lower_bound":44.73425104583167,"upper_bound":44.952734877417114},"point_estimate":44.83842916148837,"standard_error":0.05563021984554068},"StdDev":{"confidence_interval":{"confidence_level":0.95,"lower_bound":0.3254845543758707,"upper_bound":0.7643386229832163},"point_estimate":0.5407031923391553,"standard_error":0.11975003860561388}}