{"Mean":{"confidence_interval":{"confidence_level":0.95,"lower_bound":1698.7127674823707,"upper_bound":1704.4812979592202},"point_estimate":1701.3306123424697,"standard_error":1.482521157134842},"Median":{"confidence_interval":{"confidence_level":0.95,"lower_bound":1696.7936577875662,"upper_bound":1698.3593841279828},"point_estimate":1697.373797280223,"standard_error":0.4210564013517866},"MedianAbsDev":{"confidence_interval":{"confidence_level":0.95,"lower_bound":2.8184789811038984,"upper_bound":4.909578656153005},"point_estimate":3.805480569025231,"standard_error":0.5341641333871351},"Slope":{"confidence_interval":{"confidence_level":0.95,"lower_bound":1699.0958238825112,"upper_bound":1706.4268742497366},"point_estimate":1702.315273843193,"standard_error":1.8904812466864216},"StdDev":{"confidence_interval":{"confidence_level":0.95,"lower_bound":7.977633157934894,"upper_bound":20.167519491061068},"point_estimate":14.848496383949286,"standard_error":3.050833947622263}}