{"Mean":{"confidence_interval":{"confidence_level":0.95,"lower_bound":1707.487561608279,"upper_bound":1726.4662567266678},"point_estimate":1715.8481171302926,"standard_error":4.883752885468966},"Median":{"confidence_interval":{"confidence_level":0.95,"lower_bound":1700.1934184128986,"upper_bound":1702.3558165033778},"point_estimate":1700.955623916811,"standard_error":0.7061591462423189},"MedianAbsDev":{"confidence_interval":{"confidence_level":0.95,"lower_bound":4.414418365950309,"upper_bound":10.31620033119087},"point_estimate":7.423489655148152,"standard_error":1.5876391360256386},"Slope":{"confidence_interval":{"confidence_level":0.95,"lower_bound":1703.23760526404,"upper_bound":1718.3934833716182},"point_estimate":1709.4718088214315,"standard_error":3.9225771032898225},"StdDev":{"confidence_interval":{"confidence_level":0.95,"lower_bound":20.604941915405742,"upper_bound":71.74565295750425},"point_estimate":49.05295653043544,"standard_error":13.15754690073312}}