{"Mean":{"confidence_interval":{"confidence_level":0.95,"lower_bound":1701.2717983802675,"upper_bound":1709.3158361957715},"point_estimate":1705.0399042732215,"standard_error":2.0605488333003468},"Median":{"confidence_interval":{"confidence_level":0.95,"lower_bound":1696.4464640983904,"upper_bound":1700.3877192982457},"point_estimate":1698.4063819564562,"standard_error":1.0068984750949228},"MedianAbsDev":{"confidence_interval":{"confidence_level":0.95,"lower_bound":5.27416163360519,"upper_bound":9.800260381566137},"point_estimate":7.720268636011224,"standard_error":1.1907582755085044},"Slope":{"confidence_interval":{"confidence_level":0.95,"lower_bound":1701.0140713913227,"upper_bound":1709.7637103169995},"point_estimate":1705.089317477231,"standard_error":2.2408276485716847},"StdDev":{"confidence_interval":{"confidence_level":0.95,"lower_bound":13.951978595767057,"upper_bound":26.234790049806254},"point_estimate":20.727838927596245,"standard_error":3.132506996154825}}