{"Mean":{"confidence_interval":{"confidence_level":0.95,"lower_bound":35.539702478859915,"upper_bound":35.66925734081266},"point_estimate":35.597789678687654,"standard_error":0.033305263099113004},"Median":{"confidence_interval":{"confidence_level":0.95,"lower_bound":35.49022625373189,"upper_bound":35.52208610111511},"point_estimate":35.503256443764414,"standard_error":0.008637342106715786},"MedianAbsDev":{"confidence_interval":{"confidence_level":0.95,"lower_bound":0.05902184056100897,"upper_bound":0.12234752190291076},"point_estimate":0.08297493812742011,"standard_error":0.016885200029077577},"Slope":{"confidence_interval":{"confidence_level":0.95,"lower_bound":35.541967813165854,"upper_bound":35.801992299805306},"point_estimate":35.64795097851226,"standard_error":0.06896920626309466},"StdDev":{"confidence_interval":{"confidence_level":0.95,"lower_bound":0.1761859694236911,"upper_bound":0.48533005412520075},"point_estimate":0.33543349830524594,"standard_error":0.08317523936955883}}