{"Mean":{"confidence_interval":{"confidence_level":0.95,"lower_bound":1949.5903450563553,"upper_bound":1961.2835501606971},"point_estimate":1954.9317747646376,"standard_error":3.0011065941825703},"Median":{"confidence_interval":{"confidence_level":0.95,"lower_bound":1944.4215851272015,"upper_bound":1956.3308530999334},"point_estimate":1948.7886514855008,"standard_error":3.483529598056443},"MedianAbsDev":{"confidence_interval":{"confidence_level":0.95,"lower_bound":17.2104630262725,"upper_bound":28.618000367610893},"point_estimate":22.12555906780921,"standard_error":2.869532834135256},"Slope":{"confidence_interval":{"confidence_level":0.95,"lower_bound":1952.4932916993007,"upper_bound":1963.7944089796854},"point_estimate":1958.0053361527407,"standard_error":2.8883490486406207},"StdDev":{"confidence_interval":{"confidence_level":0.95,"lower_bound":18.802986804796358,"upper_bound":42.47505621997437},"point_estimate":30.05892749733358,"standard_error":6.803028666053433}}