{"Mean":{"confidence_interval":{"confidence_level":0.95,"lower_bound":1473.2941673445428,"upper_bound":1479.1700426976865},"point_estimate":1476.1903272870904,"standard_error":1.5018092867507917},"Median":{"confidence_interval":{"confidence_level":0.95,"lower_bound":1472.6689518940275,"upper_bound":1479.9414521954434},"point_estimate":1477.5386369180537,"standard_error":1.967506538366926},"MedianAbsDev":{"confidence_interval":{"confidence_level":0.95,"lower_bound":9.706946990897977,"upper_bound":15.454238136975073},"point_estimate":12.744055131092967,"standard_error":1.4292945756402249},"Slope":{"confidence_interval":{"confidence_level":0.95,"lower_bound":1479.078756464726,"upper_bound":1485.2007453939455},"point_estimate":1482.0799053251585,"standard_error":1.5624675659756342},"StdDev":{"confidence_interval":{"confidence_level":0.95,"lower_bound":12.318947088970608,"upper_bound":17.713906368638046},"point_estimate":15.09950644893504,"standard_error":1.3844345137926526}}