{"Mean":{"confidence_interval":{"confidence_level":0.95,"lower_bound":82.75893317060357,"upper_bound":83.79742329343605},"point_estimate":83.1494482695147,"standard_error":0.2856641313819711},"Median":{"confidence_interval":{"confidence_level":0.95,"lower_bound":82.71521957038705,"upper_bound":82.94537865199871},"point_estimate":82.86624998121104,"standard_error":0.055222501998892254},"MedianAbsDev":{"confidence_interval":{"confidence_level":0.95,"lower_bound":0.338776763435293,"upper_bound":0.6326072777825928},"point_estimate":0.4396069852775338,"standard_error":0.07244050308629152},"Slope":{"confidence_interval":{"confidence_level":0.95,"lower_bound":82.93908253519727,"upper_bound":83.558709635227},"point_estimate":83.18532067528162,"standard_error":0.16235168487893745},"StdDev":{"confidence_interval":{"confidence_level":0.95,"lower_bound":0.537682708262081,"upper_bound":4.828337548209957},"point_estimate":2.875473471607027,"standard_error":1.4294055800312053}}