{"Mean":{"confidence_interval":{"confidence_level":0.95,"lower_bound":82.77586745028132,"upper_bound":83.15298003871189},"point_estimate":82.95200624848873,"standard_error":0.09626357055568052},"Median":{"confidence_interval":{"confidence_level":0.95,"lower_bound":82.66688849292147,"upper_bound":82.82456584198331},"point_estimate":82.72903164815425,"standard_error":0.043654665070963806},"MedianAbsDev":{"confidence_interval":{"confidence_level":0.95,"lower_bound":0.2231023199073181,"upper_bound":0.43066138130200227},"point_estimate":0.2949863534890173,"standard_error":0.053211207587800305},"Slope":{"confidence_interval":{"confidence_level":0.95,"lower_bound":82.94000054484259,"upper_bound":83.46525166947792},"point_estimate":83.19148235873944,"standard_error":0.13458511480108523},"StdDev":{"confidence_interval":{"confidence_level":0.95,"lower_bound":0.622683549814129,"upper_bound":1.2542208237980157},"point_estimate":0.9615155766064868,"standard_error":0.161347817820866}}