{"Mean":{"confidence_interval":{"confidence_level":0.95,"lower_bound":62.24163218604503,"upper_bound":62.58122605795842},"point_estimate":62.4082043071829,"standard_error":0.08662299139834795},"Median":{"confidence_interval":{"confidence_level":0.95,"lower_bound":62.54737369439855,"upper_bound":62.7433057421139},"point_estimate":62.633222436156046,"standard_error":0.053338803571815446},"MedianAbsDev":{"confidence_interval":{"confidence_level":0.95,"lower_bound":0.31614813247179413,"upper_bound":0.8462653396622195},"point_estimate":0.4842031941563222,"standard_error":0.130381940291154},"Slope":{"confidence_interval":{"confidence_level":0.95,"lower_bound":62.255471055302294,"upper_bound":62.64249609954917},"point_estimate":62.45138331665236,"standard_error":0.09889029463123353},"StdDev":{"confidence_interval":{"confidence_level":0.95,"lower_bound":0.7071628388178355,"upper_bound":1.055708450545001},"point_estimate":0.8707209804248514,"standard_error":0.09133196994506199}}