{"Mean":{"confidence_interval":{"confidence_level":0.95,"lower_bound":64.8380498158874,"upper_bound":65.27889768301739},"point_estimate":65.03955439324183,"standard_error":0.11297470925135984},"Median":{"confidence_interval":{"confidence_level":0.95,"lower_bound":64.5981143878463,"upper_bound":64.80992926128106},"point_estimate":64.6591611973817,"standard_error":0.05492619999431567},"MedianAbsDev":{"confidence_interval":{"confidence_level":0.95,"lower_bound":0.27050162388396,"upper_bound":0.5557674602636601},"point_estimate":0.40012768978003777,"standard_error":0.07897207874630545},"Slope":{"confidence_interval":{"confidence_level":0.95,"lower_bound":64.95519267948919,"upper_bound":65.81141590474626},"point_estimate":65.33380408788749,"standard_error":0.21958208031790138},"StdDev":{"confidence_interval":{"confidence_level":0.95,"lower_bound":0.6589951520388099,"upper_bound":1.5863425047998176},"point_estimate":1.13320481292742,"standard_error":0.24439986406783257}}