{"Mean":{"confidence_interval":{"confidence_level":0.95,"lower_bound":2021.5239789354969,"upper_bound":2045.2200470565156},"point_estimate":2031.475380611533,"standard_error":6.153671069566104},"Median":{"confidence_interval":{"confidence_level":0.95,"lower_bound":2015.2068679115591,"upper_bound":2026.8540253199972},"point_estimate":2019.340083823096,"standard_error":3.616177081807926},"MedianAbsDev":{"confidence_interval":{"confidence_level":0.95,"lower_bound":17.742499545972635,"upper_bound":28.50953902828281},"point_estimate":21.826500547013943,"standard_error":2.684595651252747},"Slope":{"confidence_interval":{"confidence_level":0.95,"lower_bound":2025.0392527730928,"upper_bound":2040.4789264312835},"point_estimate":2032.6142716997624,"standard_error":3.925921660272366},"StdDev":{"confidence_interval":{"confidence_level":0.95,"lower_bound":26.38275351433331,"upper_bound":96.73800315659878},"point_estimate":61.75554583960457,"standard_error":22.009992244222104}}