{"Mean":{"confidence_interval":{"confidence_level":0.95,"lower_bound":1983.7889733607155,"upper_bound":1995.9575881186884},"point_estimate":1989.1865036168685,"standard_error":3.1309871968591234},"Median":{"confidence_interval":{"confidence_level":0.95,"lower_bound":1978.6701460447052,"upper_bound":1981.6884359532824},"point_estimate":1979.6355481602454,"standard_error":0.7916869726449521},"MedianAbsDev":{"confidence_interval":{"confidence_level":0.95,"lower_bound":3.9112305343723826,"upper_bound":6.872195501950549},"point_estimate":5.629456163093659,"standard_error":0.7486265444083686},"Slope":{"confidence_interval":{"confidence_level":0.95,"lower_bound":1981.5005222506677,"upper_bound":1994.5370990102585},"point_estimate":1986.931376993121,"standard_error":3.4037984800766123},"StdDev":{"confidence_interval":{"confidence_level":0.95,"lower_bound":15.365609366021902,"upper_bound":46.05119842729691},"point_estimate":31.5110643617215,"standard_error":8.07814785742315}}