{"Mean":{"confidence_interval":{"confidence_level":0.95,"lower_bound":54.7364535439969,"upper_bound":55.1902559995984},"point_estimate":54.91561582785952,"standard_error":0.1199670720941531},"Median":{"confidence_interval":{"confidence_level":0.95,"lower_bound":54.666948831480646,"upper_bound":54.71655976676385},"point_estimate":54.69690118875833,"standard_error":0.01374064337200842},"MedianAbsDev":{"confidence_interval":{"confidence_level":0.95,"lower_bound":0.12829421293568305,"upper_bound":0.23826472752126449},"point_estimate":0.1782305399108442,"standard_error":0.028512240105399142},"Slope":{"confidence_interval":{"confidence_level":0.95,"lower_bound":54.85350909551953,"upper_bound":55.66963126024367},"point_estimate":55.156593630123204,"standard_error":0.22187511611640634},"StdDev":{"confidence_interval":{"confidence_level":0.95,"lower_bound":0.34328391204606984,"upper_bound":1.9696743522448623},"point_estimate":1.2042258940531967,"standard_error":0.5214858907421035}}