{"Mean":{"confidence_interval":{"confidence_level":0.95,"lower_bound":54.77457170828506,"upper_bound":55.0468184684438},"point_estimate":54.902216546302355,"standard_error":0.0694225658494227},"Median":{"confidence_interval":{"confidence_level":0.95,"lower_bound":54.56641440831509,"upper_bound":54.76329054101561},"point_estimate":54.632002928358055,"standard_error":0.05215906785879444},"MedianAbsDev":{"confidence_interval":{"confidence_level":0.95,"lower_bound":0.2059083604034502,"upper_bound":0.4479427030169557},"point_estimate":0.3048433253018215,"standard_error":0.06326726859132294},"Slope":{"confidence_interval":{"confidence_level":0.95,"lower_bound":55.00419775562684,"upper_bound":55.409526175038806},"point_estimate":55.20231025895568,"standard_error":0.10366568313567293},"StdDev":{"confidence_interval":{"confidence_level":0.95,"lower_bound":0.47969804425564405,"upper_bound":0.8946161351695009},"point_estimate":0.6956526278597863,"standard_error":0.10705393239980181}}