{"Mean":{"confidence_interval":{"confidence_level":0.95,"lower_bound":52.48961132064579,"upper_bound":52.70120749586773},"point_estimate":52.58273081630819,"standard_error":0.05480120930467926},"Median":{"confidence_interval":{"confidence_level":0.95,"lower_bound":52.44665269399355,"upper_bound":52.50280425407213},"point_estimate":52.46539143361669,"standard_error":0.016074631300592616},"MedianAbsDev":{"confidence_interval":{"confidence_level":0.95,"lower_bound":0.10289152237271032,"upper_bound":0.18268701059680545},"point_estimate":0.15320391116222262,"standard_error":0.020849408749090758},"Slope":{"confidence_interval":{"confidence_level":0.95,"lower_bound":52.56209240224145,"upper_bound":52.86266959973282},"point_estimate":52.69742436622551,"standard_error":0.07738084709619647},"StdDev":{"confidence_interval":{"confidence_level":0.95,"lower_bound":0.20846966445964618,"upper_bound":0.8121567513963872},"point_estimate":0.5485745295327848,"standard_error":0.15208654992654666}}