{"Mean":{"confidence_interval":{"confidence_level":0.95,"lower_bound":34.92920173638981,"upper_bound":36.04261809252592},"point_estimate":35.40849505072906,"standard_error":0.2867849121987093},"Median":{"confidence_interval":{"confidence_level":0.95,"lower_bound":34.581932219094114,"upper_bound":34.729368674640426},"point_estimate":34.61359997629511,"standard_error":0.03534708605751396},"MedianAbsDev":{"confidence_interval":{"confidence_level":0.95,"lower_bound":0.15367360703748373,"upper_bound":0.36043063716789564},"point_estimate":0.25671787360508647,"standard_error":0.05324704099481574},"Slope":{"confidence_interval":{"confidence_level":0.95,"lower_bound":34.993947192856496,"upper_bound":35.94659691196401},"point_estimate":35.42373532408735,"standard_error":0.24529740932399816},"StdDev":{"confidence_interval":{"confidence_level":0.95,"lower_bound":1.0029006407474659,"upper_bound":4.354564404994259},"point_estimate":2.8765606268521022,"standard_error":0.8721701727149571}}