{"Mean":{"confidence_interval":{"confidence_level":0.95,"lower_bound":35.19978636086376,"upper_bound":35.44561484079184},"point_estimate":35.31230755557516,"standard_error":0.06276566871469146},"Median":{"confidence_interval":{"confidence_level":0.95,"lower_bound":35.07609054011174,"upper_bound":35.12295568891314},"point_estimate":35.09898170648442,"standard_error":0.011856595178056966},"MedianAbsDev":{"confidence_interval":{"confidence_level":0.95,"lower_bound":0.07339316087229537,"upper_bound":0.1282779167816324},"point_estimate":0.10512310339794165,"standard_error":0.013446646587580886},"Slope":{"confidence_interval":{"confidence_level":0.95,"lower_bound":35.221091859230235,"upper_bound":35.552404870081446},"point_estimate":35.37451782721326,"standard_error":0.085152897395458},"StdDev":{"confidence_interval":{"confidence_level":0.95,"lower_bound":0.3995166929477466,"upper_bound":0.8211154815005784},"point_estimate":0.6294712724199741,"standard_error":0.10745369259672409}}