{"Mean":{"confidence_interval":{"confidence_level":0.95,"lower_bound":19.99188722242587,"upper_bound":20.214347099356925},"point_estimate":20.08631188872101,"standard_error":0.057628485957090844},"Median":{"confidence_interval":{"confidence_level":0.95,"lower_bound":19.926914356510515,"upper_bound":19.956524236753246},"point_estimate":19.93662325747198,"standard_error":0.009034575878952143},"MedianAbsDev":{"confidence_interval":{"confidence_level":0.95,"lower_bound":0.04755576302328169,"upper_bound":0.09534532344648057},"point_estimate":0.06703274593600196,"standard_error":0.011743022023921898},"Slope":{"confidence_interval":{"confidence_level":0.95,"lower_bound":19.995496524589676,"upper_bound":20.304034018771485},"point_estimate":20.128307272760523,"standard_error":0.07928921249328783},"StdDev":{"confidence_interval":{"confidence_level":0.95,"lower_bound":0.189969268953563,"upper_bound":0.9087840379755568},"point_estimate":0.5802714935861545,"standard_error":0.19732992045634246}}