{"Mean":{"confidence_interval":{"confidence_level":0.95,"lower_bound":20.08134103424909,"upper_bound":20.27218312675031},"point_estimate":20.16454557832486,"standard_error":0.04914131027121925},"Median":{"confidence_interval":{"confidence_level":0.95,"lower_bound":19.971548913593747,"upper_bound":20.10091866971765},"point_estimate":20.05589445985686,"standard_error":0.03429933773125442},"MedianAbsDev":{"confidence_interval":{"confidence_level":0.95,"lower_bound":0.11988648544788894,"upper_bound":0.2580505956514045},"point_estimate":0.20687971356054244,"standard_error":0.03792265435493736},"Slope":{"confidence_interval":{"confidence_level":0.95,"lower_bound":20.029126325245475,"upper_bound":20.173608651845836},"point_estimate":20.09340918173051,"standard_error":0.036921070440712474},"StdDev":{"confidence_interval":{"confidence_level":0.95,"lower_bound":0.21753352052138308,"upper_bound":0.7462058177541914},"point_estimate":0.49370997266490874,"standard_error":0.14283900792927862}}