{"Mean":{"confidence_interval":{"confidence_level":0.95,"lower_bound":20.157685476662458,"upper_bound":20.252391935826246},"point_estimate":20.19676243562815,"standard_error":0.024550535311456543},"Median":{"confidence_interval":{"confidence_level":0.95,"lower_bound":20.131475207962882,"upper_bound":20.153759190296043},"point_estimate":20.138892254493765,"standard_error":0.006127449721898633},"MedianAbsDev":{"confidence_interval":{"confidence_level":0.95,"lower_bound":0.034468408228152156,"upper_bound":0.06297574125071284},"point_estimate":0.0484733947907475,"standard_error":0.0076079927386494455},"Slope":{"confidence_interval":{"confidence_level":0.95,"lower_bound":20.161331333466936,"upper_bound":20.222665513487456},"point_estimate":20.189194933015738,"standard_error":0.015698516809778258},"StdDev":{"confidence_interval":{"confidence_level":0.95,"lower_bound":0.09182980831397347,"upper_bound":0.3931257168071794},"point_estimate":0.24747340849484634,"standard_error":0.09278713181684455}}