{"Mean":{"confidence_interval":{"confidence_level":0.95,"lower_bound":78.45651182184339,"upper_bound":79.28859306549029},"point_estimate":78.84272788347518,"standard_error":0.2129886558340235},"Median":{"confidence_interval":{"confidence_level":0.95,"lower_bound":77.89159249015017,"upper_bound":78.14881071371457},"point_estimate":78.00647145058619,"standard_error":0.05923276067154942},"MedianAbsDev":{"confidence_interval":{"confidence_level":0.95,"lower_bound":0.39572902125622106,"upper_bound":0.7794670879528337},"point_estimate":0.5778358291241342,"standard_error":0.09499684868023113},"Slope":{"confidence_interval":{"confidence_level":0.95,"lower_bound":78.68646188022532,"upper_bound":80.00834040304066},"point_estimate":79.30336775271174,"standard_error":0.3384174298007793},"StdDev":{"confidence_interval":{"confidence_level":0.95,"lower_bound":1.404245235380043,"upper_bound":2.794283771026414},"point_estimate":2.138765203654675,"standard_error":0.3568717812252924}}