{"Mean":{"confidence_interval":{"confidence_level":0.95,"lower_bound":78.35805887962997,"upper_bound":79.0355646476301},"point_estimate":78.66133927661342,"standard_error":0.1738802539001432},"Median":{"confidence_interval":{"confidence_level":0.95,"lower_bound":78.01270727981091,"upper_bound":78.22413116208101},"point_estimate":78.11629385613585,"standard_error":0.0642891909860053},"MedianAbsDev":{"confidence_interval":{"confidence_level":0.95,"lower_bound":0.2697334090733368,"upper_bound":0.5250503877272533},"point_estimate":0.36212474548926854,"standard_error":0.06828658893450525},"Slope":{"confidence_interval":{"confidence_level":0.95,"lower_bound":78.42152787294228,"upper_bound":79.70797042901431},"point_estimate":78.9869347681539,"standard_error":0.3317807106395611},"StdDev":{"confidence_interval":{"confidence_level":0.95,"lower_bound":0.9396483094598511,"upper_bound":2.524266960936756},"point_estimate":1.7518416418371945,"standard_error":0.4280309540382758}}