{"Mean":{"confidence_interval":{"confidence_level":0.95,"lower_bound":62.72991283462869,"upper_bound":66.01328748431338},"point_estimate":64.22086477970352,"standard_error":0.8297611812855661},"Median":{"confidence_interval":{"confidence_level":0.95,"lower_bound":62.142834869972035,"upper_bound":62.26062772458449},"point_estimate":62.199983453942245,"standard_error":0.026848755661080307},"MedianAbsDev":{"confidence_interval":{"confidence_level":0.95,"lower_bound":0.19473110623408743,"upper_bound":0.31463930643987265},"point_estimate":0.24145928830533767,"standard_error":0.029655472423565348},"Slope":{"confidence_interval":{"confidence_level":0.95,"lower_bound":62.22715117323743,"upper_bound":62.52006409769562},"point_estimate":62.36023922012852,"standard_error":0.0750671079228178},"StdDev":{"confidence_interval":{"confidence_level":0.95,"lower_bound":3.7434239526841515,"upper_bound":11.35587837195125},"point_estimate":8.320720137600855,"standard_error":1.8644036179596493}}