{"Mean":{"confidence_interval":{"confidence_level":0.95,"lower_bound":62.46741424114534,"upper_bound":62.749110703398784},"point_estimate":62.60391965036093,"standard_error":0.07191613600000278},"Median":{"confidence_interval":{"confidence_level":0.95,"lower_bound":62.24620704624896,"upper_bound":62.47114054783062},"point_estimate":62.33393777300445,"standard_error":0.0506621035522462},"MedianAbsDev":{"confidence_interval":{"confidence_level":0.95,"lower_bound":0.3078619474471491,"upper_bound":0.6188220228857619},"point_estimate":0.3958096644725094,"standard_error":0.07911143537214813},"Slope":{"confidence_interval":{"confidence_level":0.95,"lower_bound":62.49387380454139,"upper_bound":62.871702984785735},"point_estimate":62.67588625014627,"standard_error":0.09652730111706889},"StdDev":{"confidence_interval":{"confidence_level":0.95,"lower_bound":0.6026102358394612,"upper_bound":0.8282051934152207},"point_estimate":0.7220731229356298,"standard_error":0.05738085704376272}}