{"Mean":{"confidence_interval":{"confidence_level":0.95,"lower_bound":284.3401637426531,"upper_bound":285.7910480426693},"point_estimate":284.9868835919917,"standard_error":0.3719858044282957},"Median":{"confidence_interval":{"confidence_level":0.95,"lower_bound":283.84622531912567,"upper_bound":284.33723134703854},"point_estimate":284.1003834136127,"standard_error":0.13406269223430242},"MedianAbsDev":{"confidence_interval":{"confidence_level":0.95,"lower_bound":0.6429802576153492,"upper_bound":1.2753065657932492},"point_estimate":0.9834346112293741,"standard_error":0.15729059205736162},"Slope":{"confidence_interval":{"confidence_level":0.95,"lower_bound":283.9085385504221,"upper_bound":285.1640038105099},"point_estimate":284.4362008752179,"standard_error":0.3244038566697345},"StdDev":{"confidence_interval":{"confidence_level":0.95,"lower_bound":1.6551978497754918,"upper_bound":5.286063978993947},"point_estimate":3.721783651427491,"standard_error":0.9145976576970978}}