{"Mean":{"confidence_interval":{"confidence_level":0.95,"lower_bound":43.30599265095403,"upper_bound":43.5811721696041},"point_estimate":43.42925320120924,"standard_error":0.07043399429453802},"Median":{"confidence_interval":{"confidence_level":0.95,"lower_bound":43.22027501177544,"upper_bound":43.318565202752},"point_estimate":43.264810160119936,"standard_error":0.02326279374108135},"MedianAbsDev":{"confidence_interval":{"confidence_level":0.95,"lower_bound":0.14421856715894926,"upper_bound":0.21991301040292416},"point_estimate":0.18722992127056448,"standard_error":0.01875912035005032},"Slope":{"confidence_interval":{"confidence_level":0.95,"lower_bound":43.316742291240004,"upper_bound":43.65353386757054},"point_estimate":43.46273832464438,"standard_error":0.08679657936692405},"StdDev":{"confidence_interval":{"confidence_level":0.95,"lower_bound":0.3513325280811166,"upper_bound":0.9969875582536734},"point_estimate":0.7069266650474226,"standard_error":0.16522565864144298}}