{"Mean":{"confidence_interval":{"confidence_level":0.95,"lower_bound":45.49568587565787,"upper_bound":49.31482855349103},"point_estimate":47.25145011010777,"standard_error":0.9796699909821878},"Median":{"confidence_interval":{"confidence_level":0.95,"lower_bound":43.6931582799919,"upper_bound":43.83292429014023},"point_estimate":43.76946554253817,"standard_error":0.03327251320444793},"MedianAbsDev":{"confidence_interval":{"confidence_level":0.95,"lower_bound":0.21592206319646318,"upper_bound":0.4428060772542234},"point_estimate":0.3007135636313462,"standard_error":0.05949916704977474},"Slope":{"confidence_interval":{"confidence_level":0.95,"lower_bound":45.602927757583146,"upper_bound":48.99500150309694},"point_estimate":47.106651051007205,"standard_error":0.8701200093212128},"StdDev":{"confidence_interval":{"confidence_level":0.95,"lower_bound":5.756016986609106,"upper_bound":13.075723729435223},"point_estimate":9.837176861064165,"standard_error":1.869322035450226}}