{"Mean":{"confidence_interval":{"confidence_level":0.95,"lower_bound":43.147536638589756,"upper_bound":43.395983764913886},"point_estimate":43.26251729457862,"standard_error":0.0636994817736957},"Median":{"confidence_interval":{"confidence_level":0.95,"lower_bound":43.02257845028943,"upper_bound":43.102864233428505},"point_estimate":43.054666855615274,"standard_error":0.020733351930610454},"MedianAbsDev":{"confidence_interval":{"confidence_level":0.95,"lower_bound":0.1300438565995612,"upper_bound":0.24204693109847508},"point_estimate":0.1837380732564591,"standard_error":0.02909704660030458},"Slope":{"confidence_interval":{"confidence_level":0.95,"lower_bound":43.10882467883076,"upper_bound":43.29492141159222},"point_estimate":43.19558634950114,"standard_error":0.04763257646042384},"StdDev":{"confidence_interval":{"confidence_level":0.95,"lower_bound":0.3973451414460946,"upper_bound":0.8491922078770587},"point_estimate":0.6413565294512278,"standard_error":0.11582469311441251}}