{"Mean":{"confidence_interval":{"confidence_level":0.95,"lower_bound":14.034933238608634,"upper_bound":14.134337599090967},"point_estimate":14.080426698575241,"standard_error":0.025531171579686186},"Median":{"confidence_interval":{"confidence_level":0.95,"lower_bound":13.97801271137086,"upper_bound":14.014117610990866},"point_estimate":13.995938815823784,"standard_error":0.009355251146620818},"MedianAbsDev":{"confidence_interval":{"confidence_level":0.95,"lower_bound":0.04128298810873339,"upper_bound":0.08680396514258716},"point_estimate":0.061680250675134725,"standard_error":0.012093418477610748},"Slope":{"confidence_interval":{"confidence_level":0.95,"lower_bound":14.024640370004663,"upper_bound":14.127139795571084},"point_estimate":14.070919156282624,"standard_error":0.02622787256407858},"StdDev":{"confidence_interval":{"confidence_level":0.95,"lower_bound":0.1517805362527823,"upper_bound":0.3496930573363541},"point_estimate":0.2572687544187296,"standard_error":0.050812430414916766}}