{"Mean":{"confidence_interval":{"confidence_level":0.95,"lower_bound":14.229303450401035,"upper_bound":14.27030808459014},"point_estimate":14.247786407844341,"standard_error":0.0105655491053592},"Median":{"confidence_interval":{"confidence_level":0.95,"lower_bound":14.213909598194244,"upper_bound":14.235116313811792},"point_estimate":14.227560635521481,"standard_error":0.005632651520500513},"MedianAbsDev":{"confidence_interval":{"confidence_level":0.95,"lower_bound":0.02752798609368188,"upper_bound":0.04992540561960777},"point_estimate":0.03623544615768452,"standard_error":0.005739516279247275},"Slope":{"confidence_interval":{"confidence_level":0.95,"lower_bound":14.226477225811045,"upper_bound":14.274076329213216},"point_estimate":14.248060499188115,"standard_error":0.012207865546468855},"StdDev":{"confidence_interval":{"confidence_level":0.95,"lower_bound":0.05149886686656777,"upper_bound":0.14994503271877965},"point_estimate":0.10613165748948428,"standard_error":0.025549314804318195}}