{"Mean":{"confidence_interval":{"confidence_level":0.95,"lower_bound":14.221442092103604,"upper_bound":14.293377228242607},"point_estimate":14.25578885923274,"standard_error":0.018393547721740226},"Median":{"confidence_interval":{"confidence_level":0.95,"lower_bound":14.171403240225349,"upper_bound":14.239800475861161},"point_estimate":14.204461178777642,"standard_error":0.018974959747070436},"MedianAbsDev":{"confidence_interval":{"confidence_level":0.95,"lower_bound":0.07935343076753092,"upper_bound":0.14256696218039805},"point_estimate":0.10776875344839479,"standard_error":0.01616400875220693},"Slope":{"confidence_interval":{"confidence_level":0.95,"lower_bound":14.203475218626703,"upper_bound":14.305412114269798},"point_estimate":14.250871687934415,"standard_error":0.025999352736349315},"StdDev":{"confidence_interval":{"confidence_level":0.95,"lower_bound":0.13419402634029104,"upper_bound":0.2293202572732526},"point_estimate":0.18444612061505647,"standard_error":0.024262512514665817}}