{"Mean":{"confidence_interval":{"confidence_level":0.95,"lower_bound":75.1287312912139,"upper_bound":78.28632000398132},"point_estimate":76.51099450120833,"standard_error":0.8159595716803605},"Median":{"confidence_interval":{"confidence_level":0.95,"lower_bound":74.03361863179384,"upper_bound":74.30393643217154},"point_estimate":74.10304785466445,"standard_error":0.07551492383595446},"MedianAbsDev":{"confidence_interval":{"confidence_level":0.95,"lower_bound":0.3740923918807606,"upper_bound":0.7770924694640878},"point_estimate":0.5122386156388671,"standard_error":0.1002149979784421},"Slope":{"confidence_interval":{"confidence_level":0.95,"lower_bound":74.39364948909773,"upper_bound":75.28085529011972},"point_estimate":74.79030223576379,"standard_error":0.22848551453888086},"StdDev":{"confidence_interval":{"confidence_level":0.95,"lower_bound":2.946857080510023,"upper_bound":12.219379355227085},"point_estimate":8.201398249293257,"standard_error":2.4023741060037525}}