{"Mean":{"confidence_interval":{"confidence_level":0.95,"lower_bound":74.75194677369362,"upper_bound":75.09536558732857},"point_estimate":74.92041429902606,"standard_error":0.08759938052251981},"Median":{"confidence_interval":{"confidence_level":0.95,"lower_bound":74.28896185626277,"upper_bound":75.33172410761236},"point_estimate":75.14349265818953,"standard_error":0.29796207091848936},"MedianAbsDev":{"confidence_interval":{"confidence_level":0.95,"lower_bound":0.5247801283712142,"upper_bound":1.295501626212106},"point_estimate":0.9952075641720334,"standard_error":0.18944716462490294},"Slope":{"confidence_interval":{"confidence_level":0.95,"lower_bound":74.76022761356099,"upper_bound":75.19689022152157},"point_estimate":74.97426890958647,"standard_error":0.11141984864236001},"StdDev":{"confidence_interval":{"confidence_level":0.95,"lower_bound":0.7432841849167067,"upper_bound":1.0198490285688797},"point_estimate":0.8827135959753727,"standard_error":0.0708729677015465}}