{"Mean":{"confidence_interval":{"confidence_level":0.95,"lower_bound":58.25378066231058,"upper_bound":58.79824203191044},"point_estimate":58.506050123915514,"standard_error":0.13939029154628646},"Median":{"confidence_interval":{"confidence_level":0.95,"lower_bound":57.96296426753109,"upper_bound":58.12564666137534},"point_estimate":58.005330112031615,"standard_error":0.04337589086166885},"MedianAbsDev":{"confidence_interval":{"confidence_level":0.95,"lower_bound":0.2945199764299742,"upper_bound":0.5956195137494507},"point_estimate":0.3738696339508997,"standard_error":0.07500652716990597},"Slope":{"confidence_interval":{"confidence_level":0.95,"lower_bound":58.31228399640136,"upper_bound":59.21549720398034},"point_estimate":58.747074183637004,"standard_error":0.23173964424135038},"StdDev":{"confidence_interval":{"confidence_level":0.95,"lower_bound":0.9194624357039466,"upper_bound":1.8249452347131858},"point_estimate":1.400616698915105,"standard_error":0.23264242920940842}}