{"Mean":{"confidence_interval":{"confidence_level":0.95,"lower_bound":61.831873916290455,"upper_bound":62.53661087513972},"point_estimate":62.13232565012442,"standard_error":0.182081160727102},"Median":{"confidence_interval":{"confidence_level":0.95,"lower_bound":61.653298453597856,"upper_bound":61.825081875744594},"point_estimate":61.72657422140955,"standard_error":0.03911931666316746},"MedianAbsDev":{"confidence_interval":{"confidence_level":0.95,"lower_bound":0.26752550729147134,"upper_bound":0.44247524280596423},"point_estimate":0.378579147164774,"standard_error":0.04325808281097192},"Slope":{"confidence_interval":{"confidence_level":0.95,"lower_bound":61.83387961815578,"upper_bound":63.29608864745021},"point_estimate":62.38455170639953,"standard_error":0.39873854084568133},"StdDev":{"confidence_interval":{"confidence_level":0.95,"lower_bound":0.5830933682577161,"upper_bound":2.823573745681522},"point_estimate":1.830528861089911,"standard_error":0.5980207152326872}}