{"Mean":{"confidence_interval":{"confidence_level":0.95,"lower_bound":2186.604254166191,"upper_bound":2200.455893368255},"point_estimate":2192.8495914438477,"standard_error":3.5593741415336764},"Median":{"confidence_interval":{"confidence_level":0.95,"lower_bound":2180.735482723577,"upper_bound":2183.8538463843342},"point_estimate":2182.661046879949,"standard_error":0.9184346151352311},"MedianAbsDev":{"confidence_interval":{"confidence_level":0.95,"lower_bound":5.2822319114043,"upper_bound":10.12932651560176},"point_estimate":7.874120341208717,"standard_error":1.2848339648688973},"Slope":{"confidence_interval":{"confidence_level":0.95,"lower_bound":2187.583359705251,"upper_bound":2202.8902392246837},"point_estimate":2194.5417797010864,"standard_error":3.916654074545687},"StdDev":{"confidence_interval":{"confidence_level":0.95,"lower_bound":19.575034715913937,"upper_bound":49.36378274713011},"point_estimate":35.666080223696326,"standard_error":7.661301561548516}}