{"Mean":{"confidence_interval":{"confidence_level":0.95,"lower_bound":2213.689148290999,"upper_bound":2236.7033391608106},"point_estimate":2224.7176426573947,"standard_error":5.856616519306831},"Median":{"confidence_interval":{"confidence_level":0.95,"lower_bound":2204.7655656344987,"upper_bound":2226.18694796467},"point_estimate":2213.3275065104167,"standard_error":6.631303132989898},"MedianAbsDev":{"confidence_interval":{"confidence_level":0.95,"lower_bound":37.93152398374026,"upper_bound":65.89634567104869},"point_estimate":51.38562635384404,"standard_error":6.903358481753808},"Slope":{"confidence_interval":{"confidence_level":0.95,"lower_bound":2211.3951706733046,"upper_bound":2235.0634678688753},"point_estimate":2222.8331184952185,"standard_error":6.039424691165083},"StdDev":{"confidence_interval":{"confidence_level":0.95,"lower_bound":45.67238565751261,"upper_bound":70.73110941864114},"point_estimate":58.908440819280756,"standard_error":6.403713435152698}}