{"Mean":{"confidence_interval":{"confidence_level":0.95,"lower_bound":2150.3938502109527,"upper_bound":2156.1933952618056},"point_estimate":2153.0652722672203,"standard_error":1.4836305331682131},"Median":{"confidence_interval":{"confidence_level":0.95,"lower_bound":2148.9676629703067,"upper_bound":2153.1230013662716},"point_estimate":2150.5040198569613,"standard_error":0.9375734590504621},"MedianAbsDev":{"confidence_interval":{"confidence_level":0.95,"lower_bound":6.5803697851356695,"upper_bound":10.86799505262006},"point_estimate":8.743237292427201,"standard_error":1.07167477874527},"Slope":{"confidence_interval":{"confidence_level":0.95,"lower_bound":2152.676290499224,"upper_bound":2159.412165979961},"point_estimate":2155.788039083686,"standard_error":1.7300721543869966},"StdDev":{"confidence_interval":{"confidence_level":0.95,"lower_bound":8.795791672912625,"upper_bound":20.59290840361676},"point_estimate":14.89166567325548,"standard_error":3.1102580887140925}}