{"Mean":{"confidence_interval":{"confidence_level":0.95,"lower_bound":47.52020867769521,"upper_bound":47.81044764098407},"point_estimate":47.65475012935028,"standard_error":0.07417343447362938},"Median":{"confidence_interval":{"confidence_level":0.95,"lower_bound":47.40375744763192,"upper_bound":47.5437299958229},"point_estimate":47.45486049468879,"standard_error":0.04074508302814734},"MedianAbsDev":{"confidence_interval":{"confidence_level":0.95,"lower_bound":0.25041891516832887,"upper_bound":0.42443581128629404},"point_estimate":0.32333828631237554,"standard_error":0.04360628206527644},"Slope":{"confidence_interval":{"confidence_level":0.95,"lower_bound":47.63725015868783,"upper_bound":47.94954671429585},"point_estimate":47.784171695352214,"standard_error":0.0796998533858291},"StdDev":{"confidence_interval":{"confidence_level":0.95,"lower_bound":0.47079413997602265,"upper_bound":0.9949919061920444},"point_estimate":0.7451161487931256,"standard_error":0.13499851907880928}}