{"Mean":{"confidence_interval":{"confidence_level":0.95,"lower_bound":36.05743873846131,"upper_bound":36.35855013054802},"point_estimate":36.19215584761465,"standard_error":0.07713867522443214},"Median":{"confidence_interval":{"confidence_level":0.95,"lower_bound":35.85776099152946,"upper_bound":36.14914381731363},"point_estimate":36.026002096534896,"standard_error":0.07143326069275012},"MedianAbsDev":{"confidence_interval":{"confidence_level":0.95,"lower_bound":0.2823504695318279,"upper_bound":0.5264760590447648},"point_estimate":0.39063701784580623,"standard_error":0.06248769462514401},"Slope":{"confidence_interval":{"confidence_level":0.95,"lower_bound":35.92375445486697,"upper_bound":36.13886593715173},"point_estimate":36.01953822433777,"standard_error":0.055010482609284206},"StdDev":{"confidence_interval":{"confidence_level":0.95,"lower_bound":0.43416106753863076,"upper_bound":1.123935053264428},"point_estimate":0.7713212654554968,"standard_error":0.200019878482187}}