{"Mean":{"confidence_interval":{"confidence_level":0.95,"lower_bound":36.17489991140703,"upper_bound":36.33015282366462},"point_estimate":36.24112791428275,"standard_error":0.04022742568461029},"Median":{"confidence_interval":{"confidence_level":0.95,"lower_bound":36.15369073597797,"upper_bound":36.19369080718478},"point_estimate":36.167876729751725,"standard_error":0.010038390139367368},"MedianAbsDev":{"confidence_interval":{"confidence_level":0.95,"lower_bound":0.056462484708576434,"upper_bound":0.10046799548178886},"point_estimate":0.07383950543234567,"standard_error":0.010666714852613696},"Slope":{"confidence_interval":{"confidence_level":0.95,"lower_bound":36.20101581230567,"upper_bound":36.407813156337454},"point_estimate":36.28271387389026,"standard_error":0.055220053631841},"StdDev":{"confidence_interval":{"confidence_level":0.95,"lower_bound":0.13738611133560139,"upper_bound":0.6259615233148218},"point_estimate":0.40362091467864813,"standard_error":0.13254932932126173}}