{"Mean":{"confidence_interval":{"confidence_level":0.95,"lower_bound":82.05256264800002,"upper_bound":84.08219933432427},"point_estimate":82.94095742457844,"standard_error":0.5226280899683704},"Median":{"confidence_interval":{"confidence_level":0.95,"lower_bound":81.6840832323814,"upper_bound":81.8954028809363},"point_estimate":81.75340823877286,"standard_error":0.06112384124045653},"MedianAbsDev":{"confidence_interval":{"confidence_level":0.95,"lower_bound":0.2712766684713093,"upper_bound":0.508780144513146},"point_estimate":0.3372465432826405,"standard_error":0.06336336213620368},"Slope":{"confidence_interval":{"confidence_level":0.95,"lower_bound":81.99068289726068,"upper_bound":83.89821721471223},"point_estimate":82.7693635894574,"standard_error":0.49553183421524655},"StdDev":{"confidence_interval":{"confidence_level":0.95,"lower_bound":1.3955998983650812,"upper_bound":7.637080010160732},"point_estimate":5.241986064970355,"standard_error":1.4997703870548862}}