{"Mean":{"confidence_interval":{"confidence_level":0.95,"lower_bound":91.0846176678857,"upper_bound":92.05297407126606},"point_estimate":91.56185127780756,"standard_error":0.24820905645334068},"Median":{"confidence_interval":{"confidence_level":0.95,"lower_bound":89.8641251118749,"upper_bound":90.18548607880234},"point_estimate":90.00749818162816,"standard_error":0.1579401568049949},"MedianAbsDev":{"confidence_interval":{"confidence_level":0.95,"lower_bound":0.4640579487316114,"upper_bound":1.194670948363249},"point_estimate":0.7375058637594354,"standard_error":0.23003617463192635},"Slope":{"confidence_interval":{"confidence_level":0.95,"lower_bound":90.97701033349266,"upper_bound":92.24128158187948},"point_estimate":91.58895146753558,"standard_error":0.3228650125991492},"StdDev":{"confidence_interval":{"confidence_level":0.95,"lower_bound":2.25412721144177,"upper_bound":2.646021532286144},"point_estimate":2.485159053385577,"standard_error":0.10021273581496266}}