{"Mean":{"confidence_interval":{"confidence_level":0.95,"lower_bound":91.83217944132326,"upper_bound":92.40320340963213},"point_estimate":92.07326116769305,"standard_error":0.14796076410326633},"Median":{"confidence_interval":{"confidence_level":0.95,"lower_bound":91.6238733416602,"upper_bound":91.85778233839643},"point_estimate":91.69431878231312,"standard_error":0.060317803980148896},"MedianAbsDev":{"confidence_interval":{"confidence_level":0.95,"lower_bound":0.30090906564823894,"upper_bound":0.5418327815852599},"point_estimate":0.3964893233153829,"standard_error":0.06248497131572654},"Slope":{"confidence_interval":{"confidence_level":0.95,"lower_bound":91.61306730641842,"upper_bound":92.14180645629376},"point_estimate":91.85100331379248,"standard_error":0.135248097561861},"StdDev":{"confidence_interval":{"confidence_level":0.95,"lower_bound":0.6293170944327109,"upper_bound":2.3313016082204014},"point_estimate":1.4903276608164053,"standard_error":0.5238961586363946}}