{"Mean":{"confidence_interval":{"confidence_level":0.95,"lower_bound":31.188452076052002,"upper_bound":32.01974141208716},"point_estimate":31.59020681436816,"standard_error":0.21214085163503824},"Median":{"confidence_interval":{"confidence_level":0.95,"lower_bound":30.176935619504718,"upper_bound":30.425982238329272},"point_estimate":30.227954460173585,"standard_error":0.09164792604921623},"MedianAbsDev":{"confidence_interval":{"confidence_level":0.95,"lower_bound":0.22824652292778236,"upper_bound":0.6613727765963467},"point_estimate":0.3369121400587403,"standard_error":0.14271107900753677},"Slope":{"confidence_interval":{"confidence_level":0.95,"lower_bound":31.07012251274306,"upper_bound":32.06376218557339},"point_estimate":31.551410924506662,"standard_error":0.25412038649796664},"StdDev":{"confidence_interval":{"confidence_level":0.95,"lower_bound":1.7602841493153245,"upper_bound":2.5565453672923555},"point_estimate":2.1276813935415193,"standard_error":0.22217857881191785}}