{"Mean":{"confidence_interval":{"confidence_level":0.95,"lower_bound":30.725690224881603,"upper_bound":30.90721225919788},"point_estimate":30.802891598719054,"standard_error":0.04684532214942153},"Median":{"confidence_interval":{"confidence_level":0.95,"lower_bound":30.687227323740156,"upper_bound":30.73866973231651},"point_estimate":30.711803796333932,"standard_error":0.014307840592271845},"MedianAbsDev":{"confidence_interval":{"confidence_level":0.95,"lower_bound":0.0838350909294466,"upper_bound":0.14992173626515903},"point_estimate":0.11575377151976803,"standard_error":0.016632086178407043},"Slope":{"confidence_interval":{"confidence_level":0.95,"lower_bound":30.747070804087038,"upper_bound":31.058582579756735},"point_estimate":30.876887367463112,"standard_error":0.08126525433330951},"StdDev":{"confidence_interval":{"confidence_level":0.95,"lower_bound":0.18792551720683154,"upper_bound":0.7307964749870123},"point_estimate":0.47142668936536797,"standard_error":0.15542874003736962}}