{"Mean":{"confidence_interval":{"confidence_level":0.95,"lower_bound":14.996412253693357,"upper_bound":15.099317215533722},"point_estimate":15.045333337395691,"standard_error":0.026224865382421726},"Median":{"confidence_interval":{"confidence_level":0.95,"lower_bound":14.889601795564095,"upper_bound":15.019723393799978},"point_estimate":14.914319557948414,"standard_error":0.03423716270894301},"MedianAbsDev":{"confidence_interval":{"confidence_level":0.95,"lower_bound":0.060128999087503965,"upper_bound":0.21665931001277178},"point_estimate":0.10483765504510696,"standard_error":0.037979959488407905},"Slope":{"confidence_interval":{"confidence_level":0.95,"lower_bound":14.959714433530936,"upper_bound":15.08908189370264},"point_estimate":15.019952230121675,"standard_error":0.033391238715050744},"StdDev":{"confidence_interval":{"confidence_level":0.95,"lower_bound":0.2030880978210005,"upper_bound":0.31973558025088683},"point_estimate":0.263304746941316,"standard_error":0.029911541012365837}}