{"Mean":{"confidence_interval":{"confidence_level":0.95,"lower_bound":50.332307130817064,"upper_bound":50.55769174779719},"point_estimate":50.429756162733575,"standard_error":0.05811264949533431},"Median":{"confidence_interval":{"confidence_level":0.95,"lower_bound":50.25177313275758,"upper_bound":50.34501578222622},"point_estimate":50.307025796132365,"standard_error":0.02134241724404693},"MedianAbsDev":{"confidence_interval":{"confidence_level":0.95,"lower_bound":0.13053352474072355,"upper_bound":0.2419597168159334},"point_estimate":0.17910731921846584,"standard_error":0.03045043888006279},"Slope":{"confidence_interval":{"confidence_level":0.95,"lower_bound":50.363526491797174,"upper_bound":50.55438812856159},"point_estimate":50.45201708680197,"standard_error":0.04888542349293249},"StdDev":{"confidence_interval":{"confidence_level":0.95,"lower_bound":0.2682770730665525,"upper_bound":0.8970327163715686},"point_estimate":0.5849451261343248,"standard_error":0.188645134029056}}