{"Mean":{"confidence_interval":{"confidence_level":0.95,"lower_bound":52.13878774461985,"upper_bound":53.30044242156444},"point_estimate":52.669582143498985,"standard_error":0.2978086187546146},"Median":{"confidence_interval":{"confidence_level":0.95,"lower_bound":51.45892837130002,"upper_bound":52.029881370751106},"point_estimate":51.73805634817628,"standard_error":0.15590656567414587},"MedianAbsDev":{"confidence_interval":{"confidence_level":0.95,"lower_bound":0.5965297300184756,"upper_bound":1.2408005588293742},"point_estimate":0.842941498414079,"standard_error":0.1801520509012281},"Slope":{"confidence_interval":{"confidence_level":0.95,"lower_bound":52.3475378268339,"upper_bound":54.858568180691556},"point_estimate":53.51353106018326,"standard_error":0.6438991669451232},"StdDev":{"confidence_interval":{"confidence_level":0.95,"lower_bound":1.719883652680802,"upper_bound":4.12308243274394},"point_estimate":2.9898969791545698,"standard_error":0.6204598277284283}}