{"Mean":{"confidence_interval":{"confidence_level":0.95,"lower_bound":42.57040791980513,"upper_bound":42.86679733388322},"point_estimate":42.70278794050997,"standard_error":0.07617290879467734},"Median":{"confidence_interval":{"confidence_level":0.95,"lower_bound":42.4621633051087,"upper_bound":42.55858742686276},"point_estimate":42.51788785039223,"standard_error":0.024583215793794383},"MedianAbsDev":{"confidence_interval":{"confidence_level":0.95,"lower_bound":0.13037465707098742,"upper_bound":0.2533515690896419},"point_estimate":0.18154148540649784,"standard_error":0.032174327091589815},"Slope":{"confidence_interval":{"confidence_level":0.95,"lower_bound":42.57922182997438,"upper_bound":42.89292506990862},"point_estimate":42.720311925396,"standard_error":0.08036250962750476},"StdDev":{"confidence_interval":{"confidence_level":0.95,"lower_bound":0.315164572445635,"upper_bound":1.0817893368953484},"point_estimate":0.7656298660127823,"standard_error":0.1908288725558297}}