{"Mean":{"confidence_interval":{"confidence_level":0.95,"lower_bound":43.2091153125588,"upper_bound":43.80671329554269},"point_estimate":43.450883937430774,"standard_error":0.15655247555247137},"Median":{"confidence_interval":{"confidence_level":0.95,"lower_bound":43.0948090235528,"upper_bound":43.14865146572463},"point_estimate":43.11230700182439,"standard_error":0.013099973921781383},"MedianAbsDev":{"confidence_interval":{"confidence_level":0.95,"lower_bound":0.08707780409734141,"upper_bound":0.15840201189674058},"point_estimate":0.12261448233690801,"standard_error":0.018030465711454877},"Slope":{"confidence_interval":{"confidence_level":0.95,"lower_bound":43.20408511024835,"upper_bound":44.11112987522711},"point_estimate":43.59276943061636,"standard_error":0.2337640831821896},"StdDev":{"confidence_interval":{"confidence_level":0.95,"lower_bound":0.4322701182170284,"upper_bound":2.549819160311532},"point_estimate":1.573951827016841,"standard_error":0.6405094453240076}}