{"Mean":{"confidence_interval":{"confidence_level":0.95,"lower_bound":4293.766769590303,"upper_bound":4339.189046072889},"point_estimate":4311.805757937129,"standard_error":11.942229556761719},"Median":{"confidence_interval":{"confidence_level":0.95,"lower_bound":4284.725287812624,"upper_bound":4290.868422936503},"point_estimate":4288.277323328618,"standard_error":1.4755455950682619},"MedianAbsDev":{"confidence_interval":{"confidence_level":0.95,"lower_bound":8.992645528332394,"upper_bound":17.385314088901605},"point_estimate":12.406567195538242,"standard_error":2.1803911953691375},"Slope":{"confidence_interval":{"confidence_level":0.95,"lower_bound":4298.05782150878,"upper_bound":4336.84668305055},"point_estimate":4315.368116011236,"standard_error":9.958651226493128},"StdDev":{"confidence_interval":{"confidence_level":0.95,"lower_bound":35.731215363764875,"upper_bound":194.49866520924243},"point_estimate":119.6239048287472,"standard_error":50.277238863092066}}