{"Mean":{"confidence_interval":{"confidence_level":0.95,"lower_bound":4197.058747898104,"upper_bound":4213.282520422682},"point_estimate":4204.495514698591,"standard_error":4.159497785871772},"Median":{"confidence_interval":{"confidence_level":0.95,"lower_bound":4192.427617521367,"upper_bound":4200.384056465654},"point_estimate":4197.6187405731525,"standard_error":2.0977264214485785},"MedianAbsDev":{"confidence_interval":{"confidence_level":0.95,"lower_bound":12.331139709778281,"upper_bound":21.283824915618144},"point_estimate":16.482489406585152,"standard_error":2.3911951215107528},"Slope":{"confidence_interval":{"confidence_level":0.95,"lower_bound":4205.879933020679,"upper_bound":4229.065379016576},"point_estimate":4216.4583020288255,"standard_error":5.976222563737615},"StdDev":{"confidence_interval":{"confidence_level":0.95,"lower_bound":24.156363737034585,"upper_bound":57.24452629738117},"point_estimate":41.68270241484018,"standard_error":8.535449587310847}}