{"Mean":{"confidence_interval":{"confidence_level":0.95,"lower_bound":298.7963610693304,"upper_bound":303.69937089167047},"point_estimate":300.986701384109,"standard_error":1.2643394058851405},"Median":{"confidence_interval":{"confidence_level":0.95,"lower_bound":297.2732862232171,"upper_bound":298.08248539664595},"point_estimate":297.5265456674473,"standard_error":0.15945399057080167},"MedianAbsDev":{"confidence_interval":{"confidence_level":0.95,"lower_bound":0.7953986424888634,"upper_bound":1.4316533646149936},"point_estimate":1.1480525938706854,"standard_error":0.1536839079177928},"Slope":{"confidence_interval":{"confidence_level":0.95,"lower_bound":298.3214502334839,"upper_bound":300.3963130322825},"point_estimate":299.267310298765,"standard_error":0.5309702066798314},"StdDev":{"confidence_interval":{"confidence_level":0.95,"lower_bound":5.825698053872671,"upper_bound":17.827488937378824},"point_estimate":12.685718594047108,"standard_error":3.084236747207887}}