{"Mean":{"confidence_interval":{"confidence_level":0.95,"lower_bound":302.29768492002927,"upper_bound":307.3959668801285},"point_estimate":304.27582379439247,"standard_error":1.3599001190184166},"Median":{"confidence_interval":{"confidence_level":0.95,"lower_bound":301.381384134746,"upper_bound":302.01823486921705},"point_estimate":301.6949402662842,"standard_error":0.15185235031725505},"MedianAbsDev":{"confidence_interval":{"confidence_level":0.95,"lower_bound":0.9496164507884974,"upper_bound":1.5730800506753317},"point_estimate":1.2644885963090056,"standard_error":0.16214751055501328},"Slope":{"confidence_interval":{"confidence_level":0.95,"lower_bound":302.332326503903,"upper_bound":304.5002806090539},"point_estimate":303.28737081254746,"standard_error":0.5598414487302852},"StdDev":{"confidence_interval":{"confidence_level":0.95,"lower_bound":3.3166629134037926,"upper_bound":22.59282131925737},"point_estimate":13.710455576455514,"standard_error":6.160557824803714}}