{"Mean":{"confidence_interval":{"confidence_level":0.95,"lower_bound":128.76212209090073,"upper_bound":130.99620114276217},"point_estimate":129.77821219108145,"standard_error":0.5735191315730986},"Median":{"confidence_interval":{"confidence_level":0.95,"lower_bound":127.64709468223087,"upper_bound":127.9798828212353},"point_estimate":127.7393326258696,"standard_error":0.0921220978402213},"MedianAbsDev":{"confidence_interval":{"confidence_level":0.95,"lower_bound":0.45236399780549547,"upper_bound":0.8710946883726713},"point_estimate":0.5780587287487897,"standard_error":0.10879968463198111},"Slope":{"confidence_interval":{"confidence_level":0.95,"lower_bound":129.3117910171332,"upper_bound":132.64700131939813},"point_estimate":130.86850226656907,"standard_error":0.8526144426875464},"StdDev":{"confidence_interval":{"confidence_level":0.95,"lower_bound":3.38380549096643,"upper_bound":7.936285502438737},"point_estimate":5.765572232084748,"standard_error":1.1783154366102593}}