{"Mean":{"confidence_interval":{"confidence_level":0.95,"lower_bound":284.64751855123535,"upper_bound":285.3775761857528},"point_estimate":284.9910951243848,"standard_error":0.18640148423080433},"Median":{"confidence_interval":{"confidence_level":0.95,"lower_bound":284.29245283018867,"upper_bound":284.72789725997274},"point_estimate":284.4386521528786,"standard_error":0.11617863685216721},"MedianAbsDev":{"confidence_interval":{"confidence_level":0.95,"lower_bound":0.6562879564182179,"upper_bound":1.1649294386797426},"point_estimate":0.8941026904138246,"standard_error":0.1316412367273},"Slope":{"confidence_interval":{"confidence_level":0.95,"lower_bound":284.54892933128974,"upper_bound":285.5076413853797},"point_estimate":284.99090900496157,"standard_error":0.24582955225718572},"StdDev":{"confidence_interval":{"confidence_level":0.95,"lower_bound":1.2837945448858048,"upper_bound":2.3793886557698167},"point_estimate":1.8701150782862912,"standard_error":0.2802467531957215}}