{"Mean":{"confidence_interval":{"confidence_level":0.95,"lower_bound":60.09219043656143,"upper_bound":68.04516880229332},"point_estimate":63.27042344555201,"standard_error":2.0825472012393345},"Median":{"confidence_interval":{"confidence_level":0.95,"lower_bound":58.597247718969186,"upper_bound":58.808960854334586},"point_estimate":58.64683632865451,"standard_error":0.0594931626984783},"MedianAbsDev":{"confidence_interval":{"confidence_level":0.95,"lower_bound":0.22463617438688854,"upper_bound":0.47644884621791717},"point_estimate":0.2949478523510491,"standard_error":0.06252720487280541},"Slope":{"confidence_interval":{"confidence_level":0.95,"lower_bound":60.190519441952446,"upper_bound":69.31155271326318},"point_estimate":63.77044488474176,"standard_error":2.397198143674713},"StdDev":{"confidence_interval":{"confidence_level":0.95,"lower_bound":4.487568858617593,"upper_bound":33.93986919044479},"point_estimate":20.878375642967242,"standard_error":8.526504188793435}}