{"Mean":{"confidence_interval":{"confidence_level":0.95,"lower_bound":3724.787103002799,"upper_bound":3734.106531282255},"point_estimate":3729.1781989741994,"standard_error":2.38673802626149},"Median":{"confidence_interval":{"confidence_level":0.95,"lower_bound":3723.4285996416934,"upper_bound":3727.376018170426},"point_estimate":3725.7429480960463,"standard_error":1.1024330466520407},"MedianAbsDev":{"confidence_interval":{"confidence_level":0.95,"lower_bound":11.501918131734543,"upper_bound":20.1273266231658},"point_estimate":14.784800141099602,"standard_error":2.119511172140443},"Slope":{"confidence_interval":{"confidence_level":0.95,"lower_bound":3729.62323022422,"upper_bound":3741.0849015689723},"point_estimate":3735.0463154450335,"standard_error":2.9219547707833025},"StdDev":{"confidence_interval":{"confidence_level":0.95,"lower_bound":16.39503786858589,"upper_bound":30.694566529429288},"point_estimate":24.01604785903676,"standard_error":3.6571438165136616}}