{"Mean":{"confidence_interval":{"confidence_level":0.95,"lower_bound":3828.903687910406,"upper_bound":3848.6828069202193},"point_estimate":3838.019080231604,"standard_error":5.056427962504096},"Median":{"confidence_interval":{"confidence_level":0.95,"lower_bound":3815.9016141787224,"upper_bound":3832.95027972579},"point_estimate":3819.8392631058136,"standard_error":4.727245715884639},"MedianAbsDev":{"confidence_interval":{"confidence_level":0.95,"lower_bound":15.506845313791471,"upper_bound":29.745826628318213},"point_estimate":21.566401798295583,"standard_error":3.572672804460591},"Slope":{"confidence_interval":{"confidence_level":0.95,"lower_bound":3820.7658889042973,"upper_bound":3845.983071989415},"point_estimate":3831.2904679705566,"standard_error":6.517012327128243},"StdDev":{"confidence_interval":{"confidence_level":0.95,"lower_bound":31.1430457886724,"upper_bound":68.79027659607027},"point_estimate":50.74627639725831,"standard_error":9.733721982677128}}