{"Mean":{"confidence_interval":{"confidence_level":0.95,"lower_bound":28.643067833556405,"upper_bound":28.86660545553991},"point_estimate":28.745010053454113,"standard_error":0.05717428668603817},"Median":{"confidence_interval":{"confidence_level":0.95,"lower_bound":28.50433469599542,"upper_bound":28.643132014193142},"point_estimate":28.58065407780267,"standard_error":0.033622924282414736},"MedianAbsDev":{"confidence_interval":{"confidence_level":0.95,"lower_bound":0.17673087201981658,"upper_bound":0.3453439302735631},"point_estimate":0.24542808252869094,"standard_error":0.04097597218074531},"Slope":{"confidence_interval":{"confidence_level":0.95,"lower_bound":28.763967527687285,"upper_bound":29.046465493119143},"point_estimate":28.894331038634363,"standard_error":0.07227135494739442},"StdDev":{"confidence_interval":{"confidence_level":0.95,"lower_bound":0.3366368094712643,"upper_bound":0.8046533096056164},"point_estimate":0.5752446237209204,"standard_error":0.12358680709854927}}