{"Mean":{"confidence_interval":{"confidence_level":0.95,"lower_bound":885.1314554194271,"upper_bound":888.7696092786279},"point_estimate":886.8062264287906,"standard_error":0.9270563612903049},"Median":{"confidence_interval":{"confidence_level":0.95,"lower_bound":884.5345858053175,"upper_bound":886.3963682432433},"point_estimate":885.2214875967518,"standard_error":0.4458639676642272},"MedianAbsDev":{"confidence_interval":{"confidence_level":0.95,"lower_bound":3.4880030004792606,"upper_bound":5.374868072673762},"point_estimate":4.468562113794115,"standard_error":0.4727459962700929},"Slope":{"confidence_interval":{"confidence_level":0.95,"lower_bound":885.4146179199214,"upper_bound":888.3447161984312},"point_estimate":886.8191367327132,"standard_error":0.7483527339247393},"StdDev":{"confidence_interval":{"confidence_level":0.95,"lower_bound":5.5331962637227265,"upper_bound":12.708069241555812},"point_estimate":9.304265765477988,"standard_error":1.8661839015643282}}