{"Mean":{"confidence_interval":{"confidence_level":0.95,"lower_bound":3897.8173418230094,"upper_bound":3976.518363533598},"point_estimate":3934.265843472269,"standard_error":20.10559494121363},"Median":{"confidence_interval":{"confidence_level":0.95,"lower_bound":3852.1143093150336,"upper_bound":3863.843285145611},"point_estimate":3856.1294629816875,"standard_error":3.087603595553651},"MedianAbsDev":{"confidence_interval":{"confidence_level":0.95,"lower_bound":19.569918997684876,"upper_bound":39.253637696901905},"point_estimate":27.150428076123188,"standard_error":4.7434714705692365},"Slope":{"confidence_interval":{"confidence_level":0.95,"lower_bound":3926.4330351553617,"upper_bound":4049.5293661142837},"point_estimate":3984.086686816894,"standard_error":31.588264644071547},"StdDev":{"confidence_interval":{"confidence_level":0.95,"lower_bound":131.0224163162298,"upper_bound":261.8155879740882},"point_estimate":202.71568864564915,"standard_error":33.42334424261851}}