{"Mean":{"confidence_interval":{"confidence_level":0.95,"lower_bound":3812.3536452090043,"upper_bound":3827.485935536727},"point_estimate":3819.2260270292563,"standard_error":3.886166990321973},"Median":{"confidence_interval":{"confidence_level":0.95,"lower_bound":3803.461706349206,"upper_bound":3816.7721780135576},"point_estimate":3808.0186013315183,"standard_error":3.527245295669332},"MedianAbsDev":{"confidence_interval":{"confidence_level":0.95,"lower_bound":13.779848414362986,"upper_bound":25.960382107863197},"point_estimate":19.75774671741986,"standard_error":3.075115321178591},"Slope":{"confidence_interval":{"confidence_level":0.95,"lower_bound":3807.816783801916,"upper_bound":3828.9839476271873},"point_estimate":3816.5846986757347,"standard_error":5.518742342710997},"StdDev":{"confidence_interval":{"confidence_level":0.95,"lower_bound":21.210185441906965,"upper_bound":56.028387405889575},"point_estimate":38.992885513214354,"standard_error":9.24981237301401}}