{"Mean":{"confidence_interval":{"confidence_level":0.95,"lower_bound":119.90533702527264,"upper_bound":120.50608616230127},"point_estimate":120.19483265199231,"standard_error":0.15401904677278574},"Median":{"confidence_interval":{"confidence_level":0.95,"lower_bound":119.53206279894664,"upper_bound":120.22174653388731},"point_estimate":119.93075332166804,"standard_error":0.18321160525124783},"MedianAbsDev":{"confidence_interval":{"confidence_level":0.95,"lower_bound":0.9680637575353045,"upper_bound":1.5958166347038487},"point_estimate":1.3501770389547592,"standard_error":0.16018195063357857},"Slope":{"confidence_interval":{"confidence_level":0.95,"lower_bound":119.7629203397969,"upper_bound":120.5739889265261},"point_estimate":120.13767418083431,"standard_error":0.20783438340756374},"StdDev":{"confidence_interval":{"confidence_level":0.95,"lower_bound":1.2086400701858424,"upper_bound":1.87353325997109},"point_estimate":1.5490016071544799,"standard_error":0.17077015611937255}}