{"Mean":{"confidence_interval":{"confidence_level":0.95,"lower_bound":128.29136798738733,"upper_bound":129.83367063960063},"point_estimate":129.04498843317904,"standard_error":0.39375507502386387},"Median":{"confidence_interval":{"confidence_level":0.95,"lower_bound":127.22339877388421,"upper_bound":129.80608764103908},"point_estimate":128.85601022559678,"standard_error":0.6349940180803918},"MedianAbsDev":{"confidence_interval":{"confidence_level":0.95,"lower_bound":3.2358018065903407,"upper_bound":4.9479288351825765},"point_estimate":4.412330109888261,"standard_error":0.45956330864426315},"Slope":{"confidence_interval":{"confidence_level":0.95,"lower_bound":127.82320467830715,"upper_bound":129.88639437501365},"point_estimate":128.8113282876751,"standard_error":0.5256399206664842},"StdDev":{"confidence_interval":{"confidence_level":0.95,"lower_bound":3.3144091819256256,"upper_bound":4.506475713974755},"point_estimate":3.9544733684959037,"standard_error":0.3043643888015765}}