{"Mean":{"confidence_interval":{"confidence_level":0.95,"lower_bound":59.107026919721804,"upper_bound":59.34610794481551},"point_estimate":59.21623796073531,"standard_error":0.06107472529874523},"Median":{"confidence_interval":{"confidence_level":0.95,"lower_bound":59.03116065627298,"upper_bound":59.17042616968986},"point_estimate":59.094138674687095,"standard_error":0.035766714918084905},"MedianAbsDev":{"confidence_interval":{"confidence_level":0.95,"lower_bound":0.21447670095994614,"upper_bound":0.3717981746053624},"point_estimate":0.28876088866128263,"standard_error":0.04058198910856758},"Slope":{"confidence_interval":{"confidence_level":0.95,"lower_bound":59.18484600353241,"upper_bound":59.45749467676527},"point_estimate":59.31200794932569,"standard_error":0.06992621860446327},"StdDev":{"confidence_interval":{"confidence_level":0.95,"lower_bound":0.3706063410858563,"upper_bound":0.8633202443238575},"point_estimate":0.6140122222142628,"standard_error":0.13418096385135686}}