{"Mean":{"confidence_interval":{"confidence_level":0.95,"lower_bound":58.762386516608906,"upper_bound":58.92109980905117},"point_estimate":58.83544320671613,"standard_error":0.040624519535200944},"Median":{"confidence_interval":{"confidence_level":0.95,"lower_bound":58.690449901803824,"upper_bound":58.77284602800099},"point_estimate":58.733347729542636,"standard_error":0.020411770883028254},"MedianAbsDev":{"confidence_interval":{"confidence_level":0.95,"lower_bound":0.12215724346350344,"upper_bound":0.23317972559697722},"point_estimate":0.18147605499702144,"standard_error":0.028576824250389758},"Slope":{"confidence_interval":{"confidence_level":0.95,"lower_bound":58.73638413176096,"upper_bound":58.9921906366758},"point_estimate":58.851548461717606,"standard_error":0.06591509992617615},"StdDev":{"confidence_interval":{"confidence_level":0.95,"lower_bound":0.24731551197515683,"upper_bound":0.5418513260497693},"point_estimate":0.40724755615101277,"standard_error":0.0748940500740422}}