{"Mean":{"confidence_interval":{"confidence_level":0.95,"lower_bound":41.963718476526935,"upper_bound":42.55480261692222},"point_estimate":42.18103566175088,"standard_error":0.16482119744581425},"Median":{"confidence_interval":{"confidence_level":0.95,"lower_bound":41.894142830750944,"upper_bound":41.9472516186478},"point_estimate":41.92539626082855,"standard_error":0.01390571629106263},"MedianAbsDev":{"confidence_interval":{"confidence_level":0.95,"lower_bound":0.07551117308370306,"upper_bound":0.14013013839878885},"point_estimate":0.09907142437990825,"standard_error":0.0162929673171187},"Slope":{"confidence_interval":{"confidence_level":0.95,"lower_bound":41.98455903300964,"upper_bound":42.15941613451075},"point_estimate":42.06339444049054,"standard_error":0.04489305165521054},"StdDev":{"confidence_interval":{"confidence_level":0.95,"lower_bound":0.2353894727561089,"upper_bound":2.7924562361346803},"point_estimate":1.6545943363558233,"standard_error":0.8542416967313555}}