{"Mean":{"confidence_interval":{"confidence_level":0.95,"lower_bound":42.38428558796347,"upper_bound":42.55367861969242},"point_estimate":42.46382135191958,"standard_error":0.04329656221307163},"Median":{"confidence_interval":{"confidence_level":0.95,"lower_bound":42.31777104937489,"upper_bound":42.38377954556902},"point_estimate":42.35141574836295,"standard_error":0.015415823520800806},"MedianAbsDev":{"confidence_interval":{"confidence_level":0.95,"lower_bound":0.11595588238672266,"upper_bound":0.2026601563495522},"point_estimate":0.1530274029660911,"standard_error":0.022502789914393338},"Slope":{"confidence_interval":{"confidence_level":0.95,"lower_bound":42.37326212615514,"upper_bound":42.57348358107643},"point_estimate":42.46723630378736,"standard_error":0.05130734023370591},"StdDev":{"confidence_interval":{"confidence_level":0.95,"lower_bound":0.2999985517620953,"upper_bound":0.5501283619415944},"point_estimate":0.4356101349891903,"standard_error":0.06409876013997061}}