{"Mean":{"confidence_interval":{"confidence_level":0.95,"lower_bound":42.59691711105431,"upper_bound":42.811580796276054},"point_estimate":42.70035292704019,"standard_error":0.05480846169694434},"Median":{"confidence_interval":{"confidence_level":0.95,"lower_bound":42.43638735901843,"upper_bound":42.62053534356825},"point_estimate":42.528773990135754,"standard_error":0.04715653681121992},"MedianAbsDev":{"confidence_interval":{"confidence_level":0.95,"lower_bound":0.26156613138637747,"upper_bound":0.5069813342137837},"point_estimate":0.37841592050088013,"standard_error":0.06515172041136923},"Slope":{"confidence_interval":{"confidence_level":0.95,"lower_bound":42.44973098266918,"upper_bound":42.620811879006325},"point_estimate":42.52600841709852,"standard_error":0.04380938063226993},"StdDev":{"confidence_interval":{"confidence_level":0.95,"lower_bound":0.44364899838833005,"upper_bound":0.6442786509460537},"point_estimate":0.5506445388859122,"standard_error":0.051267281491900275}}