{"Mean":{"confidence_interval":{"confidence_level":0.95,"lower_bound":259.16354901882977,"upper_bound":264.06703153883154},"point_estimate":260.9300686659868,"standard_error":1.4314762503697867},"Median":{"confidence_interval":{"confidence_level":0.95,"lower_bound":258.65777741648947,"upper_bound":259.0761056874652},"point_estimate":258.84516836949547,"standard_error":0.1067472481678565},"MedianAbsDev":{"confidence_interval":{"confidence_level":0.95,"lower_bound":0.6641642759728278,"upper_bound":1.1518670983762007},"point_estimate":0.8987937332137677,"standard_error":0.12265444004154327},"Slope":{"confidence_interval":{"confidence_level":0.95,"lower_bound":259.19504003387027,"upper_bound":260.38812877952864},"point_estimate":259.7246930674578,"standard_error":0.3076502488818185},"StdDev":{"confidence_interval":{"confidence_level":0.95,"lower_bound":1.6509721883783965,"upper_bound":24.65782727453582},"point_estimate":14.498412665880895,"standard_error":7.981505333931387}}