{"Mean":{"confidence_interval":{"confidence_level":0.95,"lower_bound":75.37417260957801,"upper_bound":75.63631795561362},"point_estimate":75.49353066715823,"standard_error":0.06709030353323919},"Median":{"confidence_interval":{"confidence_level":0.95,"lower_bound":75.29409911869209,"upper_bound":75.43071644325664},"point_estimate":75.34032707926389,"standard_error":0.03230760416114251},"MedianAbsDev":{"confidence_interval":{"confidence_level":0.95,"lower_bound":0.1861633160858889,"upper_bound":0.3658301033086821},"point_estimate":0.2548947716701878,"standard_error":0.04794431985927451},"Slope":{"confidence_interval":{"confidence_level":0.95,"lower_bound":75.42966658163063,"upper_bound":75.68309948464469},"point_estimate":75.54534216382443,"standard_error":0.0648106372905699},"StdDev":{"confidence_interval":{"confidence_level":0.95,"lower_bound":0.3887597453579412,"upper_bound":0.9385100077541487},"point_estimate":0.6756901328426816,"standard_error":0.1428021442440713}}