{"Mean":{"confidence_interval":{"confidence_level":0.95,"lower_bound":2222.373037011298,"upper_bound":2267.9891111026586},"point_estimate":2242.438362496802,"standard_error":11.718975780709977},"Median":{"confidence_interval":{"confidence_level":0.95,"lower_bound":2203.7989471552946,"upper_bound":2210.8754374801147},"point_estimate":2205.8264654933982,"standard_error":1.7747460344545198},"MedianAbsDev":{"confidence_interval":{"confidence_level":0.95,"lower_bound":11.445233790493704,"upper_bound":20.5958131894211},"point_estimate":14.827049295461414,"standard_error":2.363034191182437},"Slope":{"confidence_interval":{"confidence_level":0.95,"lower_bound":2225.9274239202246,"upper_bound":2262.828795280664},"point_estimate":2242.760728018818,"standard_error":9.446811296414571},"StdDev":{"confidence_interval":{"confidence_level":0.95,"lower_bound":51.503229395050006,"upper_bound":176.41551465922038},"point_estimate":118.52569571444647,"standard_error":32.92690099696462}}