{"Mean":{"confidence_interval":{"confidence_level":0.95,"lower_bound":65.29931134056137,"upper_bound":65.88789061941503},"point_estimate":65.57633202817397,"standard_error":0.15081144161851673},"Median":{"confidence_interval":{"confidence_level":0.95,"lower_bound":64.9086070346882,"upper_bound":65.1745203474388},"point_estimate":64.99412182199687,"standard_error":0.06647347833371886},"MedianAbsDev":{"confidence_interval":{"confidence_level":0.95,"lower_bound":0.2521004336269898,"upper_bound":0.5712585888233407},"point_estimate":0.3599500994007102,"standard_error":0.07813503120905135},"Slope":{"confidence_interval":{"confidence_level":0.95,"lower_bound":65.50736862829048,"upper_bound":66.25503472678264},"point_estimate":65.85711010908315,"standard_error":0.19169797261074328},"StdDev":{"confidence_interval":{"confidence_level":0.95,"lower_bound":1.0202325509968153,"upper_bound":1.9272908709672505},"point_estimate":1.51829242737916,"standard_error":0.23146532320351254}}