{"Mean":{"confidence_interval":{"confidence_level":0.95,"lower_bound":64.8141024078694,"upper_bound":65.35034046928024},"point_estimate":65.05771090292619,"standard_error":0.13736093629921553},"Median":{"confidence_interval":{"confidence_level":0.95,"lower_bound":64.57024269861884,"upper_bound":64.77033392766735},"point_estimate":64.64558671666063,"standard_error":0.04572274080502714},"MedianAbsDev":{"confidence_interval":{"confidence_level":0.95,"lower_bound":0.2304673788826255,"upper_bound":0.4209083329557597},"point_estimate":0.3072056148751196,"standard_error":0.045160263630897625},"Slope":{"confidence_interval":{"confidence_level":0.95,"lower_bound":65.02784528125379,"upper_bound":65.87402677472092},"point_estimate":65.42164624793998,"standard_error":0.21642347667817907},"StdDev":{"confidence_interval":{"confidence_level":0.95,"lower_bound":0.7453845302709232,"upper_bound":1.8853269575689475},"point_estimate":1.378448692414913,"standard_error":0.29027437814693074}}