{"Mean":{"confidence_interval":{"confidence_level":0.95,"lower_bound":65.40667016842495,"upper_bound":65.96455231145198},"point_estimate":65.65959067176702,"standard_error":0.1427132069507379},"Median":{"confidence_interval":{"confidence_level":0.95,"lower_bound":65.19651398181506,"upper_bound":65.32854152004207},"point_estimate":65.2801010917021,"standard_error":0.03687978341197158},"MedianAbsDev":{"confidence_interval":{"confidence_level":0.95,"lower_bound":0.18890926851136353,"upper_bound":0.3264429285882127},"point_estimate":0.26055304634329923,"standard_error":0.034606432313960614},"Slope":{"confidence_interval":{"confidence_level":0.95,"lower_bound":65.51237174741424,"upper_bound":66.8029903760542},"point_estimate":66.10107338976267,"standard_error":0.330524118971139},"StdDev":{"confidence_interval":{"confidence_level":0.95,"lower_bound":0.7741195108763539,"upper_bound":1.9553944184356284},"point_estimate":1.4315624948963335,"standard_error":0.3003507258872011}}