{"Mean":{"confidence_interval":{"confidence_level":0.95,"lower_bound":94.52107228633271,"upper_bound":95.21207701159464},"point_estimate":94.85391568483496,"standard_error":0.1760258486750195},"Median":{"confidence_interval":{"confidence_level":0.95,"lower_bound":93.85318133966669,"upper_bound":95.3169549392856},"point_estimate":95.1448595073598,"standard_error":0.47982218197277343},"MedianAbsDev":{"confidence_interval":{"confidence_level":0.95,"lower_bound":1.329280542603786,"upper_bound":2.269686875860313},"point_estimate":1.9276996965365931,"standard_error":0.22653397414392892},"Slope":{"confidence_interval":{"confidence_level":0.95,"lower_bound":94.51734763268003,"upper_bound":95.2952051944095},"point_estimate":94.90390878739841,"standard_error":0.19920982505654708},"StdDev":{"confidence_interval":{"confidence_level":0.95,"lower_bound":1.385706913542388,"upper_bound":2.167262845070799},"point_estimate":1.7705937340729014,"standard_error":0.20199075735072614}}