{"Mean":{"confidence_interval":{"confidence_level":0.95,"lower_bound":94.43976393842146,"upper_bound":95.71305228210018},"point_estimate":94.95973818415654,"standard_error":0.3317995070510654},"Median":{"confidence_interval":{"confidence_level":0.95,"lower_bound":94.12788571050582,"upper_bound":94.38322929744832},"point_estimate":94.20153501203369,"standard_error":0.0593217928819233},"MedianAbsDev":{"confidence_interval":{"confidence_level":0.95,"lower_bound":0.3024603396285749,"upper_bound":0.619801997418451},"point_estimate":0.4589790211110002,"standard_error":0.09157760426118947},"Slope":{"confidence_interval":{"confidence_level":0.95,"lower_bound":94.47700295771851,"upper_bound":95.78441945754051},"point_estimate":95.01545835113463,"standard_error":0.338526132302827},"StdDev":{"confidence_interval":{"confidence_level":0.95,"lower_bound":1.0746845701799144,"upper_bound":5.319745236611706},"point_estimate":3.322680364749124,"standard_error":1.2790386335321042}}