{"Mean":{"confidence_interval":{"confidence_level":0.95,"lower_bound":259.48009184441446,"upper_bound":266.2028449677511},"point_estimate":262.1631503009271,"standard_error":1.76263777199528},"Median":{"confidence_interval":{"confidence_level":0.95,"lower_bound":257.2500145792729,"upper_bound":259.59917981998433},"point_estimate":258.4802079594558,"standard_error":0.7568947072112185},"MedianAbsDev":{"confidence_interval":{"confidence_level":0.95,"lower_bound":2.1190343326674306,"upper_bound":4.461554235711211},"point_estimate":3.3307801943922537,"standard_error":0.6591981693269167},"Slope":{"confidence_interval":{"confidence_level":0.95,"lower_bound":259.3322623216698,"upper_bound":273.02622221201915},"point_estimate":264.19037411532486,"standard_error":3.835721914331305},"StdDev":{"confidence_interval":{"confidence_level":0.95,"lower_bound":4.703763783834628,"upper_bound":28.96722483873004},"point_estimate":17.779228713103674,"standard_error":7.408464715383367}}