{"Mean":{"confidence_interval":{"confidence_level":0.95,"lower_bound":254.04766646334065,"upper_bound":254.8886399480771},"point_estimate":254.42966105696996,"standard_error":0.2167606547555992},"Median":{"confidence_interval":{"confidence_level":0.95,"lower_bound":253.90471094823636,"upper_bound":254.17305877305878},"point_estimate":254.02764265496012,"standard_error":0.07125265934420283},"MedianAbsDev":{"confidence_interval":{"confidence_level":0.95,"lower_bound":0.49446630129957053,"upper_bound":0.8917202125531413},"point_estimate":0.6681216590938759,"standard_error":0.10062028660274391},"Slope":{"confidence_interval":{"confidence_level":0.95,"lower_bound":254.25553338625681,"upper_bound":255.75288532341952},"point_estimate":254.92355659296697,"standard_error":0.3849660308277411},"StdDev":{"confidence_interval":{"confidence_level":0.95,"lower_bound":1.103883091640485,"upper_bound":3.0209784970221447},"point_estimate":2.168827199152109,"standard_error":0.48737817994338223}}