{"Mean":{"confidence_interval":{"confidence_level":0.95,"lower_bound":75.95156458716214,"upper_bound":76.97244529413467},"point_estimate":76.38018964297513,"standard_error":0.2637122476233469},"Median":{"confidence_interval":{"confidence_level":0.95,"lower_bound":75.6730937772745,"upper_bound":75.80980887727256},"point_estimate":75.73353412088503,"standard_error":0.0355532298431019},"MedianAbsDev":{"confidence_interval":{"confidence_level":0.95,"lower_bound":0.21959427249873248,"upper_bound":0.4262594231890528},"point_estimate":0.30371076710028216,"standard_error":0.0548653492674888},"Slope":{"confidence_interval":{"confidence_level":0.95,"lower_bound":76.05038477382821,"upper_bound":77.32085197777695},"point_estimate":76.61751032910828,"standard_error":0.32749219103342725},"StdDev":{"confidence_interval":{"confidence_level":0.95,"lower_bound":0.9558456526187976,"upper_bound":4.179347834404657},"point_estimate":2.654621300562149,"standard_error":0.9358345666332765}}