{"Mean":{"confidence_interval":{"confidence_level":0.95,"lower_bound":2227.6360655633603,"upper_bound":2238.042062704764},"point_estimate":2232.525056658014,"standard_error":2.66361668024967},"Median":{"confidence_interval":{"confidence_level":0.95,"lower_bound":2219.705968468468,"upper_bound":2235.8107113363367},"point_estimate":2228.096846846847,"standard_error":4.591975583958729},"MedianAbsDev":{"confidence_interval":{"confidence_level":0.95,"lower_bound":14.131730686224296,"upper_bound":24.92098222431524},"point_estimate":19.31296583862408,"standard_error":2.657436138275302},"Slope":{"confidence_interval":{"confidence_level":0.95,"lower_bound":2235.1511599566275,"upper_bound":2247.0280070224685},"point_estimate":2240.6932141673224,"standard_error":3.038256386736097},"StdDev":{"confidence_interval":{"confidence_level":0.95,"lower_bound":17.7054921180865,"upper_bound":35.22292273806872},"point_estimate":26.783423967051124,"standard_error":4.512730951053867}}