{"Mean":{"confidence_interval":{"confidence_level":0.95,"lower_bound":2223.1694154042193,"upper_bound":2236.027160768473},"point_estimate":2228.914265609321,"standard_error":3.304970606655192},"Median":{"confidence_interval":{"confidence_level":0.95,"lower_bound":2216.642361653548,"upper_bound":2222.1699126092385},"point_estimate":2220.310567390309,"standard_error":1.432654062496426},"MedianAbsDev":{"confidence_interval":{"confidence_level":0.95,"lower_bound":6.731968544947312,"upper_bound":12.449688299183713},"point_estimate":10.203638734480196,"standard_error":1.3734691670979151},"Slope":{"confidence_interval":{"confidence_level":0.95,"lower_bound":2218.8321009120878,"upper_bound":2242.0054149319935},"point_estimate":2228.368802632737,"standard_error":6.034914378158009},"StdDev":{"confidence_interval":{"confidence_level":0.95,"lower_bound":16.861764413201456,"upper_bound":47.613998561958006},"point_estimate":33.23230366277986,"standard_error":8.020205795725923}}