{"Mean":{"confidence_interval":{"confidence_level":0.95,"lower_bound":61.40941365940785,"upper_bound":61.72816381859826},"point_estimate":61.55246425071564,"standard_error":0.08145948369365658},"Median":{"confidence_interval":{"confidence_level":0.95,"lower_bound":61.30259009807397,"upper_bound":61.46568108116495},"point_estimate":61.41035007899343,"standard_error":0.03994942182691205},"MedianAbsDev":{"confidence_interval":{"confidence_level":0.95,"lower_bound":0.20323800702723996,"upper_bound":0.342502400890047},"point_estimate":0.2596272128477047,"standard_error":0.03651417667211926},"Slope":{"confidence_interval":{"confidence_level":0.95,"lower_bound":61.50950274760788,"upper_bound":61.73212014681741},"point_estimate":61.61043752992123,"standard_error":0.056999152458559056},"StdDev":{"confidence_interval":{"confidence_level":0.95,"lower_bound":0.4315426910412739,"upper_bound":1.1724707235150933},"point_estimate":0.8202241756483502,"standard_error":0.19394893829601148}}