{"Mean":{"confidence_interval":{"confidence_level":0.95,"lower_bound":66.00846757750118,"upper_bound":67.34475587303335},"point_estimate":66.56528835204516,"standard_error":0.34663388932925465},"Median":{"confidence_interval":{"confidence_level":0.95,"lower_bound":65.96614861471137,"upper_bound":66.1030330190767},"point_estimate":66.03531929265296,"standard_error":0.029249211391405603},"MedianAbsDev":{"confidence_interval":{"confidence_level":0.95,"lower_bound":0.18117899777126067,"upper_bound":0.3170987853667834},"point_estimate":0.24381489064747439,"standard_error":0.034670011544352695},"Slope":{"confidence_interval":{"confidence_level":0.95,"lower_bound":65.24332528951231,"upper_bound":66.4636428626293},"point_estimate":65.87232580777346,"standard_error":0.3133018791295178},"StdDev":{"confidence_interval":{"confidence_level":0.95,"lower_bound":1.2774444106151532,"upper_bound":5.550337907502152},"point_estimate":3.487154839410176,"standard_error":1.3022305559151495}}