{"Mean":{"confidence_interval":{"confidence_level":0.95,"lower_bound":34.97753832523094,"upper_bound":35.24715276170998},"point_estimate":35.1000393475816,"standard_error":0.06899225337244369},"Median":{"confidence_interval":{"confidence_level":0.95,"lower_bound":34.87203222250342,"upper_bound":34.92145174007703},"point_estimate":34.89357386938032,"standard_error":0.013560464784464783},"MedianAbsDev":{"confidence_interval":{"confidence_level":0.95,"lower_bound":0.10147245149431058,"upper_bound":0.1816298733424097},"point_estimate":0.1359461228021745,"standard_error":0.02082713952535471},"Slope":{"confidence_interval":{"confidence_level":0.95,"lower_bound":35.01110112033006,"upper_bound":35.266902248268075},"point_estimate":35.12879420488061,"standard_error":0.06518179285637739},"StdDev":{"confidence_interval":{"confidence_level":0.95,"lower_bound":0.3619800038259254,"upper_bound":0.9488060065946888},"point_estimate":0.6908888098436943,"standard_error":0.14779322993229332}}