{"Mean":{"confidence_interval":{"confidence_level":0.95,"lower_bound":50.21279722718684,"upper_bound":50.70960716592957},"point_estimate":50.44150153945081,"standard_error":0.12706514885389758},"Median":{"confidence_interval":{"confidence_level":0.95,"lower_bound":49.91740131366319,"upper_bound":50.11168608046284},"point_estimate":49.98700036545891,"standard_error":0.05176118757771215},"MedianAbsDev":{"confidence_interval":{"confidence_level":0.95,"lower_bound":0.2317454383562063,"upper_bound":0.4591967801226228},"point_estimate":0.3115516647644488,"standard_error":0.05934276659279038},"Slope":{"confidence_interval":{"confidence_level":0.95,"lower_bound":50.216669261578346,"upper_bound":50.73608769162172},"point_estimate":50.45640658321971,"standard_error":0.13236312105834275},"StdDev":{"confidence_interval":{"confidence_level":0.95,"lower_bound":0.7688079611050035,"upper_bound":1.7552860487945698},"point_estimate":1.2780836848204218,"standard_error":0.25811950063249034}}