{"Mean":{"confidence_interval":{"confidence_level":0.95,"lower_bound":50.97117582708591,"upper_bound":51.719370727235045},"point_estimate":51.30843384890541,"standard_error":0.19059999142432585},"Median":{"confidence_interval":{"confidence_level":0.95,"lower_bound":50.77603259227054,"upper_bound":51.31437582963858},"point_estimate":50.976241139642,"standard_error":0.11661164984942099},"MedianAbsDev":{"confidence_interval":{"confidence_level":0.95,"lower_bound":0.7535898802574096,"upper_bound":1.2827428955576603},"point_estimate":1.0394246256464006,"standard_error":0.12922389924287328},"Slope":{"confidence_interval":{"confidence_level":0.95,"lower_bound":50.89069305816818,"upper_bound":51.35374192183339},"point_estimate":51.10302418276606,"standard_error":0.11813710495091757},"StdDev":{"confidence_interval":{"confidence_level":0.95,"lower_bound":1.0119817142106349,"upper_bound":2.6929451849508212},"point_estimate":1.9157121935940453,"standard_error":0.44488781836360897}}