{"Mean":{"confidence_interval":{"confidence_level":0.95,"lower_bound":251.48903857693452,"upper_bound":254.74697852369377},"point_estimate":252.86074847437712,"standard_error":0.8452788410035257},"Median":{"confidence_interval":{"confidence_level":0.95,"lower_bound":250.97520815389032,"upper_bound":251.19898185597123},"point_estimate":251.0618908690035,"standard_error":0.05911202892244113},"MedianAbsDev":{"confidence_interval":{"confidence_level":0.95,"lower_bound":0.4581235581989938,"upper_bound":0.8385994126381965},"point_estimate":0.6719718086394785,"standard_error":0.0899614052901083},"Slope":{"confidence_interval":{"confidence_level":0.95,"lower_bound":251.18422890699304,"upper_bound":251.83630843055926},"point_estimate":251.4816795636523,"standard_error":0.16756820886206655},"StdDev":{"confidence_interval":{"confidence_level":0.95,"lower_bound":1.7326942360606594,"upper_bound":13.490879830017864},"point_estimate":8.526568992812823,"standard_error":3.0674049561895704}}