{"Mean":{"confidence_interval":{"confidence_level":0.95,"lower_bound":48.91164957266895,"upper_bound":49.11652938672658},"point_estimate":49.00760287912399,"standard_error":0.05228456022523535},"Median":{"confidence_interval":{"confidence_level":0.95,"lower_bound":48.81281520033044,"upper_bound":48.89711919310304},"point_estimate":48.85060996592721,"standard_error":0.020418432973948446},"MedianAbsDev":{"confidence_interval":{"confidence_level":0.95,"lower_bound":0.13653989790173335,"upper_bound":0.2588775300328192},"point_estimate":0.20470004246063472,"standard_error":0.03161425973947986},"Slope":{"confidence_interval":{"confidence_level":0.95,"lower_bound":48.848679280060054,"upper_bound":49.16742315061144},"point_estimate":48.99146146319453,"standard_error":0.08206972209859058},"StdDev":{"confidence_interval":{"confidence_level":0.95,"lower_bound":0.3566861337177463,"upper_bound":0.6612064278431629},"point_estimate":0.5241519779598394,"standard_error":0.07785404457279377}}