{"Mean":{"confidence_interval":{"confidence_level":0.95,"lower_bound":48.02914937897419,"upper_bound":48.265462077548115},"point_estimate":48.127400619099014,"standard_error":0.06141213510812047},"Median":{"confidence_interval":{"confidence_level":0.95,"lower_bound":47.94749606954592,"upper_bound":48.02060496090888},"point_estimate":47.977672475054135,"standard_error":0.017150853127566357},"MedianAbsDev":{"confidence_interval":{"confidence_level":0.95,"lower_bound":0.10774315862399203,"upper_bound":0.19356706356935355},"point_estimate":0.14383506818383687,"standard_error":0.023138553546097985},"Slope":{"confidence_interval":{"confidence_level":0.95,"lower_bound":48.01517524315359,"upper_bound":48.182351742217264},"point_estimate":48.094143430486135,"standard_error":0.04275452541218297},"StdDev":{"confidence_interval":{"confidence_level":0.95,"lower_bound":0.22824385529244928,"upper_bound":0.9764866938485004},"point_estimate":0.6141246601439095,"standard_error":0.2280946814817856}}