{"Mean":{"confidence_interval":{"confidence_level":0.95,"lower_bound":50.41487393383699,"upper_bound":50.60172210902969},"point_estimate":50.49794770973485,"standard_error":0.04791986178362802},"Median":{"confidence_interval":{"confidence_level":0.95,"lower_bound":50.350610874211995,"upper_bound":50.42836140990916},"point_estimate":50.388554199332454,"standard_error":0.023222659640086605},"MedianAbsDev":{"confidence_interval":{"confidence_level":0.95,"lower_bound":0.1342054773586293,"upper_bound":0.2683882899105214},"point_estimate":0.21346866053742938,"standard_error":0.035151321906126146},"Slope":{"confidence_interval":{"confidence_level":0.95,"lower_bound":50.400349549448784,"upper_bound":50.596216975047724},"point_estimate":50.491147651159835,"standard_error":0.050241173459594154},"StdDev":{"confidence_interval":{"confidence_level":0.95,"lower_bound":0.2526886723341612,"upper_bound":0.7069976446130593},"point_estimate":0.48075183462450033,"standard_error":0.12485369189107515}}