{"Mean":{"confidence_interval":{"confidence_level":0.95,"lower_bound":5.730496919643353,"upper_bound":5.786658608810147},"point_estimate":5.750975042103686,"standard_error":0.016111905336937873},"Median":{"confidence_interval":{"confidence_level":0.95,"lower_bound":5.724191283452575,"upper_bound":5.733742095964292},"point_estimate":5.729690388426297,"standard_error":0.002619416470278718},"MedianAbsDev":{"confidence_interval":{"confidence_level":0.95,"lower_bound":0.013314435899826036,"upper_bound":0.02096912099664642},"point_estimate":0.01783427178151297,"standard_error":0.0018855291973513871},"Slope":{"confidence_interval":{"confidence_level":0.95,"lower_bound":5.728177205175505,"upper_bound":5.742506810516788},"point_estimate":5.734787198925009,"standard_error":0.00367245355587136},"StdDev":{"confidence_interval":{"confidence_level":0.95,"lower_bound":0.02112932276782269,"upper_bound":0.2751057064970913},"point_estimate":0.1623165926702051,"standard_error":0.08696180829967988}}