{"Mean":{"confidence_interval":{"confidence_level":0.95,"lower_bound":5.39168092393815,"upper_bound":5.413910499005193},"point_estimate":5.401568541626902,"standard_error":0.005742216947645717},"Median":{"confidence_interval":{"confidence_level":0.95,"lower_bound":5.38494729888518,"upper_bound":5.395389107315782},"point_estimate":5.388445318330712,"standard_error":0.0022690121538159265},"MedianAbsDev":{"confidence_interval":{"confidence_level":0.95,"lower_bound":0.012318843776217656,"upper_bound":0.01995335741859991},"point_estimate":0.015591878902079852,"standard_error":0.0020113051739174643},"Slope":{"confidence_interval":{"confidence_level":0.95,"lower_bound":5.389728227307957,"upper_bound":5.420687270459808},"point_estimate":5.402250040180121,"standard_error":0.008156192320105489},"StdDev":{"confidence_interval":{"confidence_level":0.95,"lower_bound":0.02295050487576141,"upper_bound":0.08160757224748608},"point_estimate":0.057646906451773214,"standard_error":0.014201888819232485}}