{"Mean":{"confidence_interval":{"confidence_level":0.95,"lower_bound":247.37629564865165,"upper_bound":248.49656471578422},"point_estimate":247.84869445211032,"standard_error":0.28950615592564466},"Median":{"confidence_interval":{"confidence_level":0.95,"lower_bound":247.16243237060905,"upper_bound":247.46587241598579},"point_estimate":247.3154118627508,"standard_error":0.0688646733617685},"MedianAbsDev":{"confidence_interval":{"confidence_level":0.95,"lower_bound":0.540076099155922,"upper_bound":0.9146971031890437},"point_estimate":0.7006261666266397,"standard_error":0.09522983876802059},"Slope":{"confidence_interval":{"confidence_level":0.95,"lower_bound":247.66209183573974,"upper_bound":248.58781674356254},"point_estimate":248.09512572965085,"standard_error":0.23527566681026796},"StdDev":{"confidence_interval":{"confidence_level":0.95,"lower_bound":1.159362162063418,"upper_bound":4.566711061528503},"point_estimate":2.914745830742514,"standard_error":1.018015215346749}}