{"Mean":{"confidence_interval":{"confidence_level":0.95,"lower_bound":48.453680102635786,"upper_bound":48.83806060407457},"point_estimate":48.62922690203408,"standard_error":0.09869117894988796},"Median":{"confidence_interval":{"confidence_level":0.95,"lower_bound":48.27639334410537,"upper_bound":48.478239503566144},"point_estimate":48.372872347044535,"standard_error":0.05770838100465668},"MedianAbsDev":{"confidence_interval":{"confidence_level":0.95,"lower_bound":0.2633822601256656,"upper_bound":0.4579224986109934},"point_estimate":0.3725167549631629,"standard_error":0.04918214300955392},"Slope":{"confidence_interval":{"confidence_level":0.95,"lower_bound":48.320694379586875,"upper_bound":48.51958356612272},"point_estimate":48.411944671741864,"standard_error":0.05101230567964627},"StdDev":{"confidence_interval":{"confidence_level":0.95,"lower_bound":0.5628246959766716,"upper_bound":1.3897212772124348},"point_estimate":0.992328732422753,"standard_error":0.21621144948628346}}