{"Mean":{"confidence_interval":{"confidence_level":0.95,"lower_bound":1822.5074569007156,"upper_bound":1830.501939763934},"point_estimate":1826.1472140772678,"standard_error":2.0509561764789765},"Median":{"confidence_interval":{"confidence_level":0.95,"lower_bound":1819.4805914972274,"upper_bound":1821.3462371270134},"point_estimate":1820.6161816741483,"standard_error":0.43454906560975515},"MedianAbsDev":{"confidence_interval":{"confidence_level":0.95,"lower_bound":3.581886197231945,"upper_bound":6.49884122506279},"point_estimate":4.883632823141661,"standard_error":0.7536620731251972},"Slope":{"confidence_interval":{"confidence_level":0.95,"lower_bound":1822.4267723938574,"upper_bound":1836.6154870721093},"point_estimate":1828.663765173328,"standard_error":3.6675607952566045},"StdDev":{"confidence_interval":{"confidence_level":0.95,"lower_bound":12.545601870804877,"upper_bound":28.37999865097663},"point_estimate":20.627027984799295,"standard_error":4.151495264577507}}