{"Mean":{"confidence_interval":{"confidence_level":0.95,"lower_bound":1819.4833058403665,"upper_bound":1825.746071869134},"point_estimate":1822.4502616373388,"standard_error":1.6032436171652553},"Median":{"confidence_interval":{"confidence_level":0.95,"lower_bound":1816.0917360855715,"upper_bound":1819.3217555644233},"point_estimate":1817.420522967101,"standard_error":0.9362048743450843},"MedianAbsDev":{"confidence_interval":{"confidence_level":0.95,"lower_bound":5.283993523263638,"upper_bound":11.168752838568926},"point_estimate":7.274962498657929,"standard_error":1.6302285822400684},"Slope":{"confidence_interval":{"confidence_level":0.95,"lower_bound":1819.9842749655281,"upper_bound":1829.9853262221245},"point_estimate":1824.6655511039305,"standard_error":2.5703801666879236},"StdDev":{"confidence_interval":{"confidence_level":0.95,"lower_bound":11.934669758896781,"upper_bound":19.831728139613602},"point_estimate":16.123184021521418,"standard_error":2.023155165474525}}