{"Mean":{"confidence_interval":{"confidence_level":0.95,"lower_bound":58.62190360146889,"upper_bound":58.86462196992909},"point_estimate":58.73805425617405,"standard_error":0.06195310676853384},"Median":{"confidence_interval":{"confidence_level":0.95,"lower_bound":58.41683336626858,"upper_bound":58.67607537871974},"point_estimate":58.52569081772476,"standard_error":0.07256480566197966},"MedianAbsDev":{"confidence_interval":{"confidence_level":0.95,"lower_bound":0.25927941615600225,"upper_bound":0.4920805134309839},"point_estimate":0.3811860853297268,"standard_error":0.06038007477538784},"Slope":{"confidence_interval":{"confidence_level":0.95,"lower_bound":58.78326678066423,"upper_bound":59.151699538161225},"point_estimate":58.967577828479016,"standard_error":0.09400681872201261},"StdDev":{"confidence_interval":{"confidence_level":0.95,"lower_bound":0.4728019070460339,"upper_bound":0.7483792982379756},"point_estimate":0.6217346872614327,"standard_error":0.07026075206517404}}