{"Mean":{"confidence_interval":{"confidence_level":0.95,"lower_bound":4169.16215287499,"upper_bound":4209.425652818157},"point_estimate":4186.179269508281,"standard_error":10.412495869229103},"Median":{"confidence_interval":{"confidence_level":0.95,"lower_bound":4156.199168399168,"upper_bound":4160.195564903846},"point_estimate":4158.230702075702,"standard_error":0.9930273625546077},"MedianAbsDev":{"confidence_interval":{"confidence_level":0.95,"lower_bound":5.801634095718205,"upper_bound":11.844379662218286},"point_estimate":8.8132657820523,"standard_error":1.5027267379208855},"Slope":{"confidence_interval":{"confidence_level":0.95,"lower_bound":4177.711340353648,"upper_bound":4280.875272761089},"point_estimate":4221.703117220448,"standard_error":26.978995371463753},"StdDev":{"confidence_interval":{"confidence_level":0.95,"lower_bound":32.6309616028674,"upper_bound":163.69706477681814},"point_estimate":104.5865669989001,"standard_error":35.174097124675534}}