{"Mean":{"confidence_interval":{"confidence_level":0.95,"lower_bound":3505.7731685616977,"upper_bound":3522.717176077609},"point_estimate":3512.5336169917755,"standard_error":4.4658189775381825},"Median":{"confidence_interval":{"confidence_level":0.95,"lower_bound":3502.992180546106,"upper_bound":3507.9815371024733},"point_estimate":3504.9649007745297,"standard_error":1.1452205453008},"MedianAbsDev":{"confidence_interval":{"confidence_level":0.95,"lower_bound":7.658666010901495,"upper_bound":13.156057814781583},"point_estimate":10.520518976899133,"standard_error":1.3525575211775815},"Slope":{"confidence_interval":{"confidence_level":0.95,"lower_bound":3502.4830046424017,"upper_bound":3514.1394377373645},"point_estimate":3507.402932627211,"standard_error":3.0169255771112073},"StdDev":{"confidence_interval":{"confidence_level":0.95,"lower_bound":13.699225597958758,"upper_bound":73.12512231600749},"point_estimate":44.8739844322347,"standard_error":18.981055815215274}}