{"Mean":{"confidence_interval":{"confidence_level":0.95,"lower_bound":3805.8615013548238,"upper_bound":3825.180440123972},"point_estimate":3814.6548228957895,"standard_error":4.956720694528828},"Median":{"confidence_interval":{"confidence_level":0.95,"lower_bound":3798.282175032175,"upper_bound":3805.080634814381},"point_estimate":3801.6393120393122,"standard_error":1.8616813780892871},"MedianAbsDev":{"confidence_interval":{"confidence_level":0.95,"lower_bound":11.372237503813551,"upper_bound":20.6400092096998},"point_estimate":14.50242725922347,"standard_error":2.477265021080901},"Slope":{"confidence_interval":{"confidence_level":0.95,"lower_bound":3805.8731858501724,"upper_bound":3842.898621480285},"point_estimate":3822.259747206093,"standard_error":9.530668978200259},"StdDev":{"confidence_interval":{"confidence_level":0.95,"lower_bound":28.348903898474994,"upper_bound":68.93347205415274},"point_estimate":49.804932286336935,"standard_error":10.488796840277713}}