{"Mean":{"confidence_interval":{"confidence_level":0.95,"lower_bound":739.3320631941584,"upper_bound":752.1723348917351},"point_estimate":744.5266915918166,"standard_error":3.3528782388096863},"Median":{"confidence_interval":{"confidence_level":0.95,"lower_bound":735.7518894970028,"upper_bound":738.1829171314102},"point_estimate":736.950819436746,"standard_error":0.5077575989059111},"MedianAbsDev":{"confidence_interval":{"confidence_level":0.95,"lower_bound":3.5338213609072633,"upper_bound":6.117097477710467},"point_estimate":4.648298486156728,"standard_error":0.6801686984425238},"Slope":{"confidence_interval":{"confidence_level":0.95,"lower_bound":739.1915986356178,"upper_bound":754.3004050724873},"point_estimate":745.0508860885271,"standard_error":4.004913299049214},"StdDev":{"confidence_interval":{"confidence_level":0.95,"lower_bound":10.557841107258671,"upper_bound":54.29845449859758},"point_estimate":33.67909234899631,"standard_error":13.38697273366221}}