{"Mean":{"confidence_interval":{"confidence_level":0.95,"lower_bound":731.9732451686524,"upper_bound":737.3337414701563},"point_estimate":734.4208951922835,"standard_error":1.3708185999962905},"Median":{"confidence_interval":{"confidence_level":0.95,"lower_bound":729.7779625896057,"upper_bound":731.5276945724527},"point_estimate":730.7486765784026,"standard_error":0.49294791653001524},"MedianAbsDev":{"confidence_interval":{"confidence_level":0.95,"lower_bound":2.7934842528901687,"upper_bound":5.3164693276568515},"point_estimate":4.057973622784978,"standard_error":0.7174397813492058},"Slope":{"confidence_interval":{"confidence_level":0.95,"lower_bound":734.5328170349819,"upper_bound":744.7924401735725},"point_estimate":739.2862963599441,"standard_error":2.636081557730689},"StdDev":{"confidence_interval":{"confidence_level":0.95,"lower_bound":8.142201637814152,"upper_bound":19.06402383367539},"point_estimate":13.778411200972366,"standard_error":2.8479039107799}}