{"Mean":{"confidence_interval":{"confidence_level":0.95,"lower_bound":741.5844867497973,"upper_bound":751.2192744695834},"point_estimate":746.0753873951829,"standard_error":2.462473944605525},"Median":{"confidence_interval":{"confidence_level":0.95,"lower_bound":734.4996609403255,"upper_bound":741.9504600026099},"point_estimate":737.8739639644159,"standard_error":1.7765582958502777},"MedianAbsDev":{"confidence_interval":{"confidence_level":0.95,"lower_bound":6.604287668208256,"upper_bound":14.261070834492955},"point_estimate":10.343676192945319,"standard_error":1.8932780747616567},"Slope":{"confidence_interval":{"confidence_level":0.95,"lower_bound":744.9368384533223,"upper_bound":761.6518313574012},"point_estimate":752.7492731596748,"standard_error":4.290502733768254},"StdDev":{"confidence_interval":{"confidence_level":0.95,"lower_bound":16.29405706972679,"upper_bound":32.08271876570792},"point_estimate":24.731052342018447,"standard_error":4.034848682710408}}