{"Mean":{"confidence_interval":{"confidence_level":0.95,"lower_bound":22.84570200393359,"upper_bound":23.888392339014587},"point_estimate":23.266470727224128,"standard_error":0.27337365543957576},"Median":{"confidence_interval":{"confidence_level":0.95,"lower_bound":22.66779784202422,"upper_bound":22.7210604990349},"point_estimate":22.681338873731953,"standard_error":0.013806606654812675},"MedianAbsDev":{"confidence_interval":{"confidence_level":0.95,"lower_bound":0.06044023833470375,"upper_bound":0.1192832778780026},"point_estimate":0.08445193923574554,"standard_error":0.014921858475564025},"Slope":{"confidence_interval":{"confidence_level":0.95,"lower_bound":22.704699750004696,"upper_bound":23.112254118776228},"point_estimate":22.85068079432079,"standard_error":0.1130979135625136},"StdDev":{"confidence_interval":{"confidence_level":0.95,"lower_bound":0.5974968503791573,"upper_bound":4.454943153012547},"point_estimate":2.7475746251858966,"standard_error":1.112024951757955}}