{"Mean":{"confidence_interval":{"confidence_level":0.95,"lower_bound":22.80111770403624,"upper_bound":23.23730365899807},"point_estimate":22.979780436426662,"standard_error":0.11357589961270732},"Median":{"confidence_interval":{"confidence_level":0.95,"lower_bound":22.690125112218933,"upper_bound":22.737074574785495},"point_estimate":22.71558327925088,"standard_error":0.011800541230495473},"MedianAbsDev":{"confidence_interval":{"confidence_level":0.95,"lower_bound":0.06302794939136594,"upper_bound":0.1298113894686707},"point_estimate":0.08952597761032594,"standard_error":0.01656953764123439},"Slope":{"confidence_interval":{"confidence_level":0.95,"lower_bound":22.767962164214563,"upper_bound":22.944891344116556},"point_estimate":22.844823287969607,"standard_error":0.045729243421583805},"StdDev":{"confidence_interval":{"confidence_level":0.95,"lower_bound":0.29907124589864365,"upper_bound":1.8385615868849152},"point_estimate":1.1451452599791945,"standard_error":0.43929219806405617}}