{"Mean":{"confidence_interval":{"confidence_level":0.95,"lower_bound":22.746998715884462,"upper_bound":22.965446834410038},"point_estimate":22.843094762499348,"standard_error":0.056133925794325405},"Median":{"confidence_interval":{"confidence_level":0.95,"lower_bound":22.676831038123147,"upper_bound":22.72438388698683},"point_estimate":22.691045543024682,"standard_error":0.013646870776765399},"MedianAbsDev":{"confidence_interval":{"confidence_level":0.95,"lower_bound":0.06748218273861568,"upper_bound":0.11441772822073283},"point_estimate":0.08927088495471408,"standard_error":0.012383860372590535},"Slope":{"confidence_interval":{"confidence_level":0.95,"lower_bound":22.768880657234572,"upper_bound":23.09350583945737},"point_estimate":22.911875968237204,"standard_error":0.08432326420044602},"StdDev":{"confidence_interval":{"confidence_level":0.95,"lower_bound":0.20908846683493057,"upper_bound":0.8441217906980151},"point_estimate":0.5672526672731438,"standard_error":0.16067543321426508}}